bgc,ss_nospace,sppsplit,suitability,spp,newsuit,mod,outrange,Zone,Note
BAFAunp,BAFAunp/00,Bl,1,Bl,,,FALSE,BAFA,imputed
BAFAunp,BAFAunp/00,Hm,3,Hm,,,FALSE,BAFA,imputed
BAFAunp,BAFAunp/00,Pa,3,Pa,,,FALSE,BAFA,imputed
BGxh2,BGxh1/Fm01,Act,1,Ac,,,FALSE,BG,NA
BGxh2,BGxh1/Fm06,Act,1,Ac,,,FALSE,BG,NA
BGxh2,BGxh2/Fm01,Act,1,Ac,,,FALSE,BG,NA
BGxh2,BGxh2/Fm06,Act,1,Ac,,,FALSE,BG,NA
BGxh2,BGxh1/Fm01,At,2,At,,,FALSE,BG,NA
BGxh2,BGxh1/Fm06,At,2,At,,,FALSE,BG,NA
BGxh2,BGxh2/Fm01,At,2,At,,,FALSE,BG,NA
BGxh2,BGxh2/Fm06,At,2,At,,,FALSE,BG,NA
BGxh2,BGxh1/Fm01,Ep,2,Ep,,,FALSE,BG,NA
BGxh2,BGxh1/Fm06,Ep,2,Ep,,,FALSE,BG,NA
BGxh2,BGxh2/Fm01,Ep,2,Ep,,,FALSE,BG,NA
BGxh2,BGxh2/Fm06,Ep,2,Ep,,,FALSE,BG,NA
BGxh2,BGxh1/Fm01,Fdi,3,Fd,,,FALSE,BG,NA
BGxh2,BGxh1/Fm06,Fdi,3,Fd,,,FALSE,BG,NA
BGxh2,BGxh2/Fm01,Fdi,3,Fd,,,FALSE,BG,NA
BGxh2,BGxh2/Fm06,Fdi,3,Fd,,,FALSE,BG,NA
BGxh2,BGxh1/Fm01,Pyi,3,Py,,,FALSE,BG,NA
BGxh2,BGxh1/Fm06,Pyi,3,Py,,,FALSE,BG,NA
BGxh2,BGxh2/Fm01,Pyi,3,Py,,,FALSE,BG,NA
BGxh2,BGxh2/Fm06,Pyi,3,Py,,,FALSE,BG,NA
BGxw1,BGxw1/Fm01,Act,1,Ac,,,FALSE,BG,NA
BGxw1,BGxw1/Fm05,Act,1,Ac,,,FALSE,BG,NA
BGxw1,BGxw1/Fm01,At,2,At,,,FALSE,BG,NA
BGxw1,BGxw1/Fm05,At,2,At,,,FALSE,BG,NA
BGxw1,BGxw1/Fm01,Ep,2,Ep,,,FALSE,BG,NA
BGxw1,BGxw1/Fm05,Ep,2,Ep,,,FALSE,BG,NA
BGxw1,BGxw1/Fm01,Fdi,3,Fd,,,FALSE,BG,NA
BGxw1,BGxw1/Fm05,Fdi,3,Fd,,,FALSE,BG,NA
BGxw1,BGxw1/Fm01,Pyi,3,Py,,,FALSE,BG,NA
BGxw1,BGxw1/Fm05,Pyi,3,Py,,,FALSE,BG,NA
BWBSdk,BWBSdk/104,Ac,3,Ac,,,FALSE,BWBS,imputed
BWBSdk,BWBSdk/102,Sb,5,Sb,,,FALSE,BWBS,NA
BWBSmk,BWBSmk/111,Bl,4,Bl,,,FALSE,BWBS,imputed
BWBSmk,BWBSmk/104,Lt,2,Lt,,,FALSE,BWBS,NA
BWBSmk,BWBSmk/104a,Lt,2,Lt,,,FALSE,BWBS,NA
BWBSmk,BWBSmk/104b,Lt,2,Lt,,,FALSE,BWBS,NA
BWBSmk,BWBSmk/102,Sw,5,Sx,,,FALSE,BWBS,NA
BWBSmw,BWBSmw/104,Ac,3,Ac,,,FALSE,BWBS,imputed
BWBSmw,BWBSmw/103,Bl,3,Bl,,,FALSE,BWBS,imputed
BWBSmw,BWBSmw/104,Bl,3,Bl,,,FALSE,BWBS,imputed
BWBSmw,BWBSmw/111,Bl,3,Bl,,,FALSE,BWBS,imputed
BWBSmw,BWBSmw/103,Sb,2,Sb,,,FALSE,BWBS,imputed
BWBSmw,BWBSmw/110,Sb,5,Sb,,,FALSE,BWBS,NA
BWBSmw,BWBSmw/102,Sw,5,Sx,,,FALSE,BWBS,NA
BWBSvk,BWBSvk/h,Acb,1,Ac,,,FALSE,BWBS,NA
BWBSvk,BWBSvk/m,Acb,1,Ac,,,FALSE,BWBS,NA
BWBSvk,BWBSvk/x,At,3,At,,,FALSE,BWBS,NA
BWBSvk,BWBSvk/h,Bl,1,Bl,,,FALSE,BWBS,NA
BWBSvk,BWBSvk/m,Bl,1,Bl,,,FALSE,BWBS,NA
BWBSvk,BWBSvk/x,Bl,1,Bl,,,FALSE,BWBS,NA
BWBSvk,BWBSvk/m,Ep,2,Ep,,,FALSE,BWBS,NA
BWBSvk,BWBSvk/h,Sw,1,Sx,,,FALSE,BWBS,NA
BWBSvk,BWBSvk/m,Sw,1,Sx,,,FALSE,BWBS,NA
BWBSvk,BWBSvk/x,Sw,1,Sx,,,FALSE,BWBS,NA
BWBSwk1,BWBSwk1/101,Ac,2,Ac,,,FALSE,BWBS,imputed
BWBSwk1,BWBSwk1/110,Bl,2,Bl,,,FALSE,BWBS,imputed
BWBSwk1,BWBSwk1/111,Bl,1,Bl,,,FALSE,BWBS,imputed
BWBSwk1,BWBSwk1/101,Ep,3,Ep,,,FALSE,BWBS,imputed
BWBSwk1,BWBSwk1/111,Ep,2,Ep,,,FALSE,BWBS,imputed
BWBSwk1,BWBSwk1/111,Lt,2,Lt,,,FALSE,BWBS,NA
BWBSwk1,BWBSwk1/103,Sb,2,Sb,,,FALSE,BWBS,imputed
BWBSwk2,BWBSwk2/102,Bl,2,Bl,,,FALSE,BWBS,imputed
BWBSwk2,BWBSwk2/110,Bl,3,Bl,,,FALSE,BWBS,imputed
BWBSwk3,BWBSwk3/110,Lt,2,Lt,,,FALSE,BWBS,NA
BWBSwk3,BWBSwk3/111,Lt,2,Lt,,,FALSE,BWBS,NA
CDFmm,CDFmm/111,Bg,3,Bg,,,FALSE,CDF,imputed
CDFmm,CDFmm/Ws53,Fdi,3,Fd,,,FALSE,CDF,imputed
CDFmm,CDFmm/105,Hw,2,Hw,,,FALSE,CDF,imputed
CDFmm,CDFmm/112,Ss,3,Ss,,,FALSE,CDF,imputed
CDFmm,CDFmm/105,Tw,3,Tw,,,FALSE,CDF,imputed
CMAunp,CMAunp/00,Hm,2,Hm,,,FALSE,CMA,imputed
CMAunp,CMAunp/00,Hw,1,Hw,,,FALSE,CMA,imputed
CMAunp,CMAunp/00,Pa,3,Pa,,,FALSE,CMA,imputed
CWHdm2,CWHdm2/101,Ba,2,Ba,,,FALSE,CWH,imputed
CWHdm2,CWHdm2/112.1,Ba,3,Ba,,,FALSE,CWH,imputed
CWHdm2,CWHdm2/111,Ba,2,Ba,,,FALSE,CWH,imputed
CWHdm2,CWHdm2/104,Ba,3,Ba,,,FALSE,CWH,imputed
CWHdm2,CWHdm2/103,Cw,3,Cw,,,FALSE,CWH,imputed
CWHdm2,CWHdm2/102,Cw,3,Cw,,,FALSE,CWH,imputed
CWHdm2,CWHdm2/112.1,Ss,3,Ss,,,FALSE,CWH,imputed
CWHdm2,CWHdm2/110,Ss,2,Ss,,,FALSE,CWH,imputed
CWHdm2,CWHdm2/112.2,Ss,1,Ss,,,FALSE,CWH,imputed
CWHdm2,CWHdm2/111,Ss,3,Ss,,,FALSE,CWH,imputed
CWHdm2,CWHdm2/101,Tw,4,Tw,,,FALSE,CWH,imputed
CWHdm3,CWHdm3/112,Ba,2,Ba,,,FALSE,CWH,imputed
CWHdm3,CWHdm3/101,Ba,2,Ba,,,FALSE,CWH,imputed
CWHdm3,CWHdm3/110,Ba,3,Ba,,,FALSE,CWH,imputed
CWHdm3,CWHdm3/104,Ba,2,Ba,,,FALSE,CWH,imputed
CWHdm3,CWHdm3/110,Ss,3,Ss,,,FALSE,CWH,imputed
CWHds1,CWHds1/101,Ba,2,Ba,,,FALSE,CWH,imputed
CWHds1,CWHds1/101a,Ba,2,Ba,,,FALSE,CWH,imputed
CWHds1,CWHds1/101,Bl,2,Bl,,,FALSE,CWH,imputed
CWHds1,CWHds1/101a,Bl,2,Bl,,,FALSE,CWH,imputed
CWHds1,CWHds1/101,Hm,3,Hm,,,FALSE,CWH,imputed
CWHds1,CWHds1/101a,Hm,3,Hm,,,FALSE,CWH,imputed
CWHds1,CWHds1/101,Mv,3,Mv,,,FALSE,CWH,imputed
CWHds1,CWHds1/101a,Mv,3,Mv,,,FALSE,CWH,imputed
CWHds1,CWHds1/110,Mv,2,Mv,,,FALSE,CWH,imputed
CWHds1,CWHds1/104,Mv,1,Mv,,,FALSE,CWH,imputed
CWHds1,CWHds1/101,Ss,3,Ss,,,FALSE,CWH,imputed
CWHds1,CWHds1/101a,Ss,3,Ss,,,FALSE,CWH,imputed
CWHds1,CWHds1/101b,Tw,3,Tw,,,FALSE,CWH,imputed
CWHds1,CWHds1/110,Tw,3,Tw,,,FALSE,CWH,imputed
CWHds1,CWHds1/104,Tw,3,Tw,,,FALSE,CWH,imputed
CWHds1,CWHds1/101,Yc,2,Yc,,,FALSE,CWH,imputed
CWHds1,CWHds1/101a,Yc,2,Yc,,,FALSE,CWH,imputed
CWHds2,CWHds2/101,Ba,2,Ba,,,FALSE,CWH,imputed
CWHmm1,CWHmm1/110,Bg,3,Bg,,,FALSE,CWH,imputed
CWHmm1,CWHmm1/103,Tw,4,Tw,,,FALSE,CWH,imputed
CWHmm1,CWHmm1/101,Yc,3,Yc,,,FALSE,CWH,imputed
CWHmm1,CWHmm1/103,Yc,3,Yc,,,FALSE,CWH,imputed
CWHms3,CWHms3/103,Bl,2,Bl,,,FALSE,CWH,imputed
CWHms3,CWHms3/101,Bl,2,Bl,,,FALSE,CWH,imputed
CWHms3,CWHms3/104,Bl,4,Bl,,,FALSE,CWH,imputed
CWHms3,CWHms3/112,Hm,3,Hm,,,FALSE,CWH,imputed
CWHms3,CWHms3/104,Hm,4,Hm,,,FALSE,CWH,imputed
CWHms3,CWHms3/103,Mv,4,Mv,,,FALSE,CWH,imputed
CWHms3,CWHms3/101,Pw,3,Pw,,,FALSE,CWH,imputed
CWHms3,CWHms3/104,Sx,4,Sx,,,FALSE,CWH,imputed
CWHms3,CWHms3/104,Tw,3,Tw,,,FALSE,CWH,imputed
CWHms3,CWHms3/103,Yc,3,Yc,,,FALSE,CWH,imputed
CWHms4,CWHms4/104,Ba,3,Ba,,,FALSE,CWH,imputed
CWHms4,CWHms4/105,Bl,3,Bl,,,FALSE,CWH,imputed
CWHms4,CWHms4/112,Hm,2,Hm,,,FALSE,CWH,imputed
CWHms4,CWHms4/104,Hm,3,Hm,,,FALSE,CWH,imputed
CWHms4,CWHms4/101,Mv,2,Mv,,,FALSE,CWH,imputed
CWHms4,CWHms4/110,Mv,2,Mv,,,FALSE,CWH,imputed
CWHms4,CWHms4/104,Mv,3,Mv,,,FALSE,CWH,imputed
CWHms4,CWHms4/103,Mv,4,Mv,,,FALSE,CWH,imputed
CWHms4,CWHms4/104,Plc,2,Pl,,,FALSE,CWH,imputed
CWHms4,CWHms4/110,Tw,3,Tw,,,FALSE,CWH,imputed
CWHms4,CWHms4/105,Yc,2,Yc,,,FALSE,CWH,imputed
CWHms5,CWHms5/103.2,Bg,3,Bg,,,FALSE,CWH,imputed
CWHms5,CWHms5/103.1,Bg,2,Bg,,,FALSE,CWH,imputed
CWHms5,CWHms5/110,Bl,2,Bl,,,FALSE,CWH,imputed
CWHms5,CWHms5/103.1,Hm,2,Hm,,,FALSE,CWH,imputed
CWHms5,CWHms5/112,Hm,3,Hm,,,FALSE,CWH,imputed
CWHms5,CWHms5/101.1,Mv,3,Mv,,,FALSE,CWH,imputed
CWHms5,CWHms5/103.2,Mv,3,Mv,,,FALSE,CWH,imputed
CWHms5,CWHms5/101,Mv,1,Mv,,,FALSE,CWH,imputed
CWHms5,CWHms5/101.2,Mv,1,Mv,,,FALSE,CWH,imputed
CWHms5,CWHms5/110,Mv,3,Mv,,,FALSE,CWH,imputed
CWHms5,CWHms5/103.1,Mv,2,Mv,,,FALSE,CWH,imputed
CWHms5,CWHms5/101.2,Plc,3,Pl,,,FALSE,CWH,imputed
CWHms5,CWHms5/101.2,Ss,3,Ss,,,FALSE,CWH,imputed
CWHms5,CWHms5/102,Sx,4,Sx,,,FALSE,CWH,imputed
CWHms5,CWHms5/103.1,Tw,3,Tw,,,FALSE,CWH,imputed
CWHms5,CWHms5/101.2,Yc,2,Yc,,,FALSE,CWH,imputed
CWHms5,CWHms5/103,Yc,3,Yc,,,FALSE,CWH,imputed
CWHms5,CWHms5/103.1,Yc,3,Yc,,,FALSE,CWH,imputed
CWHms5,CWHms5/103.2,Yc,3,Yc,,,FALSE,CWH,imputed
CWHvh1,CWHvh1/103,Fdc,3,Fd,,,FALSE,CWH,imputed
CWHvh1,CWHvh1/102,Tw,4,Tw,,,FALSE,CWH,imputed
CWHvh1,CWHvh1/112,Tw,3,Tw,,,FALSE,CWH,imputed
CWHvh1,CWHvh1/103,Tw,3,Tw,,,FALSE,CWH,imputed
CWHvh1,CWHvh1/101,Tw,3,Tw,,,FALSE,CWH,imputed
CWHvh1,CWHvh1/Ws54,Tw,4,Tw,,,FALSE,CWH,imputed
CWHvh1,CWHvh1/Ws56,Tw,4,Tw,,,FALSE,CWH,imputed
CWHvh2,CWHvh2/113,Ba,3,Ba,,,FALSE,CWH,imputed
CWHvh2,CWHvh2/104,Hm,2,Hm,,,FALSE,CWH,imputed
CWHvh2,CWHvh2/105,Hm,2,Hm,,,FALSE,CWH,imputed
CWHvh2,CWHvh2/103,Hm,2,Hm,,,FALSE,CWH,imputed
CWHvh2,CWHvh2/112,Hm,3,Hm,,,FALSE,CWH,imputed
CWHvh2,CWHvh2/110,Hm,2,Hm,,,FALSE,CWH,imputed
CWHvh2,CWHvh2/102,Hm,3,Hm,,,FALSE,CWH,imputed
CWHvh2,CWHvh2/Wb53,Hm,3,Hm,,,FALSE,CWH,imputed
CWHvh2,CWHvh2/101,Tw,3,Tw,,,FALSE,CWH,imputed
CWHvh2,CWHvh2/113,Tw,4,Tw,,,FALSE,CWH,imputed
CWHvh2,CWHvh2/110,Tw,4,Tw,,,FALSE,CWH,imputed
CWHvh2,CWHvh2/112,Yc,1,Yc,,,FALSE,CWH,imputed
CWHvh3,CWHvh3/101,Ba,2,Ba,,,FALSE,CWH,imputed
CWHvh3,CWHvh3/110,Ba,1,Ba,,,FALSE,CWH,imputed
CWHvh3,CWHvh3/114,Ba,2,Ba,,,FALSE,CWH,imputed
CWHvh3,CWHvh3/105,Ba,2,Ba,,,FALSE,CWH,imputed
CWHvh3,CWHvh3/103.2,Dr,3,Dr,,,FALSE,CWH,imputed
CWHvh3,CWHvh3/106,Hm,2,Hm,,,FALSE,CWH,imputed
CWHvh3,CWHvh3/112,Hm,3,Hm,,,FALSE,CWH,imputed
CWHvh3,CWHvh3/117,Hm,2,Hm,,,FALSE,CWH,imputed
CWHvh3,CWHvh3/115,Hm,3,Hm,,,FALSE,CWH,imputed
CWHvh3,CWHvh3/105,Hm,3,Hm,,,FALSE,CWH,imputed
CWHvh3,CWHvh3/110,Hm,2,Hm,,,FALSE,CWH,imputed
CWHvh3,CWHvh3/Wb53,Hm,3,Hm,,,FALSE,CWH,imputed
CWHvh3,CWHvh3/Wb53,Hw,3,Hw,,,FALSE,CWH,imputed
CWHvh3,CWHvh3/103.1,Hw,1,Hw,,,FALSE,CWH,imputed
CWHvh3,CWHvh3/103.2,Ss,1,Ss,,,FALSE,CWH,imputed
CWHvh3,CWHvh3/103.1,Ss,2,Ss,,,FALSE,CWH,imputed
CWHvh3,CWHvh3/101a,Tw,3,Tw,,,FALSE,CWH,imputed
CWHvh3,CWHvh3/115,Tw,3,Tw,,,FALSE,CWH,imputed
CWHvh3,CWHvh3/112,Yc,1,Yc,,,FALSE,CWH,imputed
CWHvm1,CWHvm1/113,Ba,3,Ba,,,FALSE,CWH,imputed
CWHvm1,CWHvm1/102,Ba,3,Ba,,,FALSE,CWH,imputed
CWHvm1,CWHvm1/Wb51,Ba,2,Ba,,,FALSE,CWH,imputed
CWHvm1,CWHvm1/Wb55,Ba,2,Ba,,,FALSE,CWH,imputed
CWHvm1,CWHvm1/Fl51,Cw,2,Cw,,,FALSE,CWH,imputed
CWHvm1,CWHvm1/110,Ep,2,Ep,,,FALSE,CWH,imputed
CWHvm1,CWHvm1/112.2,Fdc,3,Fd,,,FALSE,CWH,imputed
CWHvm1,CWHvm1/103,Hm,2,Hm,,,FALSE,CWH,imputed
CWHvm1,CWHvm1/101,Hm,2,Hm,,,FALSE,CWH,imputed
CWHvm1,CWHvm1/111,Hm,2,Hm,,,FALSE,CWH,imputed
CWHvm1,CWHvm1/111.2,Hm,2,Hm,,,FALSE,CWH,imputed
CWHvm1,CWHvm1/112,Hm,3,Hm,,,FALSE,CWH,imputed
CWHvm1,CWHvm1/112.2,Hm,3,Hm,,,FALSE,CWH,imputed
CWHvm1,CWHvm1/112.1,Hm,2,Hm,,,FALSE,CWH,imputed
CWHvm1,CWHvm1/110,Hm,2,Hm,,,FALSE,CWH,imputed
CWHvm1,CWHvm1/105,Hm,2,Hm,,,FALSE,CWH,imputed
CWHvm1,CWHvm1/102,Hm,3,Hm,,,FALSE,CWH,imputed
CWHvm1,CWHvm1/111.1,Hm,2,Hm,,,FALSE,CWH,imputed
CWHvm1,CWHvm1/Fl51,Hm,2,Hm,,,FALSE,CWH,imputed
CWHvm1,CWHvm1/114,Hm,2,Hm,,,FALSE,CWH,imputed
CWHvm1,CWHvm1/Fl51,Hw,1,Hw,,,FALSE,CWH,imputed
CWHvm1,CWHvm1/110,Mv,3,Mv,,,FALSE,CWH,imputed
CWHvm1,CWHvm1/101,Mv,3,Mv,,,FALSE,CWH,imputed
CWHvm1,CWHvm1/Fl51,Plc,2,Pl,,,FALSE,CWH,imputed
CWHvm1,CWHvm1/111.2,Pw,3,Pw,,,FALSE,CWH,imputed
CWHvm1,CWHvm1/113,Pw,3,Pw,,,FALSE,CWH,imputed
CWHvm1,CWHvm1/101,Pw,3,Pw,,,FALSE,CWH,imputed
CWHvm1,CWHvm1/111,Pw,3,Pw,,,FALSE,CWH,imputed
CWHvm1,CWHvm1/102,Pw,3,Pw,,,FALSE,CWH,imputed
CWHvm1,CWHvm1/104,Pw,3,Pw,,,FALSE,CWH,imputed
CWHvm1,CWHvm1/103,Tw,3,Tw,,,FALSE,CWH,imputed
CWHvm1,CWHvm1/110,Tw,3,Tw,,,FALSE,CWH,imputed
CWHvm1,CWHvm1/Fl51,Tw,3,Tw,,,FALSE,CWH,imputed
CWHvm1,CWHvm1/113,Tw,4,Tw,,,FALSE,CWH,imputed
CWHvm1,CWHvm1/103,Yc,2,Yc,,,FALSE,CWH,imputed
CWHvm1,CWHvm1/101,Yc,2,Yc,,,FALSE,CWH,imputed
CWHvm1,CWHvm1/Fl51,Yc,1,Yc,,,FALSE,CWH,imputed
CWHvm1,CWHvm1/Ws54,Yc,2,Yc,,,FALSE,CWH,imputed
CWHvm1,CWHvm1/Ws56,Yc,2,Yc,,,FALSE,CWH,imputed
CWHvm1,CWHvm1/105,Yc,2,Yc,,,FALSE,CWH,imputed
CWHvm1,CWHvm1/114,Yc,2,Yc,,,FALSE,CWH,imputed
CWHvm2,CWHvm2/102,Ba,3,Ba,,,FALSE,CWH,imputed
CWHvm2,CWHvm2/101,Bl,3,Bl,,,FALSE,CWH,imputed
CWHvm2,CWHvm2/110,Bl,1,Bl,,,FALSE,CWH,imputed
CWHvm2,CWHvm2/112,Dr,2,Dr,,,FALSE,CWH,imputed
CWHvm2,CWHvm2/112.2,Dr,2,Dr,,,FALSE,CWH,imputed
CWHvm2,CWHvm2/110,Dr,4,Dr,,,FALSE,CWH,imputed
CWHvm2,CWHvm2/111.1,Pw,2,Pw,,,FALSE,CWH,imputed
CWHvm2,CWHvm2/102,Pw,3,Pw,,,FALSE,CWH,imputed
CWHvm2,CWHvm2/115,Ss,1,Ss,,,FALSE,CWH,imputed
CWHvm2,CWHvm2/111.1,Tw,3,Tw,,,FALSE,CWH,imputed
CWHvm2,CWHvm2/101,Tw,3,Tw,,,FALSE,CWH,imputed
CWHvm2,CWHvm2/112.1,Tw,4,Tw,,,FALSE,CWH,imputed
CWHvm2,CWHvm2/105,Tw,3,Tw,,,FALSE,CWH,imputed
CWHvm3,CWHvm3/Ws56,Ba,2,Ba,,,FALSE,CWH,imputed
CWHvm3,CWHvm3/Wb51,Ba,2,Ba,,,FALSE,CWH,imputed
CWHvm3,CWHvm3/Wb53,Ba,2,Ba,,,FALSE,CWH,imputed
CWHvm3,CWHvm3/113,Ba,3,Ba,,,FALSE,CWH,imputed
CWHvm3,CWHvm3/Fl51,Cw,2,Cw,,,FALSE,CWH,imputed
CWHvm3,CWHvm3/110,Ep,2,Ep,,,FALSE,CWH,imputed
CWHvm3,CWHvm3/101,Hm,2,Hm,,,FALSE,CWH,imputed
CWHvm3,CWHvm3/111,Hm,2,Hm,,,FALSE,CWH,imputed
CWHvm3,CWHvm3/111.2,Hm,2,Hm,,,FALSE,CWH,imputed
CWHvm3,CWHvm3/112,Hm,3,Hm,,,FALSE,CWH,imputed
CWHvm3,CWHvm3/112.2,Hm,3,Hm,,,FALSE,CWH,imputed
CWHvm3,CWHvm3/112.1,Hm,2,Hm,,,FALSE,CWH,imputed
CWHvm3,CWHvm3/110,Hm,2,Hm,,,FALSE,CWH,imputed
CWHvm3,CWHvm3/103,Hm,2,Hm,,,FALSE,CWH,imputed
CWHvm3,CWHvm3/104,Hm,2,Hm,,,FALSE,CWH,imputed
CWHvm3,CWHvm3/111.1,Hm,2,Hm,,,FALSE,CWH,imputed
CWHvm3,CWHvm3/102,Hm,3,Hm,,,FALSE,CWH,imputed
CWHvm3,CWHvm3/Fl51,Hm,2,Hm,,,FALSE,CWH,imputed
CWHvm3,CWHvm3/114,Hm,2,Hm,,,FALSE,CWH,imputed
CWHvm3,CWHvm3/Fl51,Hw,1,Hw,,,FALSE,CWH,imputed
CWHvm3,CWHvm3/Fl51,Plc,2,Pl,,,FALSE,CWH,imputed
CWHvm3,CWHvm3/101,Pw,3,Pw,,,FALSE,CWH,imputed
CWHvm3,CWHvm3/111,Pw,3,Pw,,,FALSE,CWH,imputed
CWHvm3,CWHvm3/111.2,Pw,3,Pw,,,FALSE,CWH,imputed
CWHvm3,CWHvm3/Fl51,Tw,3,Tw,,,FALSE,CWH,imputed
CWHvm3,CWHvm3/110,Tw,4,Tw,,,FALSE,CWH,imputed
CWHvm3,CWHvm3/113,Tw,3,Tw,,,FALSE,CWH,imputed
CWHvm3,CWHvm3/103,Yc,2,Yc,,,FALSE,CWH,imputed
CWHvm3,CWHvm3/101,Yc,2,Yc,,,FALSE,CWH,imputed
CWHvm3,CWHvm3/Fl51,Yc,1,Yc,,,FALSE,CWH,imputed
CWHvm3,CWHvm3/Ws54,Yc,2,Yc,,,FALSE,CWH,imputed
CWHvm3,CWHvm3/Ws56,Yc,2,Yc,,,FALSE,CWH,imputed
CWHvm3,CWHvm3/104,Yc,2,Yc,,,FALSE,CWH,imputed
CWHvm3,CWHvm3/114,Yc,2,Yc,,,FALSE,CWH,imputed
CWHvm4,CWHvm4/102,Ba,3,Ba,,,FALSE,CWH,imputed
CWHvm4,CWHvm4/112,Dr,2,Dr,,,FALSE,CWH,imputed
CWHvm4,CWHvm4/111,Plc,3,Pl,,,FALSE,CWH,imputed
CWHvm4,CWHvm4/111,Pw,2,Pw,,,FALSE,CWH,imputed
CWHvm4,CWHvm4/113,Pw,3,Pw,,,FALSE,CWH,imputed
CWHvm4,CWHvm4/113,Tw,4,Tw,,,FALSE,CWH,imputed
CWHwh1,CWHwh1/Wb51,Hm,2,Hm,,,FALSE,CWH,imputed
CWHwh1,CWHwh1/116,Hm,2,Hm,,,FALSE,CWH,imputed
CWHwh1,CWHwh1/101a,Hm,2,Hm,,,FALSE,CWH,imputed
CWHwh1,CWHwh1/110b,Hm,2,Hm,,,FALSE,CWH,imputed
CWHwh1,CWHwh1/101,Plc,3,Pl,,,FALSE,CWH,imputed
CWHwh1,CWHwh1/115,Tw,3,Tw,,,FALSE,CWH,imputed
CWHwh1,CWHwh1/102,Tw,3,Tw,,,FALSE,CWH,imputed
CWHwh1,CWHwh1/110a,Tw,3,Tw,,,FALSE,CWH,imputed
CWHwh1,CWHwh1/102,Yc,3,Yc,,,FALSE,CWH,imputed
CWHwh1,CWHwh1/101,Yc,3,Yc,,,FALSE,CWH,imputed
CWHwh1,CWHwh1/110b,Yc,2,Yc,,,FALSE,CWH,imputed
CWHwh1,CWHwh1/110a,Yc,2,Yc,,,FALSE,CWH,imputed
CWHwh2,CWHwh2/111,Plc,2,Pl,,,FALSE,CWH,imputed
CWHwm,CWHwm/Fm50,Yc,2,Yc,,,FALSE,CWH,imputed
CWHwm,CWHwm/101b,Yc,1,Yc,,,FALSE,CWH,imputed
CWHws2,CWHws2/102,Ac,4,Ac,,,FALSE,CWH,imputed
CWHws2,CWHws2/101,At,3,At,,,FALSE,CWH,imputed
CWHws2,CWHws2/101,Fdc,2,Fd,,,FALSE,CWH,imputed
CWHws2,CWHws2/110,Fdc,2,Fd,,,FALSE,CWH,imputed
CWHws2,CWHws2/110,Plc,4,Pl,,,FALSE,CWH,imputed
CWHws2,CWHws2/102,Sx,3,Sx,,,FALSE,CWH,imputed
CWHws2,CWHws2/110,Tw,4,Tw,,,FALSE,CWH,imputed
CWHws2,CWHws2/101,Yc,2,Yc,,,FALSE,CWH,imputed
CWHws2,CWHws2/102,Yc,1,Yc,,,FALSE,CWH,imputed
CWHws3,CWHws3/102,Hm,3,Hm,,,FALSE,CWH,imputed
CWHws3,CWHws3/101,Hm,2,Hm,,,FALSE,CWH,imputed
CWHws3,CWHws3/103,Hm,2,Hm,,,FALSE,CWH,imputed
CWHws3,CWHws3/Fm50,Hw,1,Hw,,,FALSE,CWH,imputed
CWHws3,CWHws3/101,Ss,2,Ss,,,FALSE,CWH,imputed
CWHws3,CWHws3/101,Yc,2,Yc,,,FALSE,CWH,imputed
CWHws3,CWHws3/103,Yc,2,Yc,,,FALSE,CWH,imputed
CWHxs,CWHxs/101.2,Ba,4,Ba,,,FALSE,CWH,imputed
CWHxs,CWHxs/101.1,Ba,4,Ba,,,FALSE,CWH,imputed
CWHxs,CWHxs/101,Bl,3,Bl,,,FALSE,CWH,imputed
CWHxs,CWHxs/101.1,Bl,4,Bl,,,FALSE,CWH,imputed
CWHxs,CWHxs/103,Ep,3,Ep,,,FALSE,CWH,imputed
CWHxs,CWHxs/103.1,Ep,3,Ep,,,FALSE,CWH,imputed
CWHxs,CWHxs/101,Mb,3,Mb,,,FALSE,CWH,imputed
CWHxs,CWHxs/101,Mv,2,Mv,,,FALSE,CWH,imputed
CWHxs,CWHxs/111,Mv,3,Mv,,,FALSE,CWH,imputed
CWHxs,CWHxs/101.2,Mv,3,Mv,,,FALSE,CWH,imputed
CWHxs,CWHxs/110,Mv,1,Mv,,,FALSE,CWH,imputed
CWHxs,CWHxs/101,Plc,3,Pl,,,FALSE,CWH,imputed
CWHxs,CWHxs/101.1,Plc,2,Pl,,,FALSE,CWH,imputed
ESSFdc2,ESSFdc2/101,At,3,At,,,FALSE,ESSF,imputed
ESSFdc2,ESSFdc2/101,Ba,2,Ba,,,FALSE,ESSF,imputed
ESSFdc2,ESSFdc2/101,Fdi,3,Fd,,,FALSE,ESSF,imputed
ESSFdc2,ESSFdc2/112,Pli,2,Pl,,,FALSE,ESSF,NA
ESSFdc3,ESSFdc3/05,Fdi,3,Fd,,,FALSE,ESSF,imputed
ESSFdc3,ESSFdc3/02,Fdi,3,Fd,,,FALSE,ESSF,imputed
ESSFdcp,ESSFdcp/00,Bl,3,Bl,,,FALSE,ESSF,NA
ESSFdcw,ESSFdcw/102,La,2,La,,,FALSE,ESSF,NA
ESSFdcw,ESSFdcw/103,La,3,La,,,FALSE,ESSF,NA
ESSFdh1,ESSFdh1/104,Hw,3,Hw,,,FALSE,ESSF,imputed
ESSFdh1,ESSFdh1/104,Pw,3,Pw,,,FALSE,ESSF,imputed
ESSFdh1,ESSFdh1/101,Pw,3,Pw,,,FALSE,ESSF,imputed
ESSFdk1,ESSFdk1/103,Pf,3,Pf,,,FALSE,ESSF,NA
ESSFdk2,ESSFdk2/101,Bl,1,Bl,,,FALSE,ESSF,NA
ESSFdk2,ESSFdk2/102,Bl,3,Bl,,,FALSE,ESSF,NA
ESSFdk2,ESSFdk2/103,Bl,2,Bl,,,FALSE,ESSF,NA
ESSFdk2,ESSFdk2/104,Bl,2,Bl,,,FALSE,ESSF,NA
ESSFdk2,ESSFdk2/110,Bl,2,Bl,,,FALSE,ESSF,NA
ESSFdk2,ESSFdk2/111,Bl,2,Bl,,,FALSE,ESSF,NA
ESSFdk2,ESSFdk2/112,Bl,2,Bl,,,FALSE,ESSF,NA
ESSFdk2,ESSFdk2/101,Fdi,3,Fd,,,FALSE,ESSF,NA
ESSFdk2,ESSFdk2/102,Fdi,2,Fd,,,FALSE,ESSF,NA
ESSFdk2,ESSFdk2/103,Fdi,2,Fd,,,FALSE,ESSF,NA
ESSFdk2,ESSFdk2/104,Fdi,2,Fd,,,FALSE,ESSF,NA
ESSFdk2,ESSFdk2/111,Hw,4,Hw,,,FALSE,ESSF,imputed
ESSFdk2,ESSFdk2/101,Lw,3,Lw,,,FALSE,ESSF,NA
ESSFdk2,ESSFdk2/102,Lw,3,Lw,,,FALSE,ESSF,NA
ESSFdk2,ESSFdk2/103,Lw,3,Lw,,,FALSE,ESSF,NA
ESSFdk2,ESSFdk2/104,Lw,3,Lw,,,FALSE,ESSF,NA
ESSFdk2,ESSFdk2/101,Pa,3,Pa,,,FALSE,ESSF,NA
ESSFdk2,ESSFdk2/102,Pa,2,Pa,,,FALSE,ESSF,NA
ESSFdk2,ESSFdk2/103,Pa,2,Pa,,,FALSE,ESSF,NA
ESSFdk2,ESSFdk2/104,Pa,3,Pa,,,FALSE,ESSF,NA
ESSFdk2,ESSFdk2/102,Pf,3,Pf,,,FALSE,ESSF,NA
ESSFdk2,ESSFdk2/103,Pf,3,Pf,,,FALSE,ESSF,NA
ESSFdk2,ESSFdk2/111,Pli,2,Pl,,,FALSE,ESSF,imputed
ESSFdk2,ESSFdk2/101,Pli,2,Pl,,,FALSE,ESSF,NA
ESSFdk2,ESSFdk2/102,Pli,2,Pl,,,FALSE,ESSF,NA
ESSFdk2,ESSFdk2/103,Pli,1,Pl,,,FALSE,ESSF,NA
ESSFdk2,ESSFdk2/104,Pli,2,Pl,,,FALSE,ESSF,NA
ESSFdk2,ESSFdk2/112,Pli,3,Pl,,,FALSE,ESSF,NA
ESSFdk2,ESSFdk2/101,Se,1,Sx,,,FALSE,ESSF,NA
ESSFdk2,ESSFdk2/102,Se,2,Sx,,,FALSE,ESSF,NA
ESSFdk2,ESSFdk2/103,Se,2,Sx,,,FALSE,ESSF,NA
ESSFdk2,ESSFdk2/104,Se,1,Sx,,,FALSE,ESSF,NA
ESSFdk2,ESSFdk2/110,Se,1,Sx,,,FALSE,ESSF,NA
ESSFdk2,ESSFdk2/111,Se,1,Sx,,,FALSE,ESSF,NA
ESSFdk2,ESSFdk2/112,Se,2,Sx,,,FALSE,ESSF,NA
ESSFdkp,ESSFdkp/00,Bl,3,Bl,,,FALSE,ESSF,NA
ESSFdkp,ESSFdkp/00,Pli,3,Pl,,,FALSE,ESSF,imputed
ESSFdkw,ESSFdkw/101,Bl,2,Bl,,,FALSE,ESSF,NA
ESSFdkw,ESSFdkw/102,Bl,2,Bl,,,FALSE,ESSF,NA
ESSFdkw,ESSFdkw/103,Bl,2,Bl,,,FALSE,ESSF,NA
ESSFdkw,ESSFdkw/110,Bl,2,Bl,,,FALSE,ESSF,NA
ESSFdkw,ESSFdkw/102,La,2,La,,,FALSE,ESSF,NA
ESSFdkw,ESSFdkw/103,La,2,La,,,FALSE,ESSF,NA
ESSFdkw,ESSFdkw/101,Pa,3,Pa,,,FALSE,ESSF,imputed
ESSFdkw,ESSFdkw/102,Pa,3,Pa,,,FALSE,ESSF,NA
ESSFdkw,ESSFdkw/103,Pa,3,Pa,,,FALSE,ESSF,NA
ESSFdkw,ESSFdkw/101,Pli,3,Pl,,,FALSE,ESSF,NA
ESSFdkw,ESSFdkw/102,Pli,3,Pl,,,FALSE,ESSF,NA
ESSFdkw,ESSFdkw/103,Pli,3,Pl,,,FALSE,ESSF,NA
ESSFdkw,ESSFdkw/101,Se,2,Sx,,,FALSE,ESSF,NA
ESSFdkw,ESSFdkw/102,Se,3,Sx,,,FALSE,ESSF,NA
ESSFdkw,ESSFdkw/103,Se,2,Sx,,,FALSE,ESSF,NA
ESSFdkw,ESSFdkw/110,Se,2,Sx,,,FALSE,ESSF,NA
ESSFdvp,ESSFdvp/00,Bl,3,Bl,,,FALSE,ESSF,NA
ESSFdvw,ESSFdvw/02,At,3,At,,,FALSE,ESSF,NA
ESSFdvw,ESSFdvw/01,Bl,2,Bl,,,FALSE,ESSF,NA
ESSFdvw,ESSFdvw/02,Bl,3,Bl,,,FALSE,ESSF,NA
ESSFdvw,ESSFdvw/03,Bl,3,Bl,,,FALSE,ESSF,NA
ESSFdvw,ESSFdvw/04,Bl,3,Bl,,,FALSE,ESSF,NA
ESSFdvw,ESSFdvw/05,Bl,2,Bl,,,FALSE,ESSF,NA
ESSFdvw,ESSFdvw/06,Bl,2,Bl,,,FALSE,ESSF,NA
ESSFdvw,ESSFdvw/04,Fdi,5,Fd,,,FALSE,ESSF,NA
ESSFdvw,ESSFdvw/02,Hm,2,Hm,,,FALSE,ESSF,NA
ESSFdvw,ESSFdvw/01,Pa,2,Pa,,,FALSE,ESSF,NA
ESSFdvw,ESSFdvw/02,Pa,2,Pa,,,FALSE,ESSF,NA
ESSFdvw,ESSFdvw/03,Pa,2,Pa,,,FALSE,ESSF,NA
ESSFdvw,ESSFdvw/04,Pa,2,Pa,,,FALSE,ESSF,NA
ESSFdvw,ESSFdvw/06,Pa,3,Pa,,,FALSE,ESSF,NA
ESSFdvw,ESSFdvw/01,Pli,3,Pl,,,FALSE,ESSF,NA
ESSFdvw,ESSFdvw/02,Pli,2,Pl,,,FALSE,ESSF,NA
ESSFdvw,ESSFdvw/03,Pli,2,Pl,,,FALSE,ESSF,NA
ESSFdvw,ESSFdvw/04,Pli,2,Pl,,,FALSE,ESSF,NA
ESSFdvw,ESSFdvw/06,Pli,1,Pl,,,FALSE,ESSF,NA
ESSFdvw,ESSFdvw/01,Se,2,Sx,,,FALSE,ESSF,NA
ESSFdvw,ESSFdvw/02,Se,3,Sx,,,FALSE,ESSF,NA
ESSFdvw,ESSFdvw/03,Se,3,Sx,,,FALSE,ESSF,NA
ESSFdvw,ESSFdvw/04,Se,2,Sx,,,FALSE,ESSF,NA
ESSFdvw,ESSFdvw/05,Se,2,Sx,,,FALSE,ESSF,NA
ESSFdvw,ESSFdvw/06,Se,2,Sx,,,FALSE,ESSF,NA
ESSFmc,ESSFmc/03,Ac,4,Ac,,,FALSE,ESSF,imputed
ESSFmc,ESSFmc/02,At,3,At,,,FALSE,ESSF,imputed
ESSFmc,ESSFmc/09,Pli,4,Pl,,,FALSE,ESSF,imputed
ESSFmc,ESSFmc/08,Pli,3,Pl,,,FALSE,ESSF,imputed
ESSFmc,ESSFmc/10,Pli,3,Pl,,,FALSE,ESSF,imputed
ESSFmcw,ESSFmcw/110,Sx,3,Sx,,,FALSE,ESSF,imputed
ESSFmh,ESSFmh/112.1,Act,3,Ac,,,FALSE,ESSF,NA
ESSFmh,ESSFmh/112.2,Act,3,Ac,,,FALSE,ESSF,NA
ESSFmh,ESSFmh/103,At,3,At,,,FALSE,ESSF,imputed
ESSFmh,ESSFmh/112.1,Bl,2,Bl,,,FALSE,ESSF,NA
ESSFmh,ESSFmh/112.2,Bl,2,Bl,,,FALSE,ESSF,NA
ESSFmh,ESSFmh/111,Ep,3,Ep,,,FALSE,ESSF,imputed
ESSFmh,ESSFmh/110,Fdi,3,Fd,,,FALSE,ESSF,imputed
ESSFmh,ESSFmh/110,Lw,3,Lw,,,FALSE,ESSF,imputed
ESSFmh,ESSFmh/111,Lw,3,Lw,,,FALSE,ESSF,imputed
ESSFmh,ESSFmh/112.1,Sxw,1,Sx,,,FALSE,ESSF,NA
ESSFmh,ESSFmh/112.2,Sxw,1,Sx,,,FALSE,ESSF,NA
ESSFmkw,ESSFmkw/102,Ba,2,Ba,,,FALSE,ESSF,imputed
ESSFmkw,ESSFmkw/101,Ba,3,Ba,,,FALSE,ESSF,imputed
ESSFmm1,ESSFmm1/01,Hw,3,Hw,,,FALSE,ESSF,imputed
ESSFmm3,ESSFmm3/101,Bl,1,Bl,,,FALSE,ESSF,NA
ESSFmm3,ESSFmm3/102,Bl,3,Bl,,,FALSE,ESSF,NA
ESSFmm3,ESSFmm3/103,Bl,2,Bl,,,FALSE,ESSF,NA
ESSFmm3,ESSFmm3/104,Bl,2,Bl,,,FALSE,ESSF,NA
ESSFmm3,ESSFmm3/110,Bl,2,Bl,,,FALSE,ESSF,NA
ESSFmm3,ESSFmm3/111,Bl,2,Bl,,,FALSE,ESSF,NA
ESSFmm3,ESSFmm3/112,Bl,2,Bl,,,FALSE,ESSF,NA
ESSFmm3,ESSFmm3/102,Fdi,2,Fd,,,FALSE,ESSF,NA
ESSFmm3,ESSFmm3/103,Fdi,2,Fd,,,FALSE,ESSF,NA
ESSFmm3,ESSFmm3/103,Hw,3,Hw,,,FALSE,ESSF,imputed
ESSFmm3,ESSFmm3/110,Hw,3,Hw,,,FALSE,ESSF,imputed
ESSFmm3,ESSFmm3/102,Pa,3,Pa,,,FALSE,ESSF,NA
ESSFmm3,ESSFmm3/103,Pa,3,Pa,,,FALSE,ESSF,NA
ESSFmm3,ESSFmm3/104,Pa,3,Pa,,,FALSE,ESSF,NA
ESSFmm3,ESSFmm3/101,Pli,3,Pl,,,FALSE,ESSF,NA
ESSFmm3,ESSFmm3/102,Pli,2,Pl,,,FALSE,ESSF,NA
ESSFmm3,ESSFmm3/103,Pli,2,Pl,,,FALSE,ESSF,NA
ESSFmm3,ESSFmm3/104,Pli,3,Pl,,,FALSE,ESSF,NA
ESSFmm3,ESSFmm3/101,Sxw,1,Sx,,,FALSE,ESSF,NA
ESSFmm3,ESSFmm3/102,Sxw,2,Sx,,,FALSE,ESSF,NA
ESSFmm3,ESSFmm3/103,Sxw,1,Sx,,,FALSE,ESSF,NA
ESSFmm3,ESSFmm3/104,Sxw,1,Sx,,,FALSE,ESSF,NA
ESSFmm3,ESSFmm3/110,Sxw,1,Sx,,,FALSE,ESSF,NA
ESSFmm3,ESSFmm3/111,Sxw,1,Sx,,,FALSE,ESSF,NA
ESSFmm3,ESSFmm3/112,Sxw,2,Sx,,,FALSE,ESSF,NA
ESSFmmp,ESSFmmp/00,Bl,3,Bl,,,FALSE,ESSF,NA
ESSFmmp,ESSFmmp/00,La,3,La,,,FALSE,ESSF,imputed
ESSFmmw,ESSFmmw/01,Bl,2,Bl,,,FALSE,ESSF,NA
ESSFmmw,ESSFmmw/02,Bl,3,Bl,,,FALSE,ESSF,NA
ESSFmmw,ESSFmmw/03,Bl,2,Bl,,,FALSE,ESSF,NA
ESSFmmw,ESSFmmw/04,Bl,2,Bl,,,FALSE,ESSF,NA
ESSFmmw,ESSFmmw/05,Bl,2,Bl,,,FALSE,ESSF,NA
ESSFmmw,ESSFmmw/06,Bl,2,Bl,,,FALSE,ESSF,NA
ESSFmmw,ESSFmmw/07,Bl,2,Bl,,,FALSE,ESSF,NA
ESSFmmw,ESSFmmw/01,Pli,3,Pl,,,FALSE,ESSF,NA
ESSFmmw,ESSFmmw/02,Pli,3,Pl,,,FALSE,ESSF,NA
ESSFmmw,ESSFmmw/03,Pli,3,Pl,,,FALSE,ESSF,NA
ESSFmmw,ESSFmmw/04,Pli,3,Pl,,,FALSE,ESSF,NA
ESSFmmw,ESSFmmw/05,Pli,3,Pl,,,FALSE,ESSF,NA
ESSFmmw,ESSFmmw/06,Pli,3,Pl,,,FALSE,ESSF,NA
ESSFmmw,ESSFmmw/07,Pli,3,Pl,,,FALSE,ESSF,NA
ESSFmmw,ESSFmmw/01,Sxw,2,Sx,,,FALSE,ESSF,NA
ESSFmmw,ESSFmmw/02,Sxw,3,Sx,,,FALSE,ESSF,NA
ESSFmmw,ESSFmmw/03,Sxw,2,Sx,,,FALSE,ESSF,NA
ESSFmmw,ESSFmmw/04,Sxw,2,Sx,,,FALSE,ESSF,NA
ESSFmmw,ESSFmmw/05,Sxw,2,Sx,,,FALSE,ESSF,NA
ESSFmmw,ESSFmmw/06,Sxw,2,Sx,,,FALSE,ESSF,NA
ESSFmmw,ESSFmmw/07,Sxw,2,Sx,,,FALSE,ESSF,NA
ESSFmv3,ESSFmv3/01,At,1,At,,,FALSE,ESSF,imputed
ESSFmw,ESSFmw/08,Ba,3,Ba,,,FALSE,ESSF,NA
ESSFmw,ESSFmw/01,Bl,1,Bl,,,FALSE,ESSF,NA
ESSFmw,ESSFmw/02,Bl,3,Bl,,,FALSE,ESSF,NA
ESSFmw,ESSFmw/03,Bl,3,Bl,,,FALSE,ESSF,NA
ESSFmw,ESSFmw/04,Bl,3,Bl,,,FALSE,ESSF,NA
ESSFmw,ESSFmw/05,Bl,2,Bl,,,FALSE,ESSF,NA
ESSFmw,ESSFmw/06,Bl,1,Bl,,,FALSE,ESSF,NA
ESSFmw,ESSFmw/07,Bl,1,Bl,,,FALSE,ESSF,NA
ESSFmw,ESSFmw/08,Bl,3,Bl,,,FALSE,ESSF,NA
ESSFmw,ESSFmw/03,Hm,2,Hm,,,FALSE,ESSF,imputed
ESSFmw,ESSFmw/07,Hw,3,Hw,,,FALSE,ESSF,NA
ESSFmw,ESSFmw/03,Lw,3,Lw,,,TRUE,ESSF,NA
ESSFmw,ESSFmw/02,Pa,3,Pa,,,FALSE,ESSF,NA
ESSFmw,ESSFmw/03,Pa,3,Pa,,,FALSE,ESSF,NA
ESSFmw1,ESSFmw1/103,Ba,3,Ba,,,FALSE,ESSF,imputed
ESSFmw1,ESSFmw1/110,Ba,2,Ba,,,FALSE,ESSF,imputed
ESSFmw1,ESSFmw1/103,Pa,3,Pa,,,FALSE,ESSF,imputed
ESSFmw1,ESSFmw1/105,Pw,3,Pw,,,FALSE,ESSF,imputed
ESSFmw2,ESSFmw2/06,Pli,3,Pl,,,FALSE,ESSF,NA
ESSFmw2,ESSFmw2/07,Pli,3,Pl,,,FALSE,ESSF,NA
ESSFmwp,ESSFmwp/00,Bl,3,Bl,,,FALSE,ESSF,NA
ESSFmwp,ESSFmwp/00,La,2,La,,,FALSE,ESSF,imputed
ESSFmww,ESSFmww/103,Pa,3,Pa,,,FALSE,ESSF,imputed
ESSFun,ESSFun/x,Hm,3,Hm,,,FALSE,ESSF,imputed
ESSFun,ESSFun/m,Plc,3,Pl,,,FALSE,ESSF,imputed
ESSFun,ESSFun/x,Plc,3,Pl,,,FALSE,ESSF,imputed
ESSFun,ESSFun/h,Ss,2,Ss,,,FALSE,ESSF,imputed
ESSFun,ESSFun/m,Sx,3,Sx,,,FALSE,ESSF,imputed
ESSFun,ESSFun/h,Sx,3,Sx,,,FALSE,ESSF,imputed
ESSFvc,ESSFvc/01,Bl,1,Bl,,,FALSE,ESSF,NA
ESSFvc,ESSFvc/02,Bl,2,Bl,,,FALSE,ESSF,NA
ESSFvc,ESSFvc/03,Bl,1,Bl,,,FALSE,ESSF,NA
ESSFvc,ESSFvc/04,Bl,1,Bl,,,FALSE,ESSF,NA
ESSFvc,ESSFvc/05,Bl,1,Bl,,,FALSE,ESSF,NA
ESSFvc,ESSFvc/01,Cw,3,Cw,,,FALSE,ESSF,imputed
ESSFvc,ESSFvc/01,Fdi,2,Fd,,,FALSE,ESSF,imputed
ESSFvc,ESSFvc/01,Hm,2,Hm,,,FALSE,ESSF,NA
ESSFvc,ESSFvc/02,Hm,3,Hm,,,FALSE,ESSF,NA
ESSFvc,ESSFvc/03,Hm,2,Hm,,,FALSE,ESSF,NA
ESSFvc,ESSFvc/04,Hm,2,Hm,,,FALSE,ESSF,NA
ESSFvc,ESSFvc/05,Hm,2,Hm,,,FALSE,ESSF,NA
ESSFvc,ESSFvc/01,Hw,2,Hw,,,FALSE,ESSF,imputed
ESSFvc,ESSFvc/01,Pli,1,Pl,,,FALSE,ESSF,imputed
ESSFvc,ESSFvc/02,Pli,4,Pl,,,FALSE,ESSF,NA
ESSFvc,ESSFvc/01,Se,1,Sx,,,FALSE,ESSF,NA
ESSFvc,ESSFvc/02,Se,2,Sx,,,FALSE,ESSF,NA
ESSFvc,ESSFvc/03,Se,1,Sx,,,FALSE,ESSF,NA
ESSFvc,ESSFvc/04,Se,1,Sx,,,FALSE,ESSF,NA
ESSFvc,ESSFvc/05,Se,1,Sx,,,FALSE,ESSF,NA
ESSFvcp,ESSFvcp/00,Bl,3,Bl,,,FALSE,ESSF,NA
ESSFvcp,ESSFvcp/00,Sx,3,Sx,,,FALSE,ESSF,imputed
ESSFvcw,ESSFvcw/01,Bl,2,Bl,,,FALSE,ESSF,NA
ESSFvcw,ESSFvcw/02,Bl,3,Bl,,,FALSE,ESSF,NA
ESSFvcw,ESSFvcw/03,Bl,2,Bl,,,FALSE,ESSF,NA
ESSFvcw,ESSFvcw/04,Bl,2,Bl,,,FALSE,ESSF,NA
ESSFvcw,ESSFvcw/05,Bl,2,Bl,,,FALSE,ESSF,NA
ESSFvcw,ESSFvcw/01,Hm,3,Hm,,,FALSE,ESSF,NA
ESSFvcw,ESSFvcw/02,Hm,3,Hm,,,FALSE,ESSF,NA
ESSFvcw,ESSFvcw/03,Hm,3,Hm,,,FALSE,ESSF,NA
ESSFvcw,ESSFvcw/04,Hm,3,Hm,,,FALSE,ESSF,NA
ESSFvcw,ESSFvcw/05,Hm,3,Hm,,,FALSE,ESSF,NA
ESSFvcw,ESSFvcw/02,Pli,5,Pl,,,FALSE,ESSF,NA
ESSFvcw,ESSFvcw/01,Se,2,Sx,,,FALSE,ESSF,NA
ESSFvcw,ESSFvcw/02,Se,3,Sx,,,FALSE,ESSF,NA
ESSFvcw,ESSFvcw/03,Se,2,Sx,,,FALSE,ESSF,NA
ESSFvcw,ESSFvcw/04,Se,2,Sx,,,FALSE,ESSF,NA
ESSFvcw,ESSFvcw/05,Se,2,Sx,,,FALSE,ESSF,NA
ESSFwc2,ESSFwc2/02,Fdi,3,Fd,,,FALSE,ESSF,imputed
ESSFwc2,ESSFwc2/05,Hw,3,Hw,,,FALSE,ESSF,imputed
ESSFwc2,ESSFwc2/01,Hw,3,Hw,,,FALSE,ESSF,imputed
ESSFwc3,ESSFwc3/03,Ac,3,Ac,,,FALSE,ESSF,imputed
ESSFwc3,ESSFwc3/02,Ac,4,Ac,,,FALSE,ESSF,imputed
ESSFwc3,ESSFwc3/03,Pli,3,Pl,,,FALSE,ESSF,imputed
ESSFwc4,ESSFwc4/101,Bl,1,Bl,,,FALSE,ESSF,NA
ESSFwc4,ESSFwc4/102,Bl,2,Bl,,,FALSE,ESSF,NA
ESSFwc4,ESSFwc4/103,Bl,1,Bl,,,FALSE,ESSF,NA
ESSFwc4,ESSFwc4/110,Bl,1,Bl,,,FALSE,ESSF,NA
ESSFwc4,ESSFwc4/111,Bl,1,Bl,,,FALSE,ESSF,NA
ESSFwc4,ESSFwc4/102,Cw,4,Cw,,,FALSE,ESSF,imputed
ESSFwc4,ESSFwc4/103,Cw,4,Cw,,,FALSE,ESSF,imputed
ESSFwc4,ESSFwc4/101,Hw,3,Hw,,,FALSE,ESSF,NA
ESSFwc4,ESSFwc4/102,La,3,La,,,FALSE,ESSF,NA
ESSFwc4,ESSFwc4/103,La,3,La,,,FALSE,ESSF,NA
ESSFwc4,ESSFwc4/102,Pa,2,Pa,,,FALSE,ESSF,NA
ESSFwc4,ESSFwc4/103,Pa,2,Pa,,,FALSE,ESSF,NA
ESSFwc4,ESSFwc4/101,Pli,3,Pl,,,FALSE,ESSF,NA
ESSFwc4,ESSFwc4/102,Pli,2,Pl,,,FALSE,ESSF,NA
ESSFwc4,ESSFwc4/103,Pli,2,Pl,,,FALSE,ESSF,NA
ESSFwc4,ESSFwc4/101,Se,1,Sx,,,FALSE,ESSF,NA
ESSFwc4,ESSFwc4/102,Se,2,Sx,,,FALSE,ESSF,NA
ESSFwc4,ESSFwc4/103,Se,1,Sx,,,FALSE,ESSF,NA
ESSFwc4,ESSFwc4/110,Se,1,Sx,,,FALSE,ESSF,NA
ESSFwc4,ESSFwc4/111,Se,1,Sx,,,FALSE,ESSF,NA
ESSFwcp,ESSFwcp/00,Bl,3,Bl,,,FALSE,ESSF,NA
ESSFwcp,ESSFwcp/00,Ep,3,Ep,,,FALSE,ESSF,imputed
ESSFwcp,ESSFwcp/00,Fdi,2,Fd,,,FALSE,ESSF,imputed
ESSFwcw,ESSFwcw/101,Bl,1,Bl,,,FALSE,ESSF,NA
ESSFwcw,ESSFwcw/102,Bl,3,Bl,,,FALSE,ESSF,NA
ESSFwcw,ESSFwcw/103,Bl,1,Bl,,,FALSE,ESSF,NA
ESSFwcw,ESSFwcw/104,Bl,1,Bl,,,FALSE,ESSF,NA
ESSFwcw,ESSFwcw/110,Bl,1,Bl,,,FALSE,ESSF,NA
ESSFwcw,ESSFwcw/102,La,3,La,,,FALSE,ESSF,NA
ESSFwcw,ESSFwcw/103,La,3,La,,,FALSE,ESSF,NA
ESSFwcw,ESSFwcw/104,La,3,La,,,FALSE,ESSF,NA
ESSFwcw,ESSFwcw/101,Pa,3,Pa,,,FALSE,ESSF,NA
ESSFwcw,ESSFwcw/102,Pa,2,Pa,,,FALSE,ESSF,NA
ESSFwcw,ESSFwcw/103,Pa,2,Pa,,,FALSE,ESSF,NA
ESSFwcw,ESSFwcw/104,Pa,3,Pa,,,FALSE,ESSF,NA
ESSFwcw,ESSFwcw/103,Pli,3,Pl,,,FALSE,ESSF,imputed
ESSFwcw,ESSFwcw/102,Pli,3,Pl,,,FALSE,ESSF,NA
ESSFwcw,ESSFwcw/101,Se,2,Sx,,,FALSE,ESSF,NA
ESSFwcw,ESSFwcw/102,Se,3,Sx,,,FALSE,ESSF,NA
ESSFwcw,ESSFwcw/103,Se,2,Sx,,,FALSE,ESSF,NA
ESSFwcw,ESSFwcw/104,Se,2,Sx,,,FALSE,ESSF,NA
ESSFwcw,ESSFwcw/110,Se,2,Sx,,,FALSE,ESSF,NA
ESSFwh1,ESSFwh1/101,Act,3,Ac,,,FALSE,ESSF,NA
ESSFwh1,ESSFwh1/110,Act,2,Ac,,,FALSE,ESSF,NA
ESSFwh1,ESSFwh1/101,At,3,At,,,FALSE,ESSF,NA
ESSFwh1,ESSFwh1/101,Bl,2,Bl,,,FALSE,ESSF,NA
ESSFwh1,ESSFwh1/102,Bl,3,Bl,,,FALSE,ESSF,NA
ESSFwh1,ESSFwh1/103,Bl,2,Bl,,,FALSE,ESSF,NA
ESSFwh1,ESSFwh1/104,Bl,2,Bl,,,FALSE,ESSF,NA
ESSFwh1,ESSFwh1/110,Bl,2,Bl,,,FALSE,ESSF,NA
ESSFwh1,ESSFwh1/101,Cw,2,Cw,,,FALSE,ESSF,NA
ESSFwh1,ESSFwh1/103,Cw,3,Cw,,,FALSE,ESSF,NA
ESSFwh1,ESSFwh1/104,Cw,3,Cw,,,FALSE,ESSF,NA
ESSFwh1,ESSFwh1/110,Cw,3,Cw,,,FALSE,ESSF,NA
ESSFwh1,ESSFwh1/101,Fdi,3,Fd,,,FALSE,ESSF,NA
ESSFwh1,ESSFwh1/102,Fdi,3,Fd,,,FALSE,ESSF,NA
ESSFwh1,ESSFwh1/103,Fdi,1,Fd,,,FALSE,ESSF,NA
ESSFwh1,ESSFwh1/104,Fdi,2,Fd,,,FALSE,ESSF,NA
ESSFwh1,ESSFwh1/101,Hw,1,Hw,,,FALSE,ESSF,NA
ESSFwh1,ESSFwh1/104,Hw,1,Hw,,,FALSE,ESSF,NA
ESSFwh1,ESSFwh1/110,Hw,3,Hw,,,FALSE,ESSF,NA
ESSFwh1,ESSFwh1/101,Lw,3,Lw,,,FALSE,ESSF,NA
ESSFwh1,ESSFwh1/103,Lw,2,Lw,,,FALSE,ESSF,NA
ESSFwh1,ESSFwh1/104,Lw,2,Lw,,,FALSE,ESSF,NA
ESSFwh1,ESSFwh1/102,Pa,3,Pa,,,FALSE,ESSF,NA
ESSFwh1,ESSFwh1/103,Pa,3,Pa,,,FALSE,ESSF,NA
ESSFwh1,ESSFwh1/104,Pa,3,Pa,,,FALSE,ESSF,NA
ESSFwh1,ESSFwh1/101,Pli,3,Pl,,,FALSE,ESSF,NA
ESSFwh1,ESSFwh1/102,Pli,3,Pl,,,FALSE,ESSF,NA
ESSFwh1,ESSFwh1/103,Pli,2,Pl,,,FALSE,ESSF,NA
ESSFwh1,ESSFwh1/104,Pli,3,Pl,,,FALSE,ESSF,NA
ESSFwh1,ESSFwh1/101,Pw,4,Pw,,,FALSE,ESSF,NA
ESSFwh1,ESSFwh1/103,Pw,3,Pw,,,FALSE,ESSF,NA
ESSFwh1,ESSFwh1/104,Pw,3,Pw,,,FALSE,ESSF,NA
ESSFwh1,ESSFwh1/101,Se,1,Sx,,,FALSE,ESSF,NA
ESSFwh1,ESSFwh1/102,Se,2,Sx,,,FALSE,ESSF,NA
ESSFwh1,ESSFwh1/103,Se,2,Sx,,,FALSE,ESSF,NA
ESSFwh1,ESSFwh1/104,Se,2,Sx,,,FALSE,ESSF,NA
ESSFwh1,ESSFwh1/110,Se,1,Sx,,,FALSE,ESSF,NA
ESSFwh2,ESSFwh2/101,Act,3,Ac,,,FALSE,ESSF,NA
ESSFwh2,ESSFwh2/110,Act,2,Ac,,,FALSE,ESSF,NA
ESSFwh2,ESSFwh2/111,Act,2,Ac,,,FALSE,ESSF,NA
ESSFwh2,ESSFwh2/101,At,3,At,,,FALSE,ESSF,NA
ESSFwh2,ESSFwh2/101,Bl,2,Bl,,,FALSE,ESSF,NA
ESSFwh2,ESSFwh2/102,Bl,2,Bl,,,FALSE,ESSF,NA
ESSFwh2,ESSFwh2/103,Bl,2,Bl,,,FALSE,ESSF,NA
ESSFwh2,ESSFwh2/104,Bl,1,Bl,,,FALSE,ESSF,NA
ESSFwh2,ESSFwh2/110,Bl,1,Bl,,,FALSE,ESSF,NA
ESSFwh2,ESSFwh2/111,Bl,1,Bl,,,FALSE,ESSF,NA
ESSFwh2,ESSFwh2/101,Cw,3,Cw,,,FALSE,ESSF,NA
ESSFwh2,ESSFwh2/104,Cw,3,Cw,,,FALSE,ESSF,NA
ESSFwh2,ESSFwh2/110,Cw,3,Cw,,,FALSE,ESSF,NA
ESSFwh2,ESSFwh2/111,Cw,3,Cw,,,FALSE,ESSF,NA
ESSFwh2,ESSFwh2/101,Fdi,3,Fd,,,FALSE,ESSF,NA
ESSFwh2,ESSFwh2/102,Fdi,3,Fd,,,FALSE,ESSF,NA
ESSFwh2,ESSFwh2/103,Fdi,2,Fd,,,FALSE,ESSF,NA
ESSFwh2,ESSFwh2/104,Fdi,3,Fd,,,FALSE,ESSF,NA
ESSFwh2,ESSFwh2/101,Hw,2,Hw,,,FALSE,ESSF,NA
ESSFwh2,ESSFwh2/102,Hw,3,Hw,,,FALSE,ESSF,NA
ESSFwh2,ESSFwh2/103,Hw,3,Hw,,,FALSE,ESSF,NA
ESSFwh2,ESSFwh2/104,Hw,3,Hw,,,FALSE,ESSF,NA
ESSFwh2,ESSFwh2/110,Hw,3,Hw,,,FALSE,ESSF,NA
ESSFwh2,ESSFwh2/111,Hw,3,Hw,,,FALSE,ESSF,NA
ESSFwh2,ESSFwh2/101,Lw,3,Lw,,,FALSE,ESSF,NA
ESSFwh2,ESSFwh2/103,Lw,3,Lw,,,FALSE,ESSF,NA
ESSFwh2,ESSFwh2/104,Lw,3,Lw,,,FALSE,ESSF,NA
ESSFwh2,ESSFwh2/102,Pa,3,Pa,,,FALSE,ESSF,NA
ESSFwh2,ESSFwh2/103,Pa,3,Pa,,,FALSE,ESSF,NA
ESSFwh2,ESSFwh2/101,Pli,3,Pl,,,FALSE,ESSF,NA
ESSFwh2,ESSFwh2/102,Pli,2,Pl,,,FALSE,ESSF,NA
ESSFwh2,ESSFwh2/103,Pli,2,Pl,,,FALSE,ESSF,NA
ESSFwh2,ESSFwh2/104,Pli,3,Pl,,,FALSE,ESSF,NA
ESSFwh2,ESSFwh2/101,Pw,3,Pw,,,FALSE,ESSF,NA
ESSFwh2,ESSFwh2/102,Pw,5,Pw,,,FALSE,ESSF,NA
ESSFwh2,ESSFwh2/103,Pw,3,Pw,,,FALSE,ESSF,NA
ESSFwh2,ESSFwh2/104,Pw,3,Pw,,,FALSE,ESSF,NA
ESSFwh2,ESSFwh2/101,Se,1,Sx,,,FALSE,ESSF,NA
ESSFwh2,ESSFwh2/102,Se,3,Sx,,,FALSE,ESSF,NA
ESSFwh2,ESSFwh2/103,Se,1,Sx,,,FALSE,ESSF,NA
ESSFwh2,ESSFwh2/104,Se,1,Sx,,,FALSE,ESSF,NA
ESSFwh2,ESSFwh2/110,Se,1,Sx,,,FALSE,ESSF,NA
ESSFwh2,ESSFwh2/111,Se,1,Sx,,,FALSE,ESSF,NA
ESSFwh3,ESSFwh3/101,Act,3,Ac,,,FALSE,ESSF,NA
ESSFwh3,ESSFwh3/110,Act,2,Ac,,,FALSE,ESSF,NA
ESSFwh3,ESSFwh3/111,Act,2,Ac,,,FALSE,ESSF,NA
ESSFwh3,ESSFwh3/101,At,3,At,,,FALSE,ESSF,NA
ESSFwh3,ESSFwh3/101,Bl,2,Bl,,,FALSE,ESSF,NA
ESSFwh3,ESSFwh3/102,Bl,2,Bl,,,FALSE,ESSF,NA
ESSFwh3,ESSFwh3/103,Bl,2,Bl,,,FALSE,ESSF,NA
ESSFwh3,ESSFwh3/104,Bl,1,Bl,,,FALSE,ESSF,NA
ESSFwh3,ESSFwh3/110,Bl,2,Bl,,,FALSE,ESSF,NA
ESSFwh3,ESSFwh3/111,Bl,2,Bl,,,FALSE,ESSF,NA
ESSFwh3,ESSFwh3/101,Cw,3,Cw,,,FALSE,ESSF,NA
ESSFwh3,ESSFwh3/104,Cw,3,Cw,,,FALSE,ESSF,NA
ESSFwh3,ESSFwh3/110,Cw,3,Cw,,,FALSE,ESSF,NA
ESSFwh3,ESSFwh3/111,Cw,3,Cw,,,FALSE,ESSF,NA
ESSFwh3,ESSFwh3/101,Fdi,3,Fd,,,FALSE,ESSF,NA
ESSFwh3,ESSFwh3/102,Fdi,3,Fd,,,FALSE,ESSF,NA
ESSFwh3,ESSFwh3/103,Fdi,2,Fd,,,FALSE,ESSF,NA
ESSFwh3,ESSFwh3/104,Fdi,3,Fd,,,FALSE,ESSF,NA
ESSFwh3,ESSFwh3/101,Hw,2,Hw,,,FALSE,ESSF,NA
ESSFwh3,ESSFwh3/103,Hw,3,Hw,,,FALSE,ESSF,NA
ESSFwh3,ESSFwh3/104,Hw,3,Hw,,,FALSE,ESSF,NA
ESSFwh3,ESSFwh3/110,Hw,2,Hw,,,FALSE,ESSF,NA
ESSFwh3,ESSFwh3/111,Hw,1,Hw,,,FALSE,ESSF,NA
ESSFwh3,ESSFwh3/101,Lw,3,Lw,,,FALSE,ESSF,NA
ESSFwh3,ESSFwh3/102,Lw,3,Lw,,,FALSE,ESSF,NA
ESSFwh3,ESSFwh3/103,Lw,2,Lw,,,FALSE,ESSF,NA
ESSFwh3,ESSFwh3/104,Lw,3,Lw,,,FALSE,ESSF,NA
ESSFwh3,ESSFwh3/102,Pa,3,Pa,,,FALSE,ESSF,NA
ESSFwh3,ESSFwh3/103,Pa,3,Pa,,,FALSE,ESSF,NA
ESSFwh3,ESSFwh3/101,Pli,3,Pl,,,FALSE,ESSF,NA
ESSFwh3,ESSFwh3/102,Pli,2,Pl,,,FALSE,ESSF,NA
ESSFwh3,ESSFwh3/103,Pli,1,Pl,,,FALSE,ESSF,NA
ESSFwh3,ESSFwh3/104,Pli,3,Pl,,,FALSE,ESSF,NA
ESSFwh3,ESSFwh3/110,Pli,5,Pl,,,FALSE,ESSF,NA
ESSFwh3,ESSFwh3/101,Pw,3,Pw,,,FALSE,ESSF,NA
ESSFwh3,ESSFwh3/103,Pw,3,Pw,,,FALSE,ESSF,NA
ESSFwh3,ESSFwh3/104,Pw,3,Pw,,,FALSE,ESSF,NA
ESSFwh3,ESSFwh3/101,Se,1,Sx,,,FALSE,ESSF,NA
ESSFwh3,ESSFwh3/102,Se,3,Sx,,,FALSE,ESSF,NA
ESSFwh3,ESSFwh3/103,Se,2,Sx,,,FALSE,ESSF,NA
ESSFwh3,ESSFwh3/104,Se,2,Sx,,,FALSE,ESSF,NA
ESSFwh3,ESSFwh3/110,Se,1,Sx,,,FALSE,ESSF,NA
ESSFwh3,ESSFwh3/111,Se,1,Sx,,,FALSE,ESSF,NA
ESSFwk1,ESSFwk1/04,Ac,3,Ac,,,FALSE,ESSF,imputed
ESSFwk1,ESSFwk1/01,At,3,At,,,FALSE,ESSF,imputed
ESSFwk1,ESSFwk1/04,Cw,3,Cw,,,FALSE,ESSF,imputed
ESSFwk1,ESSFwk1/01,Lw,3,Lw,,,TRUE,ESSF,NA
ESSFwk1,ESSFwk1/03,Lw,3,Lw,,,TRUE,ESSF,NA
ESSFwk2,ESSFwk2/03,Ac,3,Ac,,,FALSE,ESSF,imputed
ESSFwm1,ESSFwm1/101,Bl,1,Bl,,,FALSE,ESSF,NA
ESSFwm1,ESSFwm1/102,Bl,2,Bl,,,FALSE,ESSF,NA
ESSFwm1,ESSFwm1/103,Bl,1,Bl,,,FALSE,ESSF,NA
ESSFwm1,ESSFwm1/104,Bl,1,Bl,,,FALSE,ESSF,NA
ESSFwm1,ESSFwm1/110,Bl,1,Bl,,,FALSE,ESSF,NA
ESSFwm1,ESSFwm1/111,Bl,1,Bl,,,FALSE,ESSF,NA
ESSFwm1,ESSFwm1/112,Bl,2,Bl,,,FALSE,ESSF,NA
ESSFwm1,ESSFwm1/102,Fdi,3,Fd,,,FALSE,ESSF,NA
ESSFwm1,ESSFwm1/103,Fdi,3,Fd,,,FALSE,ESSF,NA
ESSFwm1,ESSFwm1/103,Lw,5,Lw,,,FALSE,ESSF,NA
ESSFwm1,ESSFwm1/102,Pa,3,Pa,,,FALSE,ESSF,NA
ESSFwm1,ESSFwm1/103,Pa,3,Pa,,,FALSE,ESSF,NA
ESSFwm1,ESSFwm1/101,Pli,3,Pl,,,FALSE,ESSF,NA
ESSFwm1,ESSFwm1/102,Pli,3,Pl,,,FALSE,ESSF,NA
ESSFwm1,ESSFwm1/103,Pli,2,Pl,,,FALSE,ESSF,NA
ESSFwm1,ESSFwm1/104,Pli,3,Pl,,,FALSE,ESSF,NA
ESSFwm1,ESSFwm1/101,Se,1,Sx,,,FALSE,ESSF,NA
ESSFwm1,ESSFwm1/102,Se,2,Sx,,,FALSE,ESSF,NA
ESSFwm1,ESSFwm1/103,Se,1,Sx,,,FALSE,ESSF,NA
ESSFwm1,ESSFwm1/104,Se,2,Sx,,,FALSE,ESSF,NA
ESSFwm1,ESSFwm1/110,Se,1,Sx,,,FALSE,ESSF,NA
ESSFwm1,ESSFwm1/111,Se,1,Sx,,,FALSE,ESSF,NA
ESSFwm1,ESSFwm1/112,Se,2,Sx,,,FALSE,ESSF,NA
ESSFwm2,ESSFwm2/101,Bl,1,Bl,,,FALSE,ESSF,NA
ESSFwm2,ESSFwm2/102,Bl,2,Bl,,,FALSE,ESSF,NA
ESSFwm2,ESSFwm2/103,Bl,1,Bl,,,FALSE,ESSF,NA
ESSFwm2,ESSFwm2/104,Bl,1,Bl,,,FALSE,ESSF,NA
ESSFwm2,ESSFwm2/110,Bl,2,Bl,,,FALSE,ESSF,NA
ESSFwm2,ESSFwm2/111,Bl,2,Bl,,,FALSE,ESSF,NA
ESSFwm2,ESSFwm2/102,Fdi,5,Fd,,,FALSE,ESSF,NA
ESSFwm2,ESSFwm2/104,Hw,3,Hw,,,FALSE,ESSF,imputed
ESSFwm2,ESSFwm2/101,Hw,4,Hw,,,FALSE,ESSF,imputed
ESSFwm2,ESSFwm2/102,La,3,La,,,FALSE,ESSF,NA
ESSFwm2,ESSFwm2/102,Pa,3,Pa,,,FALSE,ESSF,NA
ESSFwm2,ESSFwm2/103,Pa,3,Pa,,,FALSE,ESSF,NA
ESSFwm2,ESSFwm2/104,Pa,3,Pa,,,FALSE,ESSF,NA
ESSFwm2,ESSFwm2/101,Pli,3,Pl,,,FALSE,ESSF,NA
ESSFwm2,ESSFwm2/102,Pli,3,Pl,,,FALSE,ESSF,NA
ESSFwm2,ESSFwm2/103,Pli,2,Pl,,,FALSE,ESSF,NA
ESSFwm2,ESSFwm2/104,Pli,3,Pl,,,FALSE,ESSF,NA
ESSFwm2,ESSFwm2/101,Se,1,Sx,,,FALSE,ESSF,NA
ESSFwm2,ESSFwm2/102,Se,2,Sx,,,FALSE,ESSF,NA
ESSFwm2,ESSFwm2/103,Se,2,Sx,,,FALSE,ESSF,NA
ESSFwm2,ESSFwm2/104,Se,2,Sx,,,FALSE,ESSF,NA
ESSFwm2,ESSFwm2/110,Se,1,Sx,,,FALSE,ESSF,NA
ESSFwm2,ESSFwm2/111,Se,1,Sx,,,FALSE,ESSF,NA
ESSFwm3,ESSFwm3/101,Bl,1,Bl,,,FALSE,ESSF,NA
ESSFwm3,ESSFwm3/102,Bl,2,Bl,,,FALSE,ESSF,NA
ESSFwm3,ESSFwm3/103,Bl,1,Bl,,,FALSE,ESSF,NA
ESSFwm3,ESSFwm3/104,Bl,1,Bl,,,FALSE,ESSF,NA
ESSFwm3,ESSFwm3/105,Bl,1,Bl,,,FALSE,ESSF,NA
ESSFwm3,ESSFwm3/110,Bl,1,Bl,,,FALSE,ESSF,NA
ESSFwm3,ESSFwm3/111,Bl,1,Bl,,,FALSE,ESSF,NA
ESSFwm3,ESSFwm3/112,Bl,2,Bl,,,FALSE,ESSF,NA
ESSFwm3,ESSFwm3/112a,Bl,2,Bl,,,FALSE,ESSF,NA
ESSFwm3,ESSFwm3/112b,Bl,3,Bl,,,FALSE,ESSF,NA
ESSFwm3,ESSFwm3/101,Hw,4,Hw,,,FALSE,ESSF,imputed
ESSFwm3,ESSFwm3/104,Hw,3,Hw,,,FALSE,ESSF,imputed
ESSFwm3,ESSFwm3/102,La,3,La,,,FALSE,ESSF,NA
ESSFwm3,ESSFwm3/104,Pa,3,Pa,,,FALSE,ESSF,imputed
ESSFwm3,ESSFwm3/102,Pa,2,Pa,,,FALSE,ESSF,NA
ESSFwm3,ESSFwm3/103,Pa,2,Pa,,,FALSE,ESSF,NA
ESSFwm3,ESSFwm3/101,Pli,3,Pl,,,FALSE,ESSF,NA
ESSFwm3,ESSFwm3/102,Pli,2,Pl,,,FALSE,ESSF,NA
ESSFwm3,ESSFwm3/103,Pli,2,Pl,,,FALSE,ESSF,NA
ESSFwm3,ESSFwm3/104,Pli,3,Pl,,,FALSE,ESSF,NA
ESSFwm3,ESSFwm3/105,Pli,2,Pl,,,FALSE,ESSF,NA
ESSFwm3,ESSFwm3/101,Se,2,Sx,,,FALSE,ESSF,NA
ESSFwm3,ESSFwm3/102,Se,3,Sx,,,FALSE,ESSF,NA
ESSFwm3,ESSFwm3/103,Se,2,Sx,,,FALSE,ESSF,NA
ESSFwm3,ESSFwm3/104,Se,2,Sx,,,FALSE,ESSF,NA
ESSFwm3,ESSFwm3/105,Se,1,Sx,,,FALSE,ESSF,NA
ESSFwm3,ESSFwm3/110,Se,1,Sx,,,FALSE,ESSF,NA
ESSFwm3,ESSFwm3/111,Se,1,Sx,,,FALSE,ESSF,NA
ESSFwm3,ESSFwm3/112,Se,2,Sx,,,FALSE,ESSF,NA
ESSFwm3,ESSFwm3/112a,Se,2,Sx,,,FALSE,ESSF,NA
ESSFwm3,ESSFwm3/112b,Se,3,Sx,,,FALSE,ESSF,NA
ESSFwm4,ESSFwm4/110,At,3,At,,,FALSE,ESSF,imputed
ESSFwm4,ESSFwm4/101,Bl,1,Bl,,,FALSE,ESSF,NA
ESSFwm4,ESSFwm4/102,Bl,2,Bl,,,FALSE,ESSF,NA
ESSFwm4,ESSFwm4/102a,Bl,3,Bl,,,FALSE,ESSF,NA
ESSFwm4,ESSFwm4/102b,Bl,2,Bl,,,FALSE,ESSF,NA
ESSFwm4,ESSFwm4/103,Bl,1,Bl,,,FALSE,ESSF,NA
ESSFwm4,ESSFwm4/110,Bl,1,Bl,,,FALSE,ESSF,NA
ESSFwm4,ESSFwm4/111,Bl,2,Bl,,,FALSE,ESSF,NA
ESSFwm4,ESSFwm4/101,Cw,3,Cw,,,FALSE,ESSF,NA
ESSFwm4,ESSFwm4/110,Cw,3,Cw,,,FALSE,ESSF,NA
ESSFwm4,ESSFwm4/101,Fdi,3,Fd,,,FALSE,ESSF,NA
ESSFwm4,ESSFwm4/102,Fdi,3,Fd,,,FALSE,ESSF,NA
ESSFwm4,ESSFwm4/102a,Fdi,3,Fd,,,FALSE,ESSF,NA
ESSFwm4,ESSFwm4/102b,Fdi,3,Fd,,,FALSE,ESSF,NA
ESSFwm4,ESSFwm4/103,Fdi,3,Fd,,,FALSE,ESSF,NA
ESSFwm4,ESSFwm4/101,Hw,3,Hw,,,FALSE,ESSF,NA
ESSFwm4,ESSFwm4/103,Hw,3,Hw,,,FALSE,ESSF,NA
ESSFwm4,ESSFwm4/110,Hw,3,Hw,,,FALSE,ESSF,NA
ESSFwm4,ESSFwm4/102,La,3,La,,,FALSE,ESSF,NA
ESSFwm4,ESSFwm4/102a,La,3,La,,,FALSE,ESSF,NA
ESSFwm4,ESSFwm4/102b,La,3,La,,,FALSE,ESSF,NA
ESSFwm4,ESSFwm4/101,Lw,3,Lw,,,FALSE,ESSF,NA
ESSFwm4,ESSFwm4/102,Lw,3,Lw,,,FALSE,ESSF,NA
ESSFwm4,ESSFwm4/102a,Lw,3,Lw,,,FALSE,ESSF,NA
ESSFwm4,ESSFwm4/102b,Lw,3,Lw,,,FALSE,ESSF,NA
ESSFwm4,ESSFwm4/103,Lw,3,Lw,,,FALSE,ESSF,NA
ESSFwm4,ESSFwm4/102,Pa,3,Pa,,,FALSE,ESSF,NA
ESSFwm4,ESSFwm4/102a,Pa,2,Pa,,,FALSE,ESSF,NA
ESSFwm4,ESSFwm4/102b,Pa,3,Pa,,,FALSE,ESSF,NA
ESSFwm4,ESSFwm4/101,Pli,2,Pl,,,FALSE,ESSF,NA
ESSFwm4,ESSFwm4/102,Pli,2,Pl,,,FALSE,ESSF,NA
ESSFwm4,ESSFwm4/102a,Pli,3,Pl,,,FALSE,ESSF,NA
ESSFwm4,ESSFwm4/102b,Pli,2,Pl,,,FALSE,ESSF,NA
ESSFwm4,ESSFwm4/103,Pli,2,Pl,,,FALSE,ESSF,NA
ESSFwm4,ESSFwm4/101,Se,1,Sx,,,FALSE,ESSF,NA
ESSFwm4,ESSFwm4/102,Se,3,Sx,,,FALSE,ESSF,NA
ESSFwm4,ESSFwm4/102a,Se,3,Sx,,,FALSE,ESSF,NA
ESSFwm4,ESSFwm4/102b,Se,3,Sx,,,FALSE,ESSF,NA
ESSFwm4,ESSFwm4/103,Se,1,Sx,,,FALSE,ESSF,NA
ESSFwm4,ESSFwm4/110,Se,1,Sx,,,FALSE,ESSF,NA
ESSFwm4,ESSFwm4/111,Se,1,Sx,,,FALSE,ESSF,NA
ESSFwmp,ESSFwmp/00,Bl,3,Bl,,,FALSE,ESSF,NA
ESSFwmw,ESSFwmw/101,Bl,1,Bl,,,FALSE,ESSF,NA
ESSFwmw,ESSFwmw/102,Bl,3,Bl,,,FALSE,ESSF,NA
ESSFwmw,ESSFwmw/103,Bl,1,Bl,,,FALSE,ESSF,NA
ESSFwmw,ESSFwmw/110,Bl,2,Bl,,,FALSE,ESSF,NA
ESSFwmw,ESSFwmw/101,La,3,La,,,FALSE,ESSF,NA
ESSFwmw,ESSFwmw/102,La,2,La,,,FALSE,ESSF,NA
ESSFwmw,ESSFwmw/103,La,2,La,,,FALSE,ESSF,NA
ESSFwmw,ESSFwmw/102,Pa,2,Pa,,,FALSE,ESSF,NA
ESSFwmw,ESSFwmw/103,Pa,3,Pa,,,FALSE,ESSF,NA
ESSFwmw,ESSFwmw/102,Pli,5,Pl,,,FALSE,ESSF,NA
ESSFwmw,ESSFwmw/103,Pli,5,Pl,,,FALSE,ESSF,NA
ESSFwmw,ESSFwmw/101,Se,2,Sx,,,FALSE,ESSF,NA
ESSFwmw,ESSFwmw/102,Se,2,Sx,,,FALSE,ESSF,NA
ESSFwmw,ESSFwmw/103,Se,2,Sx,,,FALSE,ESSF,NA
ESSFwmw,ESSFwmw/110,Se,2,Sx,,,FALSE,ESSF,NA
ESSFxc1,ESSFxc1/Ws08,Bl,4,Bl,,,FALSE,ESSF,NA
ESSFxc1,ESSFxc1/Ws12,Bl,4,Bl,,,FALSE,ESSF,NA
ESSFxc1,ESSFxc1/102,Fdi,3,Fd,,,FALSE,ESSF,NA
ESSFxc1,ESSFxc1/Ws08,Sx,4,Sx,,,FALSE,ESSF,NA
ESSFxc1,ESSFxc1/Ws12,Sx,4,Sx,,,FALSE,ESSF,NA
ESSFxc2,ESSFxc2/Ws08,Bl,4,Bl,,,FALSE,ESSF,NA
ESSFxc2,ESSFxc2/111,Pli,3,Pl,,,FALSE,ESSF,imputed
ESSFxc2,ESSFxc2/Ws08,Sx,4,Sx,,,FALSE,ESSF,NA
ESSFxc3,ESSFxc3/03,Bl,3,Bl,,,FALSE,ESSF,imputed
ESSFxc3,ESSFxc3/10,Bl,4,Bl,,,FALSE,ESSF,NA
ESSFxc3,ESSFxc3/03,Pa,2,Pa,,,FALSE,ESSF,imputed
ESSFxc3,ESSFxc3/04,Pli,1,Pl,,,FALSE,ESSF,imputed
ESSFxc3,ESSFxc3/03,Pli,2,Pl,,,FALSE,ESSF,imputed
ESSFxc3,ESSFxc3/04,Sx,3,Sx,,,FALSE,ESSF,imputed
ESSFxc3,ESSFxc3/10,Se,4,Sx,,,FALSE,ESSF,NA
ESSFxcp,ESSFxcp/00,Bl,3,Bl,,,FALSE,ESSF,NA
ESSFxcp,ESSFxcp/00,Pa,3,Pa,,,FALSE,ESSF,imputed
ESSFxcp,ESSFxcp/00,Sx,4,Sx,,,FALSE,ESSF,imputed
ESSFxv2,ESSFxv2/03,At,3,At,,,FALSE,ESSF,imputed
ESSFxv2,ESSFxv2/02,Sx,3,Sx,,,FALSE,ESSF,imputed
ESSFxvp,ESSFxvp/00,Bl,3,Bl,,,FALSE,ESSF,NA
ESSFxvw,ESSFxvw/01,Bl,2,Bl,,,FALSE,ESSF,NA
ESSFxvw,ESSFxvw/02,Bl,3,Bl,,,FALSE,ESSF,NA
ESSFxvw,ESSFxvw/04,Bl,2,Bl,,,FALSE,ESSF,NA
ESSFxvw,ESSFxvw/05,Bl,2,Bl,,,FALSE,ESSF,NA
ESSFxvw,ESSFxvw/06,Bl,2,Bl,,,FALSE,ESSF,NA
ESSFxvw,ESSFxvw/07,Bl,2,Bl,,,FALSE,ESSF,NA
ESSFxvw,ESSFxvw/08,Bl,2,Bl,,,FALSE,ESSF,NA
ESSFxvw,ESSFxvw/09,Bl,2,Bl,,,FALSE,ESSF,NA
ESSFxvw,ESSFxvw/10,Bl,2,Bl,,,FALSE,ESSF,NA
ESSFxvw,ESSFxvw/01,Pa,3,Pa,,,FALSE,ESSF,NA
ESSFxvw,ESSFxvw/02,Pa,2,Pa,,,FALSE,ESSF,NA
ESSFxvw,ESSFxvw/03,Pa,2,Pa,,,FALSE,ESSF,NA
ESSFxvw,ESSFxvw/04,Pa,3,Pa,,,FALSE,ESSF,NA
ESSFxvw,ESSFxvw/05,Pa,3,Pa,,,FALSE,ESSF,NA
ESSFxvw,ESSFxvw/06,Pa,3,Pa,,,FALSE,ESSF,NA
ESSFxvw,ESSFxvw/01,Pli,2,Pl,,,FALSE,ESSF,NA
ESSFxvw,ESSFxvw/02,Pli,3,Pl,,,FALSE,ESSF,NA
ESSFxvw,ESSFxvw/03,Pli,2,Pl,,,FALSE,ESSF,NA
ESSFxvw,ESSFxvw/04,Pli,2,Pl,,,FALSE,ESSF,NA
ESSFxvw,ESSFxvw/05,Pli,2,Pl,,,FALSE,ESSF,NA
ESSFxvw,ESSFxvw/06,Pli,2,Pl,,,FALSE,ESSF,NA
ESSFxvw,ESSFxvw/07,Pli,2,Pl,,,FALSE,ESSF,NA
ESSFxvw,ESSFxvw/08,Pli,2,Pl,,,FALSE,ESSF,NA
ESSFxvw,ESSFxvw/09,Pli,2,Pl,,,FALSE,ESSF,NA
ESSFxvw,ESSFxvw/10,Pli,3,Pl,,,FALSE,ESSF,NA
ESSFxvw,ESSFxvw/01,Sx,3,Sx,,,FALSE,ESSF,imputed
ESSFxvw,ESSFxvw/10,Sxw,2,Sx,,,FALSE,ESSF,NA
ICHdk,ICHdk/04,Ac,4,Ac,,,FALSE,ICH,imputed
ICHdk,ICHdk/01,Lw,3,Lw,,,TRUE,ICH,NA
ICHdk,ICHdk/04,Lw,3,Lw,,,TRUE,ICH,NA
ICHdk,ICHdk/05,Lw,3,Lw,,,TRUE,ICH,NA
ICHdm,ICHdm/111,Fdi,4,Fd,,,FALSE,ICH,imputed
ICHdm,ICHdm/111,Pli,3,Pl,,,FALSE,ICH,imputed
ICHdm,ICHdm/110,Tw,3,Tw,,,FALSE,ICH,imputed
ICHdw1,ICHdw1/103,Bg,3,Bg,,,FALSE,ICH,imputed
ICHdw1,ICHdw1/102,Cw,5,Cw,,,FALSE,ICH,NA
ICHdw1,ICHdw1/111,Tw,3,Tw,,,FALSE,ICH,imputed
ICHdw1,ICHdw1/104,Tw,3,Tw,,,FALSE,ICH,imputed
ICHdw3,ICHdw3/08,At,3,At,,,FALSE,ICH,NA
ICHdw3,ICHdw3/08,Ep,3,Ep,,,FALSE,ICH,NA
ICHdw3,ICHdw3/02,Lw,3,Lw,,,TRUE,ICH,NA
ICHdw4,ICHdw4/110,Fdi,2,Fd,,,TRUE,ICH,NA
ICHdw4,ICHdw4/102,Lw,3,Lw,,,TRUE,ICH,NA
ICHdw4,ICHdw4/104,Tw,3,Tw,,,FALSE,ICH,imputed
ICHmc1,ICHmc1/02,Ac,4,Ac,,,FALSE,ICH,imputed
ICHmc1,ICHmc1/01,At,2,At,,,FALSE,ICH,NA
ICHmc1,ICHmc1/01a,At,2,At,,,FALSE,ICH,NA
ICHmc1,ICHmc1/01b,At,2,At,,,FALSE,ICH,NA
ICHmc1,ICHmc1/02,At,3,At,,,FALSE,ICH,NA
ICHmc1,ICHmc1/03,At,2,At,,,FALSE,ICH,NA
ICHmc1,ICHmc1/04,At,2,At,,,FALSE,ICH,NA
ICHmc1,ICHmc1/05,At,3,At,,,FALSE,ICH,NA
ICHmc1,ICHmc1/02,Ep,3,Ep,,,FALSE,ICH,imputed
ICHmc1,ICHmc1/01,Ep,2,Ep,,,FALSE,ICH,NA
ICHmc1,ICHmc1/01a,Ep,2,Ep,,,FALSE,ICH,NA
ICHmc1,ICHmc1/01b,Ep,2,Ep,,,FALSE,ICH,NA
ICHmc1,ICHmc1/03,Ep,2,Ep,,,FALSE,ICH,NA
ICHmc1,ICHmc1/04,Ep,2,Ep,,,FALSE,ICH,NA
ICHmc1,ICHmc1/05,Ep,3,Ep,,,FALSE,ICH,NA
ICHmc1,ICHmc1/01,Fdi,3,Fd,,,TRUE,ICH,NA
ICHmc1,ICHmc1/01a,Fdi,3,Fd,,,TRUE,ICH,NA
ICHmc1,ICHmc1/01b,Fdi,3,Fd,,,TRUE,ICH,NA
ICHmc1,ICHmc1/03,Fdi,3,Fd,,,TRUE,ICH,NA
ICHmc1,ICHmc1/01,Lw,3,Lw,,,TRUE,ICH,NA
ICHmc1,ICHmc1/01a,Lw,3,Lw,,,TRUE,ICH,NA
ICHmc1,ICHmc1/01b,Lw,3,Lw,,,TRUE,ICH,NA
ICHmc1,ICHmc1/03,Lw,3,Lw,,,TRUE,ICH,NA
ICHmc1a,ICHmc1a/02,Act,3,Ac,,,FALSE,ICH,NA
ICHmc1a,ICHmc1a/01,At,3,At,,,FALSE,ICH,NA
ICHmc1a,ICHmc1a/01a,At,3,At,,,FALSE,ICH,NA
ICHmc1a,ICHmc1a/01b,At,3,At,,,FALSE,ICH,NA
ICHmc1a,ICHmc1a/02,At,3,At,,,FALSE,ICH,NA
ICHmc1a,ICHmc1a/01,Ba,1,Ba,,,FALSE,ICH,NA
ICHmc1a,ICHmc1a/01a,Ba,1,Ba,,,FALSE,ICH,NA
ICHmc1a,ICHmc1a/01b,Ba,1,Ba,,,FALSE,ICH,NA
ICHmc1a,ICHmc1a/02,Ba,1,Ba,,,FALSE,ICH,NA
ICHmc1a,ICHmc1a/03,Ba,1,Ba,,,FALSE,ICH,NA
ICHmc1a,ICHmc1a/01,Bl,3,Bl,,,FALSE,ICH,NA
ICHmc1a,ICHmc1a/01a,Bl,3,Bl,,,FALSE,ICH,NA
ICHmc1a,ICHmc1a/01b,Bl,3,Bl,,,FALSE,ICH,NA
ICHmc1a,ICHmc1a/02,Bl,3,Bl,,,FALSE,ICH,NA
ICHmc1a,ICHmc1a/03,Bl,2,Bl,,,FALSE,ICH,NA
ICHmc1a,ICHmc1a/01,Cw,4,Cw,,,FALSE,ICH,NA
ICHmc1a,ICHmc1a/01a,Cw,4,Cw,,,FALSE,ICH,NA
ICHmc1a,ICHmc1a/01b,Cw,4,Cw,,,FALSE,ICH,NA
ICHmc1a,ICHmc1a/02,Cw,4,Cw,,,FALSE,ICH,NA
ICHmc1a,ICHmc1a/03,Cw,4,Cw,,,FALSE,ICH,NA
ICHmc1a,ICHmc1a/01,Ep,3,Ep,,,FALSE,ICH,NA
ICHmc1a,ICHmc1a/01a,Ep,3,Ep,,,FALSE,ICH,NA
ICHmc1a,ICHmc1a/01b,Ep,3,Ep,,,FALSE,ICH,NA
ICHmc1a,ICHmc1a/02,Ep,3,Ep,,,FALSE,ICH,NA
ICHmc1a,ICHmc1a/01,Hw,1,Hw,,,FALSE,ICH,NA
ICHmc1a,ICHmc1a/01a,Hw,1,Hw,,,FALSE,ICH,NA
ICHmc1a,ICHmc1a/01b,Hw,1,Hw,,,FALSE,ICH,NA
ICHmc1a,ICHmc1a/02,Hw,2,Hw,,,FALSE,ICH,NA
ICHmc1a,ICHmc1a/03,Hw,2,Hw,,,FALSE,ICH,NA
ICHmc1a,ICHmc1a/01,Pli,1,Pl,,,FALSE,ICH,NA
ICHmc1a,ICHmc1a/01a,Pli,1,Pl,,,FALSE,ICH,NA
ICHmc1a,ICHmc1a/01b,Pli,1,Pl,,,FALSE,ICH,NA
ICHmc1a,ICHmc1a/02,Pli,2,Pl,,,FALSE,ICH,NA
ICHmc1a,ICHmc1a/03,Pli,2,Pl,,,FALSE,ICH,NA
ICHmc1a,ICHmc1a/01,Sxw,1,Sx,,,FALSE,ICH,NA
ICHmc1a,ICHmc1a/01a,Sxw,1,Sx,,,FALSE,ICH,NA
ICHmc1a,ICHmc1a/01b,Sxw,1,Sx,,,FALSE,ICH,NA
ICHmc1a,ICHmc1a/02,Sxw,1,Sx,,,FALSE,ICH,NA
ICHmc1a,ICHmc1a/03,Sxw,1,Sx,,,FALSE,ICH,NA
ICHmc2,ICHmc2/02,At,3,At,,,FALSE,ICH,NA
ICHmc2,ICHmc2/05,At,2,At,,,FALSE,ICH,NA
ICHmc2,ICHmc2/01,Ba,5,Ba,,,FALSE,ICH,NA
ICHmc2,ICHmc2/02,Ba,5,Ba,,,FALSE,ICH,NA
ICHmc2,ICHmc2/01,Ep,2,Ep,,,FALSE,ICH,NA
ICHmc2,ICHmc2/02,Ep,3,Ep,,,FALSE,ICH,NA
ICHmc2,ICHmc2/05,Ep,1,Ep,,,FALSE,ICH,NA
ICHmc2,ICHmc2/04,Ss,3,Ss,,,FALSE,ICH,imputed
ICHmc2,ICHmc2/05,Ss,2,Ss,,,FALSE,ICH,imputed
ICHmc2,ICHmc2/02,Ss,3,Ss,,,FALSE,ICH,imputed
ICHmk1,ICHmk1/101,Act,3,Ac,,,FALSE,ICH,NA
ICHmk1,ICHmk1/110,Act,2,Ac,,,FALSE,ICH,NA
ICHmk1,ICHmk1/111,Act,2,Ac,,,FALSE,ICH,NA
ICHmk1,ICHmk1/112,Act,2,Ac,,,FALSE,ICH,NA
ICHmk1,ICHmk1/101,At,2,At,,,FALSE,ICH,NA
ICHmk1,ICHmk1/103,At,3,At,,,FALSE,ICH,NA
ICHmk1,ICHmk1/104,At,2,At,,,FALSE,ICH,NA
ICHmk1,ICHmk1/105,At,2,At,,,FALSE,ICH,NA
ICHmk1,ICHmk1/110,At,2,At,,,FALSE,ICH,NA
ICHmk1,ICHmk1/111,At,2,At,,,FALSE,ICH,NA
ICHmk1,ICHmk1/112,At,3,At,,,FALSE,ICH,NA
ICHmk1,ICHmk1/101,Bl,2,Bl,,,FALSE,ICH,NA
ICHmk1,ICHmk1/102,Bl,3,Bl,,,FALSE,ICH,NA
ICHmk1,ICHmk1/103,Bl,3,Bl,,,FALSE,ICH,NA
ICHmk1,ICHmk1/104,Bl,2,Bl,,,FALSE,ICH,NA
ICHmk1,ICHmk1/105,Bl,3,Bl,,,FALSE,ICH,NA
ICHmk1,ICHmk1/110,Bl,2,Bl,,,FALSE,ICH,NA
ICHmk1,ICHmk1/111,Bl,2,Bl,,,FALSE,ICH,NA
ICHmk1,ICHmk1/112,Bl,2,Bl,,,FALSE,ICH,NA
ICHmk1,ICHmk1/101,Cw,1,Cw,,,FALSE,ICH,NA
ICHmk1,ICHmk1/103,Cw,3,Cw,,,FALSE,ICH,NA
ICHmk1,ICHmk1/104,Cw,3,Cw,,,FALSE,ICH,NA
ICHmk1,ICHmk1/105,Cw,2,Cw,,,FALSE,ICH,NA
ICHmk1,ICHmk1/110,Cw,1,Cw,,,FALSE,ICH,NA
ICHmk1,ICHmk1/111,Cw,1,Cw,,,FALSE,ICH,NA
ICHmk1,ICHmk1/112,Cw,2,Cw,,,FALSE,ICH,NA
ICHmk1,ICHmk1/101,Ep,2,Ep,,,FALSE,ICH,NA
ICHmk1,ICHmk1/103,Ep,3,Ep,,,FALSE,ICH,NA
ICHmk1,ICHmk1/104,Ep,2,Ep,,,FALSE,ICH,NA
ICHmk1,ICHmk1/105,Ep,2,Ep,,,FALSE,ICH,NA
ICHmk1,ICHmk1/110,Ep,3,Ep,,,FALSE,ICH,NA
ICHmk1,ICHmk1/111,Ep,2,Ep,,,FALSE,ICH,NA
ICHmk1,ICHmk1/112,Ep,3,Ep,,,FALSE,ICH,NA
ICHmk1,ICHmk1/101,Fdi,1,Fd,,,FALSE,ICH,NA
ICHmk1,ICHmk1/102,Fdi,1,Fd,,,FALSE,ICH,NA
ICHmk1,ICHmk1/103,Fdi,1,Fd,,,FALSE,ICH,NA
ICHmk1,ICHmk1/104,Fdi,2,Fd,,,FALSE,ICH,NA
ICHmk1,ICHmk1/105,Fdi,1,Fd,,,FALSE,ICH,NA
ICHmk1,ICHmk1/110,Fdi,1,Fd,,,FALSE,ICH,NA
ICHmk1,ICHmk1/111,Fdi,2,Fd,,,FALSE,ICH,NA
ICHmk1,ICHmk1/112,Fdi,5,Fd,,,FALSE,ICH,NA
ICHmk1,ICHmk1/101,Lw,1,Lw,,,FALSE,ICH,NA
ICHmk1,ICHmk1/103,Lw,2,Lw,,,FALSE,ICH,NA
ICHmk1,ICHmk1/104,Lw,2,Lw,,,FALSE,ICH,NA
ICHmk1,ICHmk1/105,Lw,1,Lw,,,FALSE,ICH,NA
ICHmk1,ICHmk1/110,Lw,2,Lw,,,FALSE,ICH,NA
ICHmk1,ICHmk1/111,Lw,2,Lw,,,FALSE,ICH,NA
ICHmk1,ICHmk1/112,Lw,5,Lw,,,FALSE,ICH,NA
ICHmk1,ICHmk1/101,Pli,2,Pl,,,FALSE,ICH,NA
ICHmk1,ICHmk1/102,Pli,2,Pl,,,FALSE,ICH,NA
ICHmk1,ICHmk1/103,Pli,2,Pl,,,FALSE,ICH,NA
ICHmk1,ICHmk1/104,Pli,1,Pl,,,FALSE,ICH,NA
ICHmk1,ICHmk1/105,Pli,1,Pl,,,FALSE,ICH,NA
ICHmk1,ICHmk1/110,Pli,2,Pl,,,FALSE,ICH,NA
ICHmk1,ICHmk1/111,Pli,2,Pl,,,FALSE,ICH,NA
ICHmk1,ICHmk1/112,Pli,3,Pl,,,FALSE,ICH,NA
ICHmk1,ICHmk1/101,Pyi,4,Py,,,FALSE,ICH,NA
ICHmk1,ICHmk1/102,Pyi,3,Py,,,FALSE,ICH,NA
ICHmk1,ICHmk1/103,Pyi,4,Py,,,FALSE,ICH,NA
ICHmk1,ICHmk1/104,Pyi,4,Py,,,FALSE,ICH,NA
ICHmk1,ICHmk1/101,Sxw,1,Sx,,,FALSE,ICH,NA
ICHmk1,ICHmk1/102,Sxw,3,Sx,,,FALSE,ICH,NA
ICHmk1,ICHmk1/103,Sxw,3,Sx,,,FALSE,ICH,NA
ICHmk1,ICHmk1/104,Sxw,2,Sx,,,FALSE,ICH,NA
ICHmk1,ICHmk1/105,Sxw,2,Sx,,,FALSE,ICH,NA
ICHmk1,ICHmk1/110,Sxw,1,Sx,,,FALSE,ICH,NA
ICHmk1,ICHmk1/111,Sxw,1,Sx,,,FALSE,ICH,NA
ICHmk1,ICHmk1/112,Sxw,1,Sx,,,FALSE,ICH,NA
ICHmk1,ICHmk1/112,Tw,3,Tw,,,FALSE,ICH,imputed
ICHmk2,ICHmk2/06,Fdi,2,Fd,,,FALSE,ICH,imputed
ICHmk3,ICHmk3/01,Lw,3,Lw,,,TRUE,ICH,NA
ICHmk3,ICHmk3/03,Lw,3,Lw,,,TRUE,ICH,NA
ICHmk3,ICHmk3/04,Lw,3,Lw,,,TRUE,ICH,NA
ICHmk4,ICHmk4/101,Act,3,Ac,,,FALSE,ICH,NA
ICHmk4,ICHmk4/110,Act,2,Ac,,,FALSE,ICH,NA
ICHmk4,ICHmk4/111,Act,2,Ac,,,FALSE,ICH,NA
ICHmk4,ICHmk4/112,Act,2,Ac,,,FALSE,ICH,NA
ICHmk4,ICHmk4/101,At,2,At,,,FALSE,ICH,NA
ICHmk4,ICHmk4/102,At,3,At,,,FALSE,ICH,NA
ICHmk4,ICHmk4/102a,At,3,At,,,FALSE,ICH,NA
ICHmk4,ICHmk4/102b,At,3,At,,,FALSE,ICH,NA
ICHmk4,ICHmk4/103,At,2,At,,,FALSE,ICH,NA
ICHmk4,ICHmk4/110,At,2,At,,,FALSE,ICH,NA
ICHmk4,ICHmk4/111,At,3,At,,,FALSE,ICH,NA
ICHmk4,ICHmk4/112,At,2,At,,,FALSE,ICH,NA
ICHmk4,ICHmk4/101,Bl,2,Bl,,,FALSE,ICH,NA
ICHmk4,ICHmk4/103,Bl,3,Bl,,,FALSE,ICH,NA
ICHmk4,ICHmk4/110,Bl,2,Bl,,,FALSE,ICH,NA
ICHmk4,ICHmk4/111,Bl,2,Bl,,,FALSE,ICH,NA
ICHmk4,ICHmk4/112,Bl,2,Bl,,,FALSE,ICH,NA
ICHmk4,ICHmk4/101,Cw,1,Cw,,,FALSE,ICH,NA
ICHmk4,ICHmk4/110,Cw,1,Cw,,,FALSE,ICH,NA
ICHmk4,ICHmk4/111,Cw,1,Cw,,,FALSE,ICH,NA
ICHmk4,ICHmk4/112,Cw,2,Cw,,,FALSE,ICH,NA
ICHmk4,ICHmk4/101,Ep,2,Ep,,,FALSE,ICH,NA
ICHmk4,ICHmk4/102,Ep,3,Ep,,,FALSE,ICH,NA
ICHmk4,ICHmk4/102a,Ep,3,Ep,,,FALSE,ICH,NA
ICHmk4,ICHmk4/102b,Ep,3,Ep,,,FALSE,ICH,NA
ICHmk4,ICHmk4/103,Ep,2,Ep,,,FALSE,ICH,NA
ICHmk4,ICHmk4/110,Ep,2,Ep,,,FALSE,ICH,NA
ICHmk4,ICHmk4/111,Ep,2,Ep,,,FALSE,ICH,NA
ICHmk4,ICHmk4/112,Ep,2,Ep,,,FALSE,ICH,NA
ICHmk4,ICHmk4/101,Fdi,2,Fd,,,FALSE,ICH,NA
ICHmk4,ICHmk4/102,Fdi,2,Fd,,,FALSE,ICH,NA
ICHmk4,ICHmk4/102a,Fdi,2,Fd,,,FALSE,ICH,NA
ICHmk4,ICHmk4/102b,Fdi,2,Fd,,,FALSE,ICH,NA
ICHmk4,ICHmk4/103,Fdi,1,Fd,,,FALSE,ICH,NA
ICHmk4,ICHmk4/110,Fdi,3,Fd,,,FALSE,ICH,NA
ICHmk4,ICHmk4/101,Hw,3,Hw,,,FALSE,ICH,imputed
ICHmk4,ICHmk4/101,Lw,2,Lw,,,FALSE,ICH,NA
ICHmk4,ICHmk4/102,Lw,3,Lw,,,FALSE,ICH,NA
ICHmk4,ICHmk4/102a,Lw,3,Lw,,,FALSE,ICH,NA
ICHmk4,ICHmk4/102b,Lw,3,Lw,,,FALSE,ICH,NA
ICHmk4,ICHmk4/103,Lw,2,Lw,,,FALSE,ICH,NA
ICHmk4,ICHmk4/110,Lw,3,Lw,,,FALSE,ICH,NA
ICHmk4,ICHmk4/110,Pli,3,Pl,,,FALSE,ICH,imputed
ICHmk4,ICHmk4/101,Pli,3,Pl,,,FALSE,ICH,NA
ICHmk4,ICHmk4/102,Pli,3,Pl,,,FALSE,ICH,NA
ICHmk4,ICHmk4/102a,Pli,3,Pl,,,FALSE,ICH,NA
ICHmk4,ICHmk4/102b,Pli,3,Pl,,,FALSE,ICH,NA
ICHmk4,ICHmk4/103,Pli,2,Pl,,,FALSE,ICH,NA
ICHmk4,ICHmk4/102,Pyi,4,Py,,,FALSE,ICH,NA
ICHmk4,ICHmk4/102a,Pyi,4,Py,,,FALSE,ICH,NA
ICHmk4,ICHmk4/102b,Pyi,4,Py,,,FALSE,ICH,NA
ICHmk4,ICHmk4/101,Sxw,1,Sx,,,FALSE,ICH,NA
ICHmk4,ICHmk4/103,Sxw,2,Sx,,,FALSE,ICH,NA
ICHmk4,ICHmk4/110,Sxw,1,Sx,,,FALSE,ICH,NA
ICHmk4,ICHmk4/111,Sxw,1,Sx,,,FALSE,ICH,NA
ICHmk4,ICHmk4/112,Sxw,1,Sx,,,FALSE,ICH,NA
ICHmk4,ICHmk4/101,Tw,3,Tw,,,FALSE,ICH,imputed
ICHmk5,ICHmk5/101,Act,3,Ac,,,FALSE,ICH,NA
ICHmk5,ICHmk5/110,Act,2,Ac,,,FALSE,ICH,NA
ICHmk5,ICHmk5/111,Act,2,Ac,,,FALSE,ICH,NA
ICHmk5,ICHmk5/112,Act,2,Ac,,,FALSE,ICH,NA
ICHmk5,ICHmk5/101,At,2,At,,,FALSE,ICH,NA
ICHmk5,ICHmk5/102,At,3,At,,,FALSE,ICH,NA
ICHmk5,ICHmk5/103,At,2,At,,,FALSE,ICH,NA
ICHmk5,ICHmk5/104,At,2,At,,,FALSE,ICH,NA
ICHmk5,ICHmk5/110,At,2,At,,,FALSE,ICH,NA
ICHmk5,ICHmk5/111,At,2,At,,,FALSE,ICH,NA
ICHmk5,ICHmk5/112,At,3,At,,,FALSE,ICH,NA
ICHmk5,ICHmk5/101,Bl,2,Bl,,,FALSE,ICH,NA
ICHmk5,ICHmk5/104,Bl,3,Bl,,,FALSE,ICH,NA
ICHmk5,ICHmk5/110,Bl,2,Bl,,,FALSE,ICH,NA
ICHmk5,ICHmk5/111,Bl,2,Bl,,,FALSE,ICH,NA
ICHmk5,ICHmk5/112,Bl,2,Bl,,,FALSE,ICH,NA
ICHmk5,ICHmk5/101,Cw,2,Cw,,,FALSE,ICH,NA
ICHmk5,ICHmk5/110,Cw,1,Cw,,,FALSE,ICH,NA
ICHmk5,ICHmk5/112,Cw,2,Cw,,,FALSE,ICH,NA
ICHmk5,ICHmk5/101,Ep,2,Ep,,,FALSE,ICH,NA
ICHmk5,ICHmk5/102,Ep,3,Ep,,,FALSE,ICH,NA
ICHmk5,ICHmk5/103,Ep,2,Ep,,,FALSE,ICH,NA
ICHmk5,ICHmk5/104,Ep,2,Ep,,,FALSE,ICH,NA
ICHmk5,ICHmk5/110,Ep,2,Ep,,,FALSE,ICH,NA
ICHmk5,ICHmk5/111,Ep,2,Ep,,,FALSE,ICH,NA
ICHmk5,ICHmk5/112,Ep,2,Ep,,,FALSE,ICH,NA
ICHmk5,ICHmk5/101,Fdi,1,Fd,,,FALSE,ICH,NA
ICHmk5,ICHmk5/102,Fdi,1,Fd,,,FALSE,ICH,NA
ICHmk5,ICHmk5/103,Fdi,1,Fd,,,FALSE,ICH,NA
ICHmk5,ICHmk5/104,Fdi,1,Fd,,,FALSE,ICH,NA
ICHmk5,ICHmk5/110,Fdi,2,Fd,,,FALSE,ICH,NA
ICHmk5,ICHmk5/111,Fdi,2,Fd,,,FALSE,ICH,NA
ICHmk5,ICHmk5/101,Lw,3,Lw,,,TRUE,ICH,NA
ICHmk5,ICHmk5/103,Lw,3,Lw,,,TRUE,ICH,NA
ICHmk5,ICHmk5/104,Lw,3,Lw,,,TRUE,ICH,NA
ICHmk5,ICHmk5/110,Lw,3,Lw,,,TRUE,ICH,NA
ICHmk5,ICHmk5/102,Pf,3,Pf,,,FALSE,ICH,NA
ICHmk5,ICHmk5/101,Pli,2,Pl,,,FALSE,ICH,NA
ICHmk5,ICHmk5/102,Pli,3,Pl,,,FALSE,ICH,NA
ICHmk5,ICHmk5/103,Pli,2,Pl,,,FALSE,ICH,NA
ICHmk5,ICHmk5/104,Pli,2,Pl,,,FALSE,ICH,NA
ICHmk5,ICHmk5/101,Sxw,1,Sx,,,FALSE,ICH,NA
ICHmk5,ICHmk5/104,Sxw,2,Sx,,,FALSE,ICH,NA
ICHmk5,ICHmk5/110,Sxw,1,Sx,,,FALSE,ICH,NA
ICHmk5,ICHmk5/111,Sxw,1,Sx,,,FALSE,ICH,NA
ICHmk5,ICHmk5/112,Sxw,1,Sx,,,FALSE,ICH,NA
ICHmm,ICHmm/02,Ac,3,Ac,,,FALSE,ICH,imputed
ICHmm,ICHmm/01,Lw,3,Lw,,,TRUE,ICH,NA
ICHmw1,ICHmw1/05,Act,2,Ac,,,FALSE,ICH,NA
ICHmw1,ICHmw1/06,Act,2,Ac,,,FALSE,ICH,NA
ICHmw1,ICHmw1/07,Act,2,Ac,,,FALSE,ICH,NA
ICHmw1,ICHmw1/01,At,2,At,,,FALSE,ICH,NA
ICHmw1,ICHmw1/02,At,3,At,,,FALSE,ICH,NA
ICHmw1,ICHmw1/03,At,3,At,,,FALSE,ICH,NA
ICHmw1,ICHmw1/04,At,3,At,,,FALSE,ICH,NA
ICHmw1,ICHmw1/05,At,3,At,,,FALSE,ICH,NA
ICHmw1,ICHmw1/06,At,3,At,,,FALSE,ICH,NA
ICHmw1,ICHmw1/07,At,3,At,,,FALSE,ICH,NA
ICHmw1,ICHmw1/01,Bl,3,Bl,,,FALSE,ICH,NA
ICHmw1,ICHmw1/02,Bl,3,Bl,,,FALSE,ICH,NA
ICHmw1,ICHmw1/03,Bl,2,Bl,,,FALSE,ICH,NA
ICHmw1,ICHmw1/04,Bl,3,Bl,,,FALSE,ICH,NA
ICHmw1,ICHmw1/05,Bl,2,Bl,,,FALSE,ICH,NA
ICHmw1,ICHmw1/06,Bl,1,Bl,,,FALSE,ICH,NA
ICHmw1,ICHmw1/07,Bl,2,Bl,,,FALSE,ICH,NA
ICHmw1,ICHmw1/01,Cw,2,Cw,,,FALSE,ICH,NA
ICHmw1,ICHmw1/02,Cw,3,Cw,,,FALSE,ICH,NA
ICHmw1,ICHmw1/03,Cw,3,Cw,,,FALSE,ICH,NA
ICHmw1,ICHmw1/04,Cw,3,Cw,,,FALSE,ICH,NA
ICHmw1,ICHmw1/05,Cw,1,Cw,,,FALSE,ICH,NA
ICHmw1,ICHmw1/06,Cw,1,Cw,,,FALSE,ICH,NA
ICHmw1,ICHmw1/07,Cw,1,Cw,,,FALSE,ICH,NA
ICHmw1,ICHmw1/01,Ep,2,Ep,,,FALSE,ICH,NA
ICHmw1,ICHmw1/02,Ep,3,Ep,,,FALSE,ICH,NA
ICHmw1,ICHmw1/03,Ep,3,Ep,,,FALSE,ICH,NA
ICHmw1,ICHmw1/04,Ep,2,Ep,,,FALSE,ICH,NA
ICHmw1,ICHmw1/05,Ep,2,Ep,,,FALSE,ICH,NA
ICHmw1,ICHmw1/06,Ep,2,Ep,,,FALSE,ICH,NA
ICHmw1,ICHmw1/07,Ep,2,Ep,,,FALSE,ICH,NA
ICHmw1,ICHmw1/01,Fdi,1,Fd,,,FALSE,ICH,NA
ICHmw1,ICHmw1/02,Fdi,1,Fd,,,FALSE,ICH,NA
ICHmw1,ICHmw1/03,Fdi,1,Fd,,,FALSE,ICH,NA
ICHmw1,ICHmw1/04,Fdi,1,Fd,,,FALSE,ICH,NA
ICHmw1,ICHmw1/05,Fdi,1,Fd,,,FALSE,ICH,NA
ICHmw1,ICHmw1/06,Fdi,2,Fd,,,FALSE,ICH,NA
ICHmw1,ICHmw1/07,Fdi,2,Fd,,,FALSE,ICH,NA
ICHmw1,ICHmw1/01,Hw,3,Hw,,,FALSE,ICH,NA
ICHmw1,ICHmw1/02,Hw,3,Hw,,,FALSE,ICH,NA
ICHmw1,ICHmw1/03,Hw,3,Hw,,,FALSE,ICH,NA
ICHmw1,ICHmw1/04,Hw,3,Hw,,,FALSE,ICH,NA
ICHmw1,ICHmw1/05,Hw,1,Hw,,,FALSE,ICH,NA
ICHmw1,ICHmw1/06,Hw,1,Hw,,,FALSE,ICH,NA
ICHmw1,ICHmw1/07,Hw,1,Hw,,,FALSE,ICH,NA
ICHmw1,ICHmw1/01,Lw,3,Lw,,,TRUE,ICH,NA
ICHmw1,ICHmw1/02,Lw,3,Lw,,,TRUE,ICH,NA
ICHmw1,ICHmw1/03,Lw,3,Lw,,,TRUE,ICH,NA
ICHmw1,ICHmw1/04,Lw,3,Lw,,,TRUE,ICH,NA
ICHmw1,ICHmw1/06,Lw,3,Lw,,,TRUE,ICH,NA
ICHmw1,ICHmw1/04,Pa,3,Pa,,,FALSE,ICH,NA
ICHmw1,ICHmw1/01,Pli,1,Pl,,,FALSE,ICH,NA
ICHmw1,ICHmw1/02,Pli,2,Pl,,,FALSE,ICH,NA
ICHmw1,ICHmw1/03,Pli,1,Pl,,,FALSE,ICH,NA
ICHmw1,ICHmw1/04,Pli,1,Pl,,,FALSE,ICH,NA
ICHmw1,ICHmw1/05,Pli,2,Pl,,,FALSE,ICH,NA
ICHmw1,ICHmw1/06,Pli,2,Pl,,,FALSE,ICH,NA
ICHmw1,ICHmw1/07,Pli,2,Pl,,,FALSE,ICH,NA
ICHmw1,ICHmw1/01,Pw,2,Pw,,,FALSE,ICH,NA
ICHmw1,ICHmw1/02,Pw,2,Pw,,,FALSE,ICH,NA
ICHmw1,ICHmw1/03,Pw,2,Pw,,,FALSE,ICH,NA
ICHmw1,ICHmw1/04,Pw,2,Pw,,,FALSE,ICH,NA
ICHmw1,ICHmw1/05,Pw,2,Pw,,,FALSE,ICH,NA
ICHmw1,ICHmw1/06,Pw,2,Pw,,,FALSE,ICH,NA
ICHmw1,ICHmw1/01,Sxw,2,Sx,,,FALSE,ICH,NA
ICHmw1,ICHmw1/02,Sxw,3,Sx,,,FALSE,ICH,NA
ICHmw1,ICHmw1/03,Sxw,2,Sx,,,FALSE,ICH,NA
ICHmw1,ICHmw1/04,Sxw,3,Sx,,,FALSE,ICH,NA
ICHmw1,ICHmw1/05,Sxw,1,Sx,,,FALSE,ICH,NA
ICHmw1,ICHmw1/06,Sxw,1,Sx,,,FALSE,ICH,NA
ICHmw1,ICHmw1/07,Sxw,1,Sx,,,FALSE,ICH,NA
ICHmw2,ICHmw2/101,Act,3,Ac,,,FALSE,ICH,NA
ICHmw2,ICHmw2/111,Fdi,5,Fd,,,FALSE,ICH,NA
ICHmw2,ICHmw2/111,Lw,5,Lw,,,FALSE,ICH,NA
ICHmw2,ICHmw2/101,Pli,3,Pl,,,FALSE,ICH,imputed
ICHmw2,ICHmw2/111,Pw,5,Pw,,,FALSE,ICH,NA
ICHmw2,ICHmw2/103,Sx,4,Sx,,,FALSE,ICH,imputed
ICHmw2,ICHmw2/110,Tw,3,Tw,,,FALSE,ICH,imputed
ICHmw2,ICHmw2/101,Tw,3,Tw,,,FALSE,ICH,imputed
ICHmw3,ICHmw3/01,Ac,3,Ac,,,FALSE,ICH,imputed
ICHmw3,ICHmw3/09,Pli,4,Pl,,,FALSE,ICH,NA
ICHmw3,ICHmw3/03,Pw,3,Pw,,,FALSE,ICH,NA
ICHmw4,ICHmw4/103,Bg,3,Bg,,,FALSE,ICH,imputed
ICHmw4,ICHmw4/102,Cw,3,Cw,,,FALSE,ICH,imputed
ICHmw4,ICHmw4/112,Pw,5,Pw,,,FALSE,ICH,NA
ICHmw4,ICHmw4/103,Sx,3,Sx,,,FALSE,ICH,imputed
ICHmw5,ICHmw5/101,Pa,3,Pa,,,FALSE,ICH,imputed
ICHmw5,ICHmw5/103,Tw,4,Tw,,,FALSE,ICH,imputed
ICHvc,ICHvc/02,Ac,4,Ac,,,FALSE,ICH,imputed
ICHvc,ICHvc/01,At,3,At,,,FALSE,ICH,NA
ICHvc,ICHvc/01.1,At,3,At,,,FALSE,ICH,NA
ICHvc,ICHvc/01.2,At,3,At,,,FALSE,ICH,NA
ICHvc,ICHvc/02,At,3,At,,,FALSE,ICH,NA
ICHvc,ICHvc/02.1,At,3,At,,,FALSE,ICH,NA
ICHvc,ICHvc/02.2,At,3,At,,,FALSE,ICH,NA
ICHvc,ICHvc/03,At,3,At,,,FALSE,ICH,NA
ICHvc,ICHvc/03a,At,3,At,,,FALSE,ICH,NA
ICHvc,ICHvc/03b,At,3,At,,,FALSE,ICH,NA
ICHvc,ICHvc/04,At,3,At,,,FALSE,ICH,NA
ICHvc,ICHvc/05,At,3,At,,,FALSE,ICH,NA
ICHvc,ICHvc/06,At,3,At,,,FALSE,ICH,NA
ICHvc,ICHvc/01,Ep,3,Ep,,,FALSE,ICH,NA
ICHvc,ICHvc/01.1,Ep,2,Ep,,,FALSE,ICH,NA
ICHvc,ICHvc/01.2,Ep,3,Ep,,,FALSE,ICH,NA
ICHvc,ICHvc/02,Ep,3,Ep,,,FALSE,ICH,NA
ICHvc,ICHvc/02.1,Ep,3,Ep,,,FALSE,ICH,NA
ICHvc,ICHvc/02.2,Ep,3,Ep,,,FALSE,ICH,NA
ICHvc,ICHvc/03,Ep,3,Ep,,,FALSE,ICH,NA
ICHvc,ICHvc/03a,Ep,3,Ep,,,FALSE,ICH,NA
ICHvc,ICHvc/03b,Ep,3,Ep,,,FALSE,ICH,NA
ICHvc,ICHvc/04,Ep,3,Ep,,,FALSE,ICH,NA
ICHvc,ICHvc/06,Ep,3,Ep,,,FALSE,ICH,NA
ICHvk1,ICHvk1/01,Act,3,Ac,,,FALSE,ICH,NA
ICHvk1,ICHvk1/02,Act,3,Ac,,,FALSE,ICH,NA
ICHvk1,ICHvk1/03,Act,3,Ac,,,FALSE,ICH,NA
ICHvk1,ICHvk1/04,Act,3,Ac,,,FALSE,ICH,NA
ICHvk1,ICHvk1/01,At,3,At,,,FALSE,ICH,NA
ICHvk1,ICHvk1/02,At,3,At,,,FALSE,ICH,NA
ICHvk1,ICHvk1/01,Ep,3,Ep,,,FALSE,ICH,NA
ICHvk1,ICHvk1/02,Ep,3,Ep,,,FALSE,ICH,NA
ICHvk1,ICHvk1/01,Fdi,3,Fd,,,FALSE,ICH,NA
ICHvk1,ICHvk1/04,Fdi,3,Fd,,,FALSE,ICH,NA
ICHvk1,ICHvk1/02,Lw,3,Lw,,,TRUE,ICH,NA
ICHvk1,ICHvk1/03,Lw,3,Lw,,,TRUE,ICH,NA
ICHvk1,ICHvk1/04,Lw,3,Lw,,,TRUE,ICH,NA
ICHvk1,ICHvk1/02,Pli,4,Pl,,,FALSE,ICH,NA
ICHvk1,ICHvk1/03,Pli,4,Pl,,,FALSE,ICH,NA
ICHvk1,ICHvk1/06,Pli,4,Pl,,,FALSE,ICH,NA
ICHvk1,ICHvk1/02,Pw,3,Pw,,,FALSE,ICH,NA
ICHvk1,ICHvk1/05,Pw,3,Pw,,,FALSE,ICH,NA
ICHvk1,ICHvk1/06,Pw,3,Pw,,,FALSE,ICH,NA
ICHvk1,ICHvk1/04,Tw,3,Tw,,,FALSE,ICH,imputed
ICHvk2,ICHvk2/01,Act,3,Ac,,,FALSE,ICH,NA
ICHvk2,ICHvk2/04,Act,3,Ac,,,FALSE,ICH,NA
ICHvk2,ICHvk2/05,Act,1,Ac,,,FALSE,ICH,NA
ICHvk2,ICHvk2/06,Act,3,Ac,,,FALSE,ICH,NA
ICHvk2,ICHvk2/01,At,3,At,,,FALSE,ICH,NA
ICHvk2,ICHvk2/03,At,3,At,,,FALSE,ICH,NA
ICHvk2,ICHvk2/04,At,3,At,,,FALSE,ICH,NA
ICHvk2,ICHvk2/01,Bl,2,Bl,,,FALSE,ICH,NA
ICHvk2,ICHvk2/03,Bl,2,Bl,,,FALSE,ICH,NA
ICHvk2,ICHvk2/04,Bl,1,Bl,,,FALSE,ICH,NA
ICHvk2,ICHvk2/05,Bl,2,Bl,,,FALSE,ICH,NA
ICHvk2,ICHvk2/06,Bl,3,Bl,,,FALSE,ICH,NA
ICHvk2,ICHvk2/01,Cw,2,Cw,,,FALSE,ICH,NA
ICHvk2,ICHvk2/02,Cw,3,Cw,,,FALSE,ICH,NA
ICHvk2,ICHvk2/03,Cw,3,Cw,,,FALSE,ICH,NA
ICHvk2,ICHvk2/04,Cw,2,Cw,,,FALSE,ICH,NA
ICHvk2,ICHvk2/05,Cw,2,Cw,,,FALSE,ICH,NA
ICHvk2,ICHvk2/06,Cw,3,Cw,,,FALSE,ICH,NA
ICHvk2,ICHvk2/01,Ep,3,Ep,,,FALSE,ICH,NA
ICHvk2,ICHvk2/03,Ep,3,Ep,,,FALSE,ICH,NA
ICHvk2,ICHvk2/04,Ep,3,Ep,,,FALSE,ICH,NA
ICHvk2,ICHvk2/05,Ep,3,Ep,,,FALSE,ICH,NA
ICHvk2,ICHvk2/01,Fdi,3,Fd,,,FALSE,ICH,NA
ICHvk2,ICHvk2/02,Fdi,2,Fd,,,FALSE,ICH,NA
ICHvk2,ICHvk2/03,Fdi,2,Fd,,,FALSE,ICH,NA
ICHvk2,ICHvk2/04,Fdi,3,Fd,,,FALSE,ICH,NA
ICHvk2,ICHvk2/01,Hw,1,Hw,,,FALSE,ICH,NA
ICHvk2,ICHvk2/02,Hw,2,Hw,,,FALSE,ICH,NA
ICHvk2,ICHvk2/03,Hw,2,Hw,,,FALSE,ICH,NA
ICHvk2,ICHvk2/04,Hw,1,Hw,,,FALSE,ICH,NA
ICHvk2,ICHvk2/05,Hw,3,Hw,,,FALSE,ICH,NA
ICHvk2,ICHvk2/06,Hw,2,Hw,,,FALSE,ICH,NA
ICHvk2,ICHvk2/01,Lw,3,Lw,,,TRUE,ICH,NA
ICHvk2,ICHvk2/03,Lw,3,Lw,,,TRUE,ICH,NA
ICHvk2,ICHvk2/04,Lw,3,Lw,,,TRUE,ICH,NA
ICHvk2,ICHvk2/01,Pli,2,Pl,,,FALSE,ICH,NA
ICHvk2,ICHvk2/02,Pli,3,Pl,,,FALSE,ICH,NA
ICHvk2,ICHvk2/03,Pli,2,Pl,,,FALSE,ICH,NA
ICHvk2,ICHvk2/04,Pli,2,Pl,,,FALSE,ICH,NA
ICHvk2,ICHvk2/05,Pli,2,Pl,,,FALSE,ICH,NA
ICHvk2,ICHvk2/06,Pli,3,Pl,,,FALSE,ICH,NA
ICHvk2,ICHvk2/07,Pli,3,Pl,,,FALSE,ICH,NA
ICHvk2,ICHvk2/01,Pw,4,Pw,,,FALSE,ICH,NA
ICHvk2,ICHvk2/07,Sb,2,Sb,,,FALSE,ICH,NA
ICHvk2,ICHvk2/01,Sxw,1,Sx,,,FALSE,ICH,NA
ICHvk2,ICHvk2/02,Sxw,3,Sx,,,FALSE,ICH,NA
ICHvk2,ICHvk2/03,Sxw,3,Sx,,,FALSE,ICH,NA
ICHvk2,ICHvk2/04,Sxw,1,Sx,,,FALSE,ICH,NA
ICHvk2,ICHvk2/05,Sxw,2,Sx,,,FALSE,ICH,NA
ICHvk2,ICHvk2/06,Sxw,2,Sx,,,FALSE,ICH,NA
ICHvk2,ICHvk2/07,Sxw,3,Sx,,,FALSE,ICH,NA
ICHwc,ICHwc/01,Act,3,Ac,,,FALSE,ICH,NA
ICHwc,ICHwc/04,Act,3,Ac,,,FALSE,ICH,NA
ICHwc,ICHwc/05,Act,3,Ac,,,FALSE,ICH,NA
ICHwc,ICHwc/06,Act,1,Ac,,,FALSE,ICH,NA
ICHwc,ICHwc/08,Act,3,Ac,,,FALSE,ICH,NA
ICHwc,ICHwc/01,At,2,At,,,FALSE,ICH,NA
ICHwc,ICHwc/02,At,3,At,,,FALSE,ICH,NA
ICHwc,ICHwc/03,At,2,At,,,FALSE,ICH,NA
ICHwc,ICHwc/04,At,3,At,,,FALSE,ICH,NA
ICHwc,ICHwc/05,At,3,At,,,FALSE,ICH,NA
ICHwc,ICHwc/06,At,3,At,,,FALSE,ICH,NA
ICHwc,ICHwc/08,At,3,At,,,FALSE,ICH,NA
ICHwc,ICHwc/01,Bl,1,Bl,,,FALSE,ICH,NA
ICHwc,ICHwc/02,Bl,3,Bl,,,FALSE,ICH,NA
ICHwc,ICHwc/03,Bl,1,Bl,,,FALSE,ICH,NA
ICHwc,ICHwc/04,Bl,1,Bl,,,FALSE,ICH,NA
ICHwc,ICHwc/05,Bl,1,Bl,,,FALSE,ICH,NA
ICHwc,ICHwc/06,Bl,1,Bl,,,FALSE,ICH,NA
ICHwc,ICHwc/07,Bl,2,Bl,,,FALSE,ICH,NA
ICHwc,ICHwc/08,Bl,1,Bl,,,FALSE,ICH,NA
ICHwc,ICHwc/01,Ep,2,Ep,,,FALSE,ICH,NA
ICHwc,ICHwc/03,Ep,2,Ep,,,FALSE,ICH,NA
ICHwc,ICHwc/04,Ep,3,Ep,,,FALSE,ICH,NA
ICHwc,ICHwc/05,Ep,3,Ep,,,FALSE,ICH,NA
ICHwc,ICHwc/06,Ep,3,Ep,,,FALSE,ICH,NA
ICHwc,ICHwc/08,Ep,3,Ep,,,FALSE,ICH,NA
ICHwc,ICHwc/01,Hw,1,Hw,,,FALSE,ICH,NA
ICHwc,ICHwc/02,Hw,3,Hw,,,FALSE,ICH,NA
ICHwc,ICHwc/03,Hw,1,Hw,,,FALSE,ICH,NA
ICHwc,ICHwc/04,Hw,2,Hw,,,FALSE,ICH,NA
ICHwc,ICHwc/05,Hw,2,Hw,,,FALSE,ICH,NA
ICHwc,ICHwc/06,Hw,3,Hw,,,FALSE,ICH,NA
ICHwc,ICHwc/07,Hw,3,Hw,,,FALSE,ICH,NA
ICHwc,ICHwc/08,Hw,3,Hw,,,FALSE,ICH,NA
ICHwc,ICHwc/01,Pli,2,Pl,,,FALSE,ICH,NA
ICHwc,ICHwc/02,Pli,2,Pl,,,FALSE,ICH,NA
ICHwc,ICHwc/03,Pli,1,Pl,,,FALSE,ICH,NA
ICHwc,ICHwc/04,Pli,3,Pl,,,FALSE,ICH,NA
ICHwc,ICHwc/05,Pli,3,Pl,,,FALSE,ICH,NA
ICHwc,ICHwc/06,Pli,3,Pl,,,FALSE,ICH,NA
ICHwc,ICHwc/07,Pli,3,Pl,,,FALSE,ICH,NA
ICHwc,ICHwc/01,Sxw,1,Sx,,,FALSE,ICH,NA
ICHwc,ICHwc/03,Sxw,1,Sx,,,FALSE,ICH,NA
ICHwc,ICHwc/04,Sxw,1,Sx,,,FALSE,ICH,NA
ICHwc,ICHwc/05,Sxw,1,Sx,,,FALSE,ICH,NA
ICHwc,ICHwc/06,Sxw,1,Sx,,,FALSE,ICH,NA
ICHwc,ICHwc/07,Sxw,1,Sx,,,FALSE,ICH,NA
ICHwc,ICHwc/08,Sxw,1,Sx,,,FALSE,ICH,NA
ICHwk1,ICHwk1/01,Act,3,Ac,,,FALSE,ICH,NA
ICHwk1,ICHwk1/04,Act,3,Ac,,,FALSE,ICH,NA
ICHwk1,ICHwk1/08,Act,3,Ac,,,FALSE,ICH,NA
ICHwk1,ICHwk1/08,At,3,At,,,FALSE,ICH,NA
ICHwk1,ICHwk1/02,Bl,3,Bl,,,FALSE,ICH,NA
ICHwk1,ICHwk1/08,Bl,2,Bl,,,FALSE,ICH,NA
ICHwk1,ICHwk1/08,Cw,1,Cw,,,FALSE,ICH,NA
ICHwk1,ICHwk1/08,Ep,3,Ep,,,FALSE,ICH,NA
ICHwk1,ICHwk1/05,Fdi,2,Fd,,,FALSE,ICH,NA
ICHwk1,ICHwk1/08,Hw,1,Hw,,,FALSE,ICH,NA
ICHwk1,ICHwk1/05,Lw,3,Lw,,,TRUE,ICH,NA
ICHwk1,ICHwk1/01,Pli,4,Pl,,,FALSE,ICH,NA
ICHwk1,ICHwk1/04,Pli,4,Pl,,,FALSE,ICH,NA
ICHwk1,ICHwk1/05,Pli,3,Pl,,,FALSE,ICH,NA
ICHwk1,ICHwk1/06,Pli,3,Pl,,,FALSE,ICH,NA
ICHwk1,ICHwk1/07,Pli,4,Pl,,,FALSE,ICH,NA
ICHwk1,ICHwk1/08,Pli,4,Pl,,,FALSE,ICH,NA
ICHwk1,ICHwk1/06,Pw,3,Pw,,,FALSE,ICH,NA
ICHwk1,ICHwk1/07,Pw,3,Pw,,,FALSE,ICH,NA
ICHwk1,ICHwk1/08,Sxw,1,Sx,,,FALSE,ICH,NA
ICHwk1,ICHwk1/04,Tw,3,Tw,,,FALSE,ICH,imputed
ICHwk1,ICHwk1/03,Tw,3,Tw,,,FALSE,ICH,imputed
ICHwk1,ICHwk1/06,Tw,4,Tw,,,FALSE,ICH,imputed
ICHwk2,ICHwk2/02,Ep,3,Ep,,,FALSE,ICH,imputed
ICHwk2,ICHwk2/01,Lw,3,Lw,,,TRUE,ICH,NA
ICHwk2,ICHwk2/01a,Lw,3,Lw,,,TRUE,ICH,NA
ICHwk2,ICHwk2/01b,Lw,3,Lw,,,TRUE,ICH,NA
ICHwk2,ICHwk2/04,Lw,3,Lw,,,TRUE,ICH,NA
ICHwk2,ICHwk2/05,Lw,3,Lw,,,TRUE,ICH,NA
ICHwk2,ICHwk2/04,Tw,3,Tw,,,FALSE,ICH,imputed
ICHwk3,ICHwk3/01,Lw,3,Lw,,,TRUE,ICH,NA
ICHwk4,ICHwk4/04,Cw,3,Cw,,,FALSE,ICH,imputed
ICHwk4,ICHwk4/04,Ep,3,Ep,,,FALSE,ICH,imputed
ICHxm1,ICHxm1/104.1,Cw,3,Cw,,,FALSE,ICH,imputed
ICHxm1,ICHxm1/101,Sx,3,Sx,,,FALSE,ICH,imputed
ICHxw,ICHxw/101,Tw,3,Tw,,,FALSE,ICH,imputed
ICHxwa,ICHxwa/110,Act,3,Ac,,,FALSE,ICH,NA
ICHxwa,ICHxwa/111,Act,2,Ac,,,FALSE,ICH,NA
ICHxwa,ICHxwa/112,Act,2,Ac,,,FALSE,ICH,NA
ICHxwa,ICHxwa/113,Act,2,Ac,,,FALSE,ICH,NA
ICHxwa,ICHxwa/101,At,2,At,,,FALSE,ICH,NA
ICHxwa,ICHxwa/102,At,3,At,,,FALSE,ICH,NA
ICHxwa,ICHxwa/103,At,3,At,,,FALSE,ICH,NA
ICHxwa,ICHxwa/104,At,3,At,,,FALSE,ICH,NA
ICHxwa,ICHxwa/110,At,2,At,,,FALSE,ICH,NA
ICHxwa,ICHxwa/111,At,3,At,,,FALSE,ICH,NA
ICHxwa,ICHxwa/112,At,3,At,,,FALSE,ICH,NA
ICHxwa,ICHxwa/113,At,3,At,,,FALSE,ICH,NA
ICHxwa,ICHxwa/101,Bg,2,Bg,,,FALSE,ICH,NA
ICHxwa,ICHxwa/104,Bg,3,Bg,,,FALSE,ICH,NA
ICHxwa,ICHxwa/110,Bg,2,Bg,,,FALSE,ICH,NA
ICHxwa,ICHxwa/111,Bg,2,Bg,,,FALSE,ICH,NA
ICHxwa,ICHxwa/101,Cw,2,Cw,,,FALSE,ICH,NA
ICHxwa,ICHxwa/104,Cw,3,Cw,,,FALSE,ICH,NA
ICHxwa,ICHxwa/110,Cw,1,Cw,,,FALSE,ICH,NA
ICHxwa,ICHxwa/111,Cw,1,Cw,,,FALSE,ICH,NA
ICHxwa,ICHxwa/112,Cw,1,Cw,,,FALSE,ICH,NA
ICHxwa,ICHxwa/113,Cw,1,Cw,,,FALSE,ICH,NA
ICHxwa,ICHxwa/101,Ep,2,Ep,,,FALSE,ICH,NA
ICHxwa,ICHxwa/102,Ep,3,Ep,,,FALSE,ICH,NA
ICHxwa,ICHxwa/103,Ep,3,Ep,,,FALSE,ICH,NA
ICHxwa,ICHxwa/104,Ep,3,Ep,,,FALSE,ICH,NA
ICHxwa,ICHxwa/110,Ep,2,Ep,,,FALSE,ICH,NA
ICHxwa,ICHxwa/111,Ep,2,Ep,,,FALSE,ICH,NA
ICHxwa,ICHxwa/113,Ep,3,Ep,,,FALSE,ICH,NA
ICHxwa,ICHxwa/101,Fdi,1,Fd,,,FALSE,ICH,NA
ICHxwa,ICHxwa/102,Fdi,3,Fd,,,FALSE,ICH,NA
ICHxwa,ICHxwa/103,Fdi,1,Fd,,,FALSE,ICH,NA
ICHxwa,ICHxwa/104,Fdi,1,Fd,,,FALSE,ICH,NA
ICHxwa,ICHxwa/110,Fdi,1,Fd,,,FALSE,ICH,NA
ICHxwa,ICHxwa/111,Fdi,1,Fd,,,FALSE,ICH,NA
ICHxwa,ICHxwa/101,Hw,3,Hw,,,FALSE,ICH,NA
ICHxwa,ICHxwa/110,Hw,2,Hw,,,FALSE,ICH,NA
ICHxwa,ICHxwa/111,Hw,2,Hw,,,FALSE,ICH,NA
ICHxwa,ICHxwa/112,Hw,1,Hw,,,FALSE,ICH,NA
ICHxwa,ICHxwa/113,Hw,1,Hw,,,FALSE,ICH,NA
ICHxwa,ICHxwa/101,Lw,2,Lw,,,FALSE,ICH,NA
ICHxwa,ICHxwa/103,Lw,3,Lw,,,FALSE,ICH,NA
ICHxwa,ICHxwa/104,Lw,2,Lw,,,FALSE,ICH,NA
ICHxwa,ICHxwa/110,Lw,1,Lw,,,FALSE,ICH,NA
ICHxwa,ICHxwa/111,Lw,1,Lw,,,FALSE,ICH,NA
ICHxwa,ICHxwa/101,Pli,3,Pl,,,FALSE,ICH,NA
ICHxwa,ICHxwa/104,Pli,3,Pl,,,FALSE,ICH,NA
ICHxwa,ICHxwa/101,Pw,2,Pw,,,FALSE,ICH,NA
ICHxwa,ICHxwa/104,Pw,3,Pw,,,FALSE,ICH,NA
ICHxwa,ICHxwa/110,Pw,2,Pw,,,FALSE,ICH,NA
ICHxwa,ICHxwa/111,Pw,2,Pw,,,FALSE,ICH,NA
ICHxwa,ICHxwa/112,Pw,2,Pw,,,FALSE,ICH,NA
ICHxwa,ICHxwa/113,Pw,2,Pw,,,FALSE,ICH,NA
ICHxwa,ICHxwa/101,Pyi,3,Py,,,FALSE,ICH,NA
ICHxwa,ICHxwa/102,Pyi,2,Py,,,FALSE,ICH,NA
ICHxwa,ICHxwa/103,Pyi,1,Py,,,FALSE,ICH,NA
ICHxwa,ICHxwa/104,Pyi,2,Py,,,FALSE,ICH,NA
ICHxwa,ICHxwa/110,Sxw,3,Sx,,,FALSE,ICH,NA
ICHxwa,ICHxwa/111,Sxw,3,Sx,,,FALSE,ICH,NA
ICHxwa,ICHxwa/112,Sxw,1,Sx,,,FALSE,ICH,NA
ICHxwa,ICHxwa/113,Sxw,1,Sx,,,FALSE,ICH,NA
IDFdc,IDFdc/03,At,3,At,,,FALSE,IDF,imputed
IDFdc,IDFdc/02,Pli,3,Pl,,,FALSE,IDF,imputed
IDFdc,IDFdc/04,Sx,2,Sx,,,FALSE,IDF,imputed
IDFdh,IDFdh/110,At,2,At,,,FALSE,IDF,NA
IDFdh,IDFdh/110,Cw,2,Cw,,,FALSE,IDF,NA
IDFdh,IDFdh/111,Cw,2,Cw,,,FALSE,IDF,NA
IDFdh,IDFdh/101,Ep,3,Ep,,,FALSE,IDF,NA
IDFdh,IDFdh/110,Ep,2,Ep,,,FALSE,IDF,NA
IDFdh,IDFdh/111,Ep,2,Ep,,,FALSE,IDF,NA
IDFdh,IDFdh/101,Fdi,1,Fd,,,FALSE,IDF,NA
IDFdh,IDFdh/102,Fdi,2,Fd,,,FALSE,IDF,NA
IDFdh,IDFdh/103,Fdi,1,Fd,,,FALSE,IDF,NA
IDFdh,IDFdh/104,Fdi,1,Fd,,,FALSE,IDF,NA
IDFdh,IDFdh/110,Fdi,1,Fd,,,FALSE,IDF,NA
IDFdh,IDFdh/111,Fdi,2,Fd,,,FALSE,IDF,NA
IDFdh,IDFdh/101,Lw,1,Lw,,,FALSE,IDF,NA
IDFdh,IDFdh/104,Lw,2,Lw,,,FALSE,IDF,NA
IDFdh,IDFdh/110,Lw,2,Lw,,,FALSE,IDF,NA
IDFdh,IDFdh/111,Lw,2,Lw,,,FALSE,IDF,NA
IDFdh,IDFdh/110,Pli,2,Pl,,,FALSE,IDF,NA
IDFdh,IDFdh/101,Pyi,2,Py,,,FALSE,IDF,NA
IDFdh,IDFdh/102,Pyi,1,Py,,,FALSE,IDF,NA
IDFdh,IDFdh/103,Pyi,1,Py,,,FALSE,IDF,NA
IDFdh,IDFdh/104,Pyi,1,Py,,,FALSE,IDF,NA
IDFdh,IDFdh/110,Pyi,1,Py,,,FALSE,IDF,NA
IDFdh,IDFdh/111,Pyi,5,Py,,,FALSE,IDF,NA
IDFdh,IDFdh/110,Sxw,2,Sx,,,FALSE,IDF,NA
IDFdh,IDFdh/111,Sxw,1,Sx,,,FALSE,IDF,NA
IDFdk1,IDFdk1/Fm02,Act,1,Ac,,,FALSE,IDF,NA
IDFdk1,IDFdk1/Fm05,Act,1,Ac,,,FALSE,IDF,NA
IDFdk1,IDFdk1/103,At,3,At,,,FALSE,IDF,imputed
IDFdk1,IDFdk1/Fm02,At,2,At,,,FALSE,IDF,NA
IDFdk1,IDFdk1/Fm05,At,2,At,,,FALSE,IDF,NA
IDFdk1,IDFdk1/Fm02,Ep,2,Ep,,,FALSE,IDF,NA
IDFdk1,IDFdk1/Fm05,Ep,2,Ep,,,FALSE,IDF,NA
IDFdk1,IDFdk1/111,Fdi,2,Fd,,,FALSE,IDF,imputed
IDFdk1,IDFdk1/Fm02,Fdi,3,Fd,,,FALSE,IDF,NA
IDFdk1,IDFdk1/Fm05,Fdi,2,Fd,,,FALSE,IDF,NA
IDFdk1,IDFdk1/Fm02,Pli,3,Pl,,,FALSE,IDF,NA
IDFdk1,IDFdk1/Fm05,Pli,3,Pl,,,FALSE,IDF,NA
IDFdk1,IDFdk1/105,Sx,3,Sx,,,FALSE,IDF,imputed
IDFdk1,IDFdk1/104,Sx,3,Sx,,,FALSE,IDF,imputed
IDFdk1,IDFdk1/Fm02,Sxw,2,Sx,,,FALSE,IDF,NA
IDFdk1,IDFdk1/Fm05,Sxw,2,Sx,,,FALSE,IDF,NA
IDFdk2,IDFdk2/101,Ac,4,Ac,,,FALSE,IDF,imputed
IDFdk2,IDFdk2/110,Ac,3,Ac,,,FALSE,IDF,imputed
IDFdk2,IDFdk2/Fm02,Act,1,Ac,,,FALSE,IDF,NA
IDFdk2,IDFdk2/Fm02,At,2,At,,,FALSE,IDF,NA
IDFdk2,IDFdk2/Fm02,Ep,2,Ep,,,FALSE,IDF,NA
IDFdk2,IDFdk2/Fm02,Fdi,3,Fd,,,FALSE,IDF,NA
IDFdk2,IDFdk2/110,Pli,3,Pl,,,FALSE,IDF,imputed
IDFdk2,IDFdk2/Fm02,Pli,3,Pl,,,FALSE,IDF,NA
IDFdk2,IDFdk2/Fm02,Sxw,2,Sx,,,FALSE,IDF,NA
IDFdk3,IDFdk3/01,Lw,3,Lw,,,TRUE,IDF,NA
IDFdk3,IDFdk3/06,Sx,4,Sx,,,FALSE,IDF,imputed
IDFdk4,IDFdk4/01,Lw,3,Lw,,,TRUE,IDF,NA
IDFdk4,IDFdk4/01,Sxw,5,Sx,,,FALSE,IDF,NA
IDFdk5,IDFdk5/110,Act,2,Ac,,,FALSE,IDF,NA
IDFdk5,IDFdk5/111,Act,2,Ac,,,FALSE,IDF,NA
IDFdk5,IDFdk5/102,At,5,At,,,FALSE,IDF,NA
IDFdk5,IDFdk5/103,At,5,At,,,FALSE,IDF,NA
IDFdk5,IDFdk5/104,At,2,At,,,FALSE,IDF,NA
IDFdk5,IDFdk5/110,At,1,At,,,FALSE,IDF,NA
IDFdk5,IDFdk5/111,At,2,At,,,FALSE,IDF,NA
IDFdk5,IDFdk5/101,Bl,3,Bl,,,FALSE,IDF,imputed
IDFdk5,IDFdk5/101,Ep,2,Ep,,,FALSE,IDF,NA
IDFdk5,IDFdk5/104,Ep,3,Ep,,,FALSE,IDF,NA
IDFdk5,IDFdk5/110,Ep,1,Ep,,,FALSE,IDF,NA
IDFdk5,IDFdk5/111,Ep,3,Ep,,,FALSE,IDF,NA
IDFdk5,IDFdk5/101,Fdi,1,Fd,,,FALSE,IDF,NA
IDFdk5,IDFdk5/102,Fdi,2,Fd,,,FALSE,IDF,NA
IDFdk5,IDFdk5/103,Fdi,1,Fd,,,FALSE,IDF,NA
IDFdk5,IDFdk5/104,Fdi,1,Fd,,,FALSE,IDF,NA
IDFdk5,IDFdk5/110,Fdi,2,Fd,,,FALSE,IDF,NA
IDFdk5,IDFdk5/101,Lw,3,Lw,,,TRUE,IDF,NA
IDFdk5,IDFdk5/104,Lw,3,Lw,,,TRUE,IDF,NA
IDFdk5,IDFdk5/110,Lw,3,Lw,,,TRUE,IDF,NA
IDFdk5,IDFdk5/103,Pli,3,Pl,,,FALSE,IDF,imputed
IDFdk5,IDFdk5/101,Pli,2,Pl,,,FALSE,IDF,NA
IDFdk5,IDFdk5/102,Pli,3,Pl,,,FALSE,IDF,NA
IDFdk5,IDFdk5/104,Pli,2,Pl,,,FALSE,IDF,NA
IDFdk5,IDFdk5/110,Pli,3,Pl,,,FALSE,IDF,NA
IDFdk5,IDFdk5/111,Pli,3,Pl,,,FALSE,IDF,NA
IDFdk5,IDFdk5/102,Pyi,4,Py,,,FALSE,IDF,NA
IDFdk5,IDFdk5/103,Pyi,4,Py,,,FALSE,IDF,NA
IDFdk5,IDFdk5/104,Pyi,4,Py,,,FALSE,IDF,NA
IDFdk5,IDFdk5/110,Sxw,1,Sx,,,FALSE,IDF,NA
IDFdk5,IDFdk5/111,Sxw,1,Sx,,,FALSE,IDF,NA
IDFdm1,IDFdm1/111,Act,2,Ac,,,FALSE,IDF,NA
IDFdm1,IDFdm1/112,Act,2,Ac,,,FALSE,IDF,NA
IDFdm1,IDFdm1/101,At,2,At,,,FALSE,IDF,NA
IDFdm1,IDFdm1/103,At,3,At,,,FALSE,IDF,NA
IDFdm1,IDFdm1/104,At,3,At,,,FALSE,IDF,NA
IDFdm1,IDFdm1/110,At,3,At,,,FALSE,IDF,NA
IDFdm1,IDFdm1/110.1,At,3,At,,,FALSE,IDF,NA
IDFdm1,IDFdm1/110.2,At,3,At,,,FALSE,IDF,NA
IDFdm1,IDFdm1/111,At,2,At,,,FALSE,IDF,NA
IDFdm1,IDFdm1/112,At,2,At,,,FALSE,IDF,NA
IDFdm1,IDFdm1/112,Bl,4,Bl,,,FALSE,IDF,NA
IDFdm1,IDFdm1/110,Cw,3,Cw,,,FALSE,IDF,NA
IDFdm1,IDFdm1/110.1,Cw,3,Cw,,,FALSE,IDF,NA
IDFdm1,IDFdm1/110.2,Cw,3,Cw,,,FALSE,IDF,NA
IDFdm1,IDFdm1/101,Ep,3,Ep,,,FALSE,IDF,NA
IDFdm1,IDFdm1/110,Ep,2,Ep,,,FALSE,IDF,NA
IDFdm1,IDFdm1/110.1,Ep,2,Ep,,,FALSE,IDF,NA
IDFdm1,IDFdm1/110.2,Ep,2,Ep,,,FALSE,IDF,NA
IDFdm1,IDFdm1/111,Ep,2,Ep,,,FALSE,IDF,NA
IDFdm1,IDFdm1/112,Ep,2,Ep,,,FALSE,IDF,NA
IDFdm1,IDFdm1/101,Fdi,1,Fd,,,FALSE,IDF,NA
IDFdm1,IDFdm1/102,Fdi,2,Fd,,,FALSE,IDF,NA
IDFdm1,IDFdm1/103,Fdi,1,Fd,,,FALSE,IDF,NA
IDFdm1,IDFdm1/104,Fdi,1,Fd,,,FALSE,IDF,NA
IDFdm1,IDFdm1/110,Fdi,1,Fd,,,FALSE,IDF,NA
IDFdm1,IDFdm1/110.1,Fdi,1,Fd,,,FALSE,IDF,NA
IDFdm1,IDFdm1/110.2,Fdi,1,Fd,,,FALSE,IDF,NA
IDFdm1,IDFdm1/111,Fdi,2,Fd,,,FALSE,IDF,NA
IDFdm1,IDFdm1/112,Fdi,5,Fd,,,FALSE,IDF,NA
IDFdm1,IDFdm1/101,Lw,1,Lw,,,FALSE,IDF,NA
IDFdm1,IDFdm1/103,Lw,3,Lw,,,FALSE,IDF,NA
IDFdm1,IDFdm1/104,Lw,2,Lw,,,FALSE,IDF,NA
IDFdm1,IDFdm1/110,Lw,2,Lw,,,FALSE,IDF,NA
IDFdm1,IDFdm1/110.1,Lw,2,Lw,,,FALSE,IDF,NA
IDFdm1,IDFdm1/110.2,Lw,2,Lw,,,FALSE,IDF,NA
IDFdm1,IDFdm1/111,Lw,2,Lw,,,FALSE,IDF,NA
IDFdm1,IDFdm1/112,Lw,5,Lw,,,FALSE,IDF,NA
IDFdm1,IDFdm1/101,Pli,2,Pl,,,FALSE,IDF,NA
IDFdm1,IDFdm1/102,Pli,3,Pl,,,FALSE,IDF,NA
IDFdm1,IDFdm1/103,Pli,3,Pl,,,FALSE,IDF,NA
IDFdm1,IDFdm1/104,Pli,2,Pl,,,FALSE,IDF,NA
IDFdm1,IDFdm1/110,Pli,2,Pl,,,FALSE,IDF,NA
IDFdm1,IDFdm1/110.1,Pli,2,Pl,,,FALSE,IDF,NA
IDFdm1,IDFdm1/110.2,Pli,2,Pl,,,FALSE,IDF,NA
IDFdm1,IDFdm1/111,Pli,2,Pl,,,FALSE,IDF,NA
IDFdm1,IDFdm1/112,Pli,3,Pl,,,FALSE,IDF,NA
IDFdm1,IDFdm1/101,Pyi,3,Py,,,FALSE,IDF,NA
IDFdm1,IDFdm1/102,Pyi,3,Py,,,FALSE,IDF,NA
IDFdm1,IDFdm1/103,Pyi,1,Py,,,FALSE,IDF,NA
IDFdm1,IDFdm1/104,Pyi,2,Py,,,FALSE,IDF,NA
IDFdm1,IDFdm1/110,Pyi,5,Py,,,FALSE,IDF,NA
IDFdm1,IDFdm1/110.1,Pyi,5,Py,,,FALSE,IDF,NA
IDFdm1,IDFdm1/110.2,Pyi,5,Py,,,FALSE,IDF,NA
IDFdm1,IDFdm1/110,Sxw,1,Sx,,,FALSE,IDF,NA
IDFdm1,IDFdm1/110.1,Sxw,1,Sx,,,FALSE,IDF,NA
IDFdm1,IDFdm1/110.2,Sxw,1,Sx,,,FALSE,IDF,NA
IDFdm1,IDFdm1/111,Sxw,1,Sx,,,FALSE,IDF,NA
IDFdm1,IDFdm1/112,Sxw,1,Sx,,,FALSE,IDF,NA
IDFdm2,IDFdm2/111,Act,3,Ac,,,FALSE,IDF,NA
IDFdm2,IDFdm2/112,Act,2,Ac,,,FALSE,IDF,NA
IDFdm2,IDFdm2/112a,Act,2,Ac,,,FALSE,IDF,NA
IDFdm2,IDFdm2/112b,Act,2,Ac,,,FALSE,IDF,NA
IDFdm2,IDFdm2/101,At,3,At,,,FALSE,IDF,NA
IDFdm2,IDFdm2/102,At,5,At,,,FALSE,IDF,NA
IDFdm2,IDFdm2/103,At,5,At,,,FALSE,IDF,NA
IDFdm2,IDFdm2/104,At,5,At,,,FALSE,IDF,NA
IDFdm2,IDFdm2/110,At,2,At,,,FALSE,IDF,NA
IDFdm2,IDFdm2/111,At,2,At,,,FALSE,IDF,NA
IDFdm2,IDFdm2/112,At,2,At,,,FALSE,IDF,NA
IDFdm2,IDFdm2/112a,At,2,At,,,FALSE,IDF,NA
IDFdm2,IDFdm2/112b,At,2,At,,,FALSE,IDF,NA
IDFdm2,IDFdm2/101,Ep,2,Ep,,,FALSE,IDF,NA
IDFdm2,IDFdm2/103,Ep,5,Ep,,,FALSE,IDF,NA
IDFdm2,IDFdm2/104,Ep,5,Ep,,,FALSE,IDF,NA
IDFdm2,IDFdm2/110,Ep,3,Ep,,,FALSE,IDF,NA
IDFdm2,IDFdm2/111,Ep,2,Ep,,,FALSE,IDF,NA
IDFdm2,IDFdm2/112,Ep,3,Ep,,,FALSE,IDF,NA
IDFdm2,IDFdm2/112a,Ep,3,Ep,,,FALSE,IDF,NA
IDFdm2,IDFdm2/112b,Ep,3,Ep,,,FALSE,IDF,NA
IDFdm2,IDFdm2/101,Fdi,1,Fd,,,FALSE,IDF,NA
IDFdm2,IDFdm2/102,Fdi,2,Fd,,,FALSE,IDF,NA
IDFdm2,IDFdm2/103,Fdi,1,Fd,,,FALSE,IDF,NA
IDFdm2,IDFdm2/104,Fdi,1,Fd,,,FALSE,IDF,NA
IDFdm2,IDFdm2/110,Fdi,2,Fd,,,FALSE,IDF,NA
IDFdm2,IDFdm2/111,Fdi,2,Fd,,,FALSE,IDF,NA
IDFdm2,IDFdm2/101,Lw,2,Lw,,,FALSE,IDF,NA
IDFdm2,IDFdm2/103,Lw,3,Lw,,,FALSE,IDF,NA
IDFdm2,IDFdm2/104,Lw,2,Lw,,,FALSE,IDF,NA
IDFdm2,IDFdm2/110,Lw,2,Lw,,,FALSE,IDF,NA
IDFdm2,IDFdm2/111,Lw,2,Lw,,,FALSE,IDF,NA
IDFdm2,IDFdm2/101,Pli,2,Pl,,,FALSE,IDF,NA
IDFdm2,IDFdm2/104,Pli,3,Pl,,,FALSE,IDF,NA
IDFdm2,IDFdm2/110,Pli,3,Pl,,,FALSE,IDF,NA
IDFdm2,IDFdm2/111,Pli,3,Pl,,,FALSE,IDF,NA
IDFdm2,IDFdm2/101,Pyi,3,Py,,,FALSE,IDF,NA
IDFdm2,IDFdm2/102,Pyi,2,Py,,,FALSE,IDF,NA
IDFdm2,IDFdm2/103,Pyi,2,Py,,,FALSE,IDF,NA
IDFdm2,IDFdm2/104,Pyi,2,Py,,,FALSE,IDF,NA
IDFdm2,IDFdm2/103,Sx,2,Sx,,,FALSE,IDF,imputed
IDFdm2,IDFdm2/110,Sxw,2,Sx,,,FALSE,IDF,NA
IDFdm2,IDFdm2/111,Sxw,1,Sx,,,FALSE,IDF,NA
IDFdm2,IDFdm2/112,Sxw,2,Sx,,,FALSE,IDF,NA
IDFdm2,IDFdm2/112a,Sxw,2,Sx,,,FALSE,IDF,NA
IDFdm2,IDFdm2/112b,Sxw,2,Sx,,,FALSE,IDF,NA
IDFmw2,IDFmw2/05,At,3,At,,,FALSE,IDF,NA
IDFmw2,IDFmw2/05,Bl,3,Bl,,,FALSE,IDF,NA
IDFmw2,IDFmw2/05,Sxw,2,Sx,,,FALSE,IDF,NA
IDFww,IDFww/101,Bg,3,Bg,,,FALSE,IDF,imputed
IDFww,IDFww/101,Bl,3,Bl,,,FALSE,IDF,imputed
IDFww,IDFww/101.1,Bl,3,Bl,,,FALSE,IDF,imputed
IDFww,IDFww/101.2,Bl,3,Bl,,,FALSE,IDF,imputed
IDFww,IDFww/101,Mv,2,Mv,,,FALSE,IDF,imputed
IDFxh1,IDFxh1/Fm01,Act,1,Ac,,,FALSE,IDF,NA
IDFxh1,IDFxh1/Fm05,Act,1,Ac,,,FALSE,IDF,NA
IDFxh1,IDFxh1/111,At,1,At,,,FALSE,IDF,imputed
IDFxh1,IDFxh1/Fm01,At,2,At,,,FALSE,IDF,NA
IDFxh1,IDFxh1/Fm05,At,2,At,,,FALSE,IDF,NA
IDFxh1,IDFxh1/111,Cw,2,Cw,,,FALSE,IDF,NA
IDFxh1,IDFxh1/Fm01,Cw,3,Cw,,,FALSE,IDF,NA
IDFxh1,IDFxh1/Fm05,Cw,3,Cw,,,FALSE,IDF,NA
IDFxh1,IDFxh1/110,Ep,3,Ep,,,FALSE,IDF,imputed
IDFxh1,IDFxh1/Fm01,Ep,2,Ep,,,FALSE,IDF,NA
IDFxh1,IDFxh1/Fm05,Ep,2,Ep,,,FALSE,IDF,NA
IDFxh1,IDFxh1/111,Fdi,1,Fd,,,FALSE,IDF,NA
IDFxh1,IDFxh1/Fm01,Fdi,3,Fd,,,FALSE,IDF,NA
IDFxh1,IDFxh1/Fm05,Fdi,3,Fd,,,FALSE,IDF,NA
IDFxh1,IDFxh1/Fm01,Pyi,3,Py,,,FALSE,IDF,NA
IDFxh1,IDFxh1/Fm05,Pyi,3,Py,,,FALSE,IDF,NA
IDFxh1,IDFxh1/111,Sxw,2,Sx,,,FALSE,IDF,NA
IDFxh1,IDFxh1/Fm01,Sxw,3,Sx,,,FALSE,IDF,NA
IDFxh1,IDFxh1/Fm05,Sxw,3,Sx,,,FALSE,IDF,NA
IDFxh2,IDFxh2/Fm01,Act,1,Ac,,,FALSE,IDF,NA
IDFxh2,IDFxh2/Fm02,Act,1,Ac,,,FALSE,IDF,NA
IDFxh2,IDFxh2/Fm05,Act,1,Ac,,,FALSE,IDF,NA
IDFxh2,IDFxh2/Fm01,At,2,At,,,FALSE,IDF,NA
IDFxh2,IDFxh2/Fm02,At,2,At,,,FALSE,IDF,NA
IDFxh2,IDFxh2/Fm05,At,2,At,,,FALSE,IDF,NA
IDFxh2,IDFxh2/Fm05,Cw,3,Cw,,,FALSE,IDF,NA
IDFxh2,IDFxh2/Fm01,Ep,2,Ep,,,FALSE,IDF,NA
IDFxh2,IDFxh2/Fm02,Ep,2,Ep,,,FALSE,IDF,NA
IDFxh2,IDFxh2/Fm05,Ep,2,Ep,,,FALSE,IDF,NA
IDFxh2,IDFxh2/Fm01,Fdi,3,Fd,,,FALSE,IDF,NA
IDFxh2,IDFxh2/Fm02,Fdi,3,Fd,,,FALSE,IDF,NA
IDFxh2,IDFxh2/Fm05,Fdi,2,Fd,,,FALSE,IDF,NA
IDFxh2,IDFxh2/110,Pyi,2,Py,,,FALSE,IDF,NA
IDFxh2,IDFxh2/Fm01,Sxw,2,Sx,,,FALSE,IDF,NA
IDFxh2,IDFxh2/Fm02,Sxw,2,Sx,,,FALSE,IDF,NA
IDFxk,IDFxk/112,Act,3,Ac,,,FALSE,IDF,NA
IDFxk,IDFxk/113,Act,3,Ac,,,FALSE,IDF,NA
IDFxk,IDFxk/110,At,3,At,,,FALSE,IDF,NA
IDFxk,IDFxk/111,At,1,At,,,FALSE,IDF,NA
IDFxk,IDFxk/112,At,3,At,,,FALSE,IDF,NA
IDFxk,IDFxk/113,At,3,At,,,FALSE,IDF,NA
IDFxk,IDFxk/111,Ep,3,Ep,,,FALSE,IDF,NA
IDFxk,IDFxk/112,Ep,2,Ep,,,FALSE,IDF,NA
IDFxk,IDFxk/113,Ep,3,Ep,,,FALSE,IDF,NA
IDFxk,IDFxk/101,Fdi,1,Fd,,,FALSE,IDF,NA
IDFxk,IDFxk/102,Fdi,2,Fd,,,FALSE,IDF,NA
IDFxk,IDFxk/102a,Fdi,2,Fd,,,FALSE,IDF,NA
IDFxk,IDFxk/102b,Fdi,2,Fd,,,FALSE,IDF,NA
IDFxk,IDFxk/103,Fdi,1,Fd,,,FALSE,IDF,NA
IDFxk,IDFxk/110,Fdi,1,Fd,,,FALSE,IDF,NA
IDFxk,IDFxk/111,Fdi,3,Fd,,,FALSE,IDF,NA
IDFxk,IDFxk/112,Fdi,2,Fd,,,FALSE,IDF,NA
IDFxk,IDFxk/102,Pf,3,Pf,,,FALSE,IDF,NA
IDFxk,IDFxk/102a,Pf,3,Pf,,,FALSE,IDF,NA
IDFxk,IDFxk/102b,Pf,3,Pf,,,FALSE,IDF,NA
IDFxk,IDFxk/103,Pf,3,Pf,,,FALSE,IDF,NA
IDFxk,IDFxk/103,Pli,3,Pl,,,FALSE,IDF,NA
IDFxk,IDFxk/111,Pli,3,Pl,,,FALSE,IDF,NA
IDFxk,IDFxk/112,Pli,5,Pl,,,FALSE,IDF,NA
IDFxk,IDFxk/101,Pyi,3,Py,,,FALSE,IDF,NA
IDFxk,IDFxk/102,Pyi,3,Py,,,FALSE,IDF,NA
IDFxk,IDFxk/102a,Pyi,3,Py,,,FALSE,IDF,NA
IDFxk,IDFxk/102b,Pyi,3,Py,,,FALSE,IDF,NA
IDFxk,IDFxk/103,Pyi,3,Py,,,FALSE,IDF,NA
IDFxk,IDFxk/110,Pyi,5,Py,,,FALSE,IDF,NA
IDFxk,IDFxk/111,Sxw,2,Sx,,,FALSE,IDF,NA
IDFxk,IDFxk/112,Sxw,1,Sx,,,FALSE,IDF,NA
IDFxk,IDFxk/113,Sxw,2,Sx,,,FALSE,IDF,NA
IDFxm,IDFxm/03,At,3,At,,,FALSE,IDF,imputed
IDFxx1,IDFxx1/111,At,2,At,,,FALSE,IDF,NA
IDFxx1,IDFxx1/111,Ep,2,Ep,,,FALSE,IDF,NA
IDFxx1,IDFxx1/101,Fdi,2,Fd,,,FALSE,IDF,NA
IDFxx1,IDFxx1/102,Fdi,5,Fd,,,FALSE,IDF,NA
IDFxx1,IDFxx1/103,Fdi,5,Fd,,,FALSE,IDF,NA
IDFxx1,IDFxx1/104,Fdi,3,Fd,,,FALSE,IDF,NA
IDFxx1,IDFxx1/110,Fdi,1,Fd,,,FALSE,IDF,NA
IDFxx1,IDFxx1/111,Fdi,5,Fd,,,FALSE,IDF,NA
IDFxx1,IDFxx1/111,Lw,2,Lw,,,FALSE,IDF,NA
IDFxx1,IDFxx1/101,Pyi,1,Py,,,FALSE,IDF,NA
IDFxx1,IDFxx1/102,Pyi,2,Py,,,FALSE,IDF,NA
IDFxx1,IDFxx1/103,Pyi,2,Py,,,FALSE,IDF,NA
IDFxx1,IDFxx1/104,Pyi,1,Py,,,FALSE,IDF,NA
IDFxx1,IDFxx1/110,Pyi,2,Py,,,FALSE,IDF,NA
IDFxx1,IDFxx1/111,Pyi,2,Py,,,FALSE,IDF,NA
IDFxx2,IDFxx2/111,Act,3,Ac,,,FALSE,IDF,NA
IDFxx2,IDFxx2/112,Act,2,Ac,,,FALSE,IDF,NA
IDFxx2,IDFxx2/112a,Act,2,Ac,,,FALSE,IDF,NA
IDFxx2,IDFxx2/112b,Act,2,Ac,,,FALSE,IDF,NA
IDFxx2,IDFxx2/110,At,3,At,,,FALSE,IDF,NA
IDFxx2,IDFxx2/111,At,2,At,,,FALSE,IDF,NA
IDFxx2,IDFxx2/112,At,2,At,,,FALSE,IDF,NA
IDFxx2,IDFxx2/112a,At,2,At,,,FALSE,IDF,NA
IDFxx2,IDFxx2/112b,At,2,At,,,FALSE,IDF,NA
IDFxx2,IDFxx2/111,Ep,3,Ep,,,FALSE,IDF,NA
IDFxx2,IDFxx2/112,Ep,3,Ep,,,FALSE,IDF,NA
IDFxx2,IDFxx2/112a,Ep,3,Ep,,,FALSE,IDF,NA
IDFxx2,IDFxx2/112b,Ep,3,Ep,,,FALSE,IDF,NA
IDFxx2,IDFxx2/101,Fdi,1,Fd,,,FALSE,IDF,NA
IDFxx2,IDFxx2/102,Fdi,2,Fd,,,FALSE,IDF,NA
IDFxx2,IDFxx2/103,Fdi,2,Fd,,,FALSE,IDF,NA
IDFxx2,IDFxx2/104,Fdi,2,Fd,,,FALSE,IDF,NA
IDFxx2,IDFxx2/110,Fdi,1,Fd,,,FALSE,IDF,NA
IDFxx2,IDFxx2/111,Fdi,1,Fd,,,FALSE,IDF,NA
IDFxx2,IDFxx2/110,Lw,3,Lw,,,FALSE,IDF,NA
IDFxx2,IDFxx2/111,Lw,1,Lw,,,FALSE,IDF,NA
IDFxx2,IDFxx2/101,Pli,3,Pl,,,FALSE,IDF,imputed
IDFxx2,IDFxx2/111,Pli,3,Pl,,,FALSE,IDF,NA
IDFxx2,IDFxx2/101,Pyi,1,Py,,,FALSE,IDF,NA
IDFxx2,IDFxx2/102,Pyi,2,Py,,,FALSE,IDF,NA
IDFxx2,IDFxx2/103,Pyi,1,Py,,,FALSE,IDF,NA
IDFxx2,IDFxx2/104,Pyi,1,Py,,,FALSE,IDF,NA
IDFxx2,IDFxx2/110,Pyi,3,Py,,,FALSE,IDF,NA
IDFxx2,IDFxx2/111,Pyi,3,Py,,,FALSE,IDF,NA
IDFxx2,IDFxx2/111,Sxw,1,Sx,,,FALSE,IDF,NA
IDFxx2,IDFxx2/112,Sxw,1,Sx,,,FALSE,IDF,NA
IDFxx2,IDFxx2/112a,Sxw,1,Sx,,,FALSE,IDF,NA
IDFxx2,IDFxx2/112b,Sxw,1,Sx,,,FALSE,IDF,NA
IMAunp,IMAunp/00,Bl,2,Bl,,,FALSE,NA,imputed
IMAunp,IMAunp/00,Pa,3,Pa,,,FALSE,NA,imputed
MHmm1,MHmm1/103,Bl,2,Bl,,,FALSE,MH,imputed
MHmm1,MHmm1/104,Cw,3,Cw,,,FALSE,MH,imputed
MHmm1,MHmm1/110,Cw,3,Cw,,,FALSE,MH,imputed
MHmm1,MHmm1/111,Cw,2,Cw,,,FALSE,MH,imputed
MHmm1,MHmm1/102,Plc,2,Pl,,,FALSE,MH,imputed
MHmm1,MHmm1/111,Plc,3,Pl,,,FALSE,MH,imputed
MHmm1,MHmm1/101a,Pw,3,Pw,,,FALSE,MH,imputed
MHmm1,MHmm1/101,Pw,3,Pw,,,FALSE,MH,imputed
MHmm1,MHmm1/101b,Pw,3,Pw,,,FALSE,MH,imputed
MHmm2,MHmm2/112,Ac,3,Ac,,,FALSE,MH,imputed
MHmm2,MHmm2/113,Bl,1,Bl,,,FALSE,MH,imputed
MHmm2,MHmm2/112,Fdc,2,Fd,,,FALSE,MH,imputed
MHmm2,MHmm2/102,Pa,3,Pa,,,FALSE,MH,imputed
MHmm2,MHmm2/101,Pa,3,Pa,,,FALSE,MH,imputed
MHmm2,MHmm2/101a,Pa,3,Pa,,,FALSE,MH,imputed
MHmm2,MHmm2/101b,Pa,3,Pa,,,FALSE,MH,imputed
MHmm2,MHmm2/103,Pa,3,Pa,,,FALSE,MH,imputed
MHmm2,MHmm2/101a,Pw,4,Pw,,,FALSE,MH,imputed
MHmm2,MHmm2/101a,Tw,4,Tw,,,FALSE,MH,imputed
MHmmp,MHmmp/m,Ba,2,Ba,,,FALSE,MH,imputed
MHmmp,MHmmp/h,Ba,2,Ba,,,FALSE,MH,imputed
MHmmp,MHmmp/h,Bl,1,Bl,,,FALSE,MH,imputed
MHms,MHms/101,Sx,2,Sx,,,FALSE,MH,imputed
MHvh,MHvh/111,Bl,3,Bl,,,FALSE,MH,imputed
MHvh,MHvh/102,Hw,3,Hw,,,FALSE,MH,imputed
MHwh,MHwh/101a,Hm,1,Hm,,,FALSE,MH,imputed
MHwh,MHwh/101b,Hm,1,Hm,,,FALSE,MH,imputed
MHwh,MHwh/101b,Hw,1,Hw,,,FALSE,MH,imputed
MHwh,MHwh/102,Hw,3,Hw,,,FALSE,MH,imputed
MHwh,MHwh/101a,Ss,2,Ss,,,FALSE,MH,imputed
MHwh,MHwh/101b,Ss,2,Ss,,,FALSE,MH,imputed
MHwh,MHwh/101b,Yc,1,Yc,,,FALSE,MH,imputed
MHwh,MHwh/101a,Yc,2,Yc,,,FALSE,MH,imputed
MSdc1,MSdc1/05,Fdi,2,Fd,,,FALSE,MS,imputed
MSdc1,MSdc1/05,Pli,1,Pl,,,FALSE,MS,imputed
MSdc2,MSdc2/01,Bl,2,Bl,,,FALSE,MS,NA
MSdc2,MSdc2/02,Bl,3,Bl,,,FALSE,MS,NA
MSdc2,MSdc2/03,Bl,2,Bl,,,FALSE,MS,NA
MSdc2,MSdc2/04,Bl,2,Bl,,,FALSE,MS,NA
MSdc2,MSdc2/05,Bl,1,Bl,,,FALSE,MS,NA
MSdc2,MSdc2/06,Bl,1,Bl,,,FALSE,MS,NA
MSdc2,MSdc2/07,Bl,1,Bl,,,FALSE,MS,NA
MSdc2,MSdc2/08,Bl,2,Bl,,,FALSE,MS,NA
MSdc2,MSdc2/01,Fdi,2,Fd,,,FALSE,MS,NA
MSdc2,MSdc2/02,Fdi,2,Fd,,,FALSE,MS,NA
MSdc2,MSdc2/03,Fdi,1,Fd,,,FALSE,MS,NA
MSdc2,MSdc2/01,Pa,3,Pa,,,FALSE,MS,NA
MSdc2,MSdc2/02,Pa,3,Pa,,,FALSE,MS,NA
MSdc2,MSdc2/03,Pa,3,Pa,,,FALSE,MS,NA
MSdc2,MSdc2/04,Pa,3,Pa,,,FALSE,MS,NA
MSdc2,MSdc2/01,Pli,1,Pl,,,FALSE,MS,NA
MSdc2,MSdc2/02,Pli,2,Pl,,,FALSE,MS,NA
MSdc2,MSdc2/03,Pli,1,Pl,,,FALSE,MS,NA
MSdc2,MSdc2/04,Pli,1,Pl,,,FALSE,MS,NA
MSdc2,MSdc2/05,Pli,1,Pl,,,FALSE,MS,NA
MSdc2,MSdc2/06,Pli,1,Pl,,,FALSE,MS,NA
MSdc2,MSdc2/07,Pli,2,Pl,,,FALSE,MS,NA
MSdc2,MSdc2/08,Pli,2,Pl,,,FALSE,MS,NA
MSdc2,MSdc2/01,Sxw,1,Sx,,,FALSE,MS,NA
MSdc2,MSdc2/04,Sxw,2,Sx,,,FALSE,MS,NA
MSdc2,MSdc2/05,Sxw,1,Sx,,,FALSE,MS,NA
MSdc2,MSdc2/06,Sxw,1,Sx,,,FALSE,MS,NA
MSdc2,MSdc2/07,Sxw,1,Sx,,,FALSE,MS,NA
MSdc2,MSdc2/08,Sxw,1,Sx,,,FALSE,MS,NA
MSdc3,MSdc3/02,Bl,3,Bl,,,FALSE,MS,imputed
MSdc3,MSdc3/03,Bl,3,Bl,,,FALSE,MS,NA
MSdc3,MSdc3/04,Fdi,2,Fd,,,FALSE,MS,imputed
MSdc3,MSdc3/03,Sxw,3,Sx,,,FALSE,MS,NA
MSdk,MSdk/101,Act,3,Ac,,,FALSE,MS,NA
MSdk,MSdk/110,Act,2,Ac,,,FALSE,MS,NA
MSdk,MSdk/111,Act,2,Ac,,,FALSE,MS,NA
MSdk,MSdk/111a,Act,2,Ac,,,FALSE,MS,NA
MSdk,MSdk/111b,Act,3,Ac,,,FALSE,MS,NA
MSdk,MSdk/112,Act,3,Ac,,,FALSE,MS,NA
MSdk,MSdk/112a,Act,3,Ac,,,FALSE,MS,NA
MSdk,MSdk/112b,Act,3,Ac,,,FALSE,MS,NA
MSdk,MSdk/101,At,2,At,,,FALSE,MS,NA
MSdk,MSdk/102,At,3,At,,,FALSE,MS,NA
MSdk,MSdk/103,At,3,At,,,FALSE,MS,NA
MSdk,MSdk/104,At,3,At,,,FALSE,MS,NA
MSdk,MSdk/105,At,2,At,,,FALSE,MS,NA
MSdk,MSdk/110,At,2,At,,,FALSE,MS,NA
MSdk,MSdk/111,At,3,At,,,FALSE,MS,NA
MSdk,MSdk/111a,At,3,At,,,FALSE,MS,NA
MSdk,MSdk/111b,At,3,At,,,FALSE,MS,NA
MSdk,MSdk/112,At,3,At,,,FALSE,MS,NA
MSdk,MSdk/112a,At,3,At,,,FALSE,MS,NA
MSdk,MSdk/112b,At,3,At,,,FALSE,MS,NA
MSdk,MSdk/101,Bl,3,Bl,,,FALSE,MS,NA
MSdk,MSdk/103,Bl,3,Bl,,,FALSE,MS,NA
MSdk,MSdk/104,Bl,3,Bl,,,FALSE,MS,NA
MSdk,MSdk/105,Bl,3,Bl,,,FALSE,MS,NA
MSdk,MSdk/110,Bl,2,Bl,,,FALSE,MS,NA
MSdk,MSdk/111,Bl,3,Bl,,,FALSE,MS,NA
MSdk,MSdk/111a,Bl,3,Bl,,,FALSE,MS,NA
MSdk,MSdk/111b,Bl,3,Bl,,,FALSE,MS,NA
MSdk,MSdk/112,Bl,3,Bl,,,FALSE,MS,NA
MSdk,MSdk/112a,Bl,3,Bl,,,FALSE,MS,NA
MSdk,MSdk/112b,Bl,3,Bl,,,FALSE,MS,NA
MSdk,MSdk/103,Cw,3,Cw,,,FALSE,MS,imputed
MSdk,MSdk/110,Cw,3,Cw,,,FALSE,MS,NA
MSdk,MSdk/101,Ep,2,Ep,,,FALSE,MS,NA
MSdk,MSdk/102,Ep,3,Ep,,,FALSE,MS,NA
MSdk,MSdk/103,Ep,3,Ep,,,FALSE,MS,NA
MSdk,MSdk/105,Ep,2,Ep,,,FALSE,MS,NA
MSdk,MSdk/110,Ep,2,Ep,,,FALSE,MS,NA
MSdk,MSdk/111,Ep,3,Ep,,,FALSE,MS,NA
MSdk,MSdk/111a,Ep,3,Ep,,,FALSE,MS,NA
MSdk,MSdk/111b,Ep,3,Ep,,,FALSE,MS,NA
MSdk,MSdk/112,Ep,3,Ep,,,FALSE,MS,NA
MSdk,MSdk/112a,Ep,3,Ep,,,FALSE,MS,NA
MSdk,MSdk/112b,Ep,3,Ep,,,FALSE,MS,NA
MSdk,MSdk/111,Fdi,4,Fd,,,FALSE,MS,imputed
MSdk,MSdk/101,Fdi,2,Fd,,,FALSE,MS,NA
MSdk,MSdk/102,Fdi,2,Fd,,,FALSE,MS,NA
MSdk,MSdk/103,Fdi,1,Fd,,,FALSE,MS,NA
MSdk,MSdk/105,Fdi,1,Fd,,,FALSE,MS,NA
MSdk,MSdk/110,Fdi,2,Fd,,,FALSE,MS,NA
MSdk,MSdk/101,Hw,3,Hw,,,FALSE,MS,imputed
MSdk,MSdk/111,Lw,3,Lw,,,FALSE,MS,imputed
MSdk,MSdk/101,Lw,3,Lw,,,FALSE,MS,NA
MSdk,MSdk/103,Lw,3,Lw,,,FALSE,MS,NA
MSdk,MSdk/105,Lw,3,Lw,,,FALSE,MS,NA
MSdk,MSdk/110,Lw,3,Lw,,,FALSE,MS,NA
MSdk,MSdk/102,Pf,3,Pf,,,FALSE,MS,NA
MSdk,MSdk/103,Pf,3,Pf,,,FALSE,MS,NA
MSdk,MSdk/101,Pli,2,Pl,,,FALSE,MS,NA
MSdk,MSdk/102,Pli,3,Pl,,,FALSE,MS,NA
MSdk,MSdk/103,Pli,2,Pl,,,FALSE,MS,NA
MSdk,MSdk/104,Pli,1,Pl,,,FALSE,MS,NA
MSdk,MSdk/105,Pli,1,Pl,,,FALSE,MS,NA
MSdk,MSdk/110,Pli,2,Pl,,,FALSE,MS,NA
MSdk,MSdk/112,Pli,3,Pl,,,FALSE,MS,NA
MSdk,MSdk/112a,Pli,3,Pl,,,FALSE,MS,NA
MSdk,MSdk/112b,Pli,3,Pl,,,FALSE,MS,NA
MSdk,MSdk/102,Pyi,4,Py,,,FALSE,MS,NA
MSdk,MSdk/103,Pyi,4,Py,,,FALSE,MS,NA
MSdk,MSdk/102,Sx,3,Sx,,,FALSE,MS,imputed
MSdk,MSdk/101,Sxw,1,Sx,,,FALSE,MS,NA
MSdk,MSdk/103,Sxw,3,Sx,,,FALSE,MS,NA
MSdk,MSdk/104,Sxw,1,Sx,,,FALSE,MS,NA
MSdk,MSdk/105,Sxw,2,Sx,,,FALSE,MS,NA
MSdk,MSdk/110,Sxw,1,Sx,,,FALSE,MS,NA
MSdk,MSdk/111,Sxw,2,Sx,,,FALSE,MS,NA
MSdk,MSdk/111a,Sxw,1,Sx,,,FALSE,MS,NA
MSdk,MSdk/111b,Sxw,3,Sx,,,FALSE,MS,NA
MSdk,MSdk/112,Sxw,2,Sx,,,FALSE,MS,NA
MSdk,MSdk/112a,Sxw,2,Sx,,,FALSE,MS,NA
MSdk,MSdk/112b,Sxw,2,Sx,,,FALSE,MS,NA
MSdm1,MSdm1/111,Act,2,Ac,,,FALSE,MS,NA
MSdm1,MSdm1/112,Act,2,Ac,,,FALSE,MS,NA
MSdm1,MSdm1/113,Act,2,Ac,,,FALSE,MS,NA
MSdm1,MSdm1/101,At,2,At,,,FALSE,MS,NA
MSdm1,MSdm1/102,At,3,At,,,FALSE,MS,NA
MSdm1,MSdm1/103,At,3,At,,,FALSE,MS,NA
MSdm1,MSdm1/104,At,2,At,,,FALSE,MS,NA
MSdm1,MSdm1/111,At,2,At,,,FALSE,MS,NA
MSdm1,MSdm1/112,At,2,At,,,FALSE,MS,NA
MSdm1,MSdm1/113,At,2,At,,,FALSE,MS,NA
MSdm1,MSdm1/101,Bl,1,Bl,,,FALSE,MS,NA
MSdm1,MSdm1/103,Bl,3,Bl,,,FALSE,MS,NA
MSdm1,MSdm1/104,Bl,2,Bl,,,FALSE,MS,NA
MSdm1,MSdm1/110,Bl,2,Bl,,,FALSE,MS,NA
MSdm1,MSdm1/111,Bl,1,Bl,,,FALSE,MS,NA
MSdm1,MSdm1/112,Bl,1,Bl,,,FALSE,MS,NA
MSdm1,MSdm1/113,Bl,2,Bl,,,FALSE,MS,NA
MSdm1,MSdm1/101,Cw,3,Cw,,,FALSE,MS,imputed
MSdm1,MSdm1/111,Cw,2,Cw,,,FALSE,MS,NA
MSdm1,MSdm1/111,Ep,2,Ep,,,FALSE,MS,NA
MSdm1,MSdm1/112,Ep,2,Ep,,,FALSE,MS,NA
MSdm1,MSdm1/113,Ep,2,Ep,,,FALSE,MS,NA
MSdm1,MSdm1/101,Fdi,2,Fd,,,FALSE,MS,NA
MSdm1,MSdm1/102,Fdi,2,Fd,,,FALSE,MS,NA
MSdm1,MSdm1/103,Fdi,1,Fd,,,FALSE,MS,NA
MSdm1,MSdm1/104,Fdi,2,Fd,,,FALSE,MS,NA
MSdm1,MSdm1/110,Fdi,5,Fd,,,FALSE,MS,NA
MSdm1,MSdm1/111,Fdi,3,Fd,,,FALSE,MS,NA
MSdm1,MSdm1/112,Fdi,2,Fd,,,FALSE,MS,NA
MSdm1,MSdm1/113,Fdi,5,Fd,,,FALSE,MS,NA
MSdm1,MSdm1/101,Lw,2,Lw,,,FALSE,MS,NA
MSdm1,MSdm1/102,Lw,2,Lw,,,FALSE,MS,NA
MSdm1,MSdm1/103,Lw,2,Lw,,,FALSE,MS,NA
MSdm1,MSdm1/104,Lw,2,Lw,,,FALSE,MS,NA
MSdm1,MSdm1/110,Lw,3,Lw,,,FALSE,MS,NA
MSdm1,MSdm1/111,Lw,3,Lw,,,FALSE,MS,NA
MSdm1,MSdm1/112,Lw,3,Lw,,,FALSE,MS,NA
MSdm1,MSdm1/113,Lw,5,Lw,,,FALSE,MS,NA
MSdm1,MSdm1/101,Pli,1,Pl,,,FALSE,MS,NA
MSdm1,MSdm1/102,Pli,2,Pl,,,FALSE,MS,NA
MSdm1,MSdm1/103,Pli,2,Pl,,,FALSE,MS,NA
MSdm1,MSdm1/104,Pli,1,Pl,,,FALSE,MS,NA
MSdm1,MSdm1/110,Pli,1,Pl,,,FALSE,MS,NA
MSdm1,MSdm1/111,Pli,1,Pl,,,FALSE,MS,NA
MSdm1,MSdm1/112,Pli,2,Pl,,,FALSE,MS,NA
MSdm1,MSdm1/113,Pli,2,Pl,,,FALSE,MS,NA
MSdm1,MSdm1/102,Pyi,4,Py,,,FALSE,MS,NA
MSdm1,MSdm1/103,Pyi,3,Py,,,FALSE,MS,NA
MSdm1,MSdm1/101,Sxw,1,Sx,,,FALSE,MS,NA
MSdm1,MSdm1/103,Sxw,3,Sx,,,FALSE,MS,NA
MSdm1,MSdm1/104,Sxw,2,Sx,,,FALSE,MS,NA
MSdm1,MSdm1/110,Sxw,2,Sx,,,FALSE,MS,NA
MSdm1,MSdm1/111,Sxw,1,Sx,,,FALSE,MS,NA
MSdm1,MSdm1/112,Sxw,1,Sx,,,FALSE,MS,NA
MSdm1,MSdm1/113,Sxw,1,Sx,,,FALSE,MS,NA
MSdm2,MSdm2/101,Ac,3,Ac,,,FALSE,MS,imputed
MSdm2,MSdm2/104,At,3,At,,,FALSE,MS,imputed
MSdm2,MSdm2/101,At,4,At,,,FALSE,MS,imputed
MSdm2,MSdm2/101,Cw,3,Cw,,,FALSE,MS,imputed
MSdm2,MSdm2/105,Fdi,3,Fd,,,FALSE,MS,imputed
MSdm2,MSdm2/102,Pyi,3,Py,,,FALSE,MS,NA
MSdm3,MSdm3/01,Ac,3,Ac,,,FALSE,MS,imputed
MSdm3,MSdm3/05,At,3,At,,,FALSE,MS,imputed
MSdm3,MSdm3/01,At,2,At,,,FALSE,MS,imputed
MSdm3,MSdm3/03,Bl,3,Bl,,,FALSE,MS,NA
MSdv,MSdv/01,Bl,2,Bl,,,FALSE,MS,NA
MSdv,MSdv/03,Bl,3,Bl,,,FALSE,MS,NA
MSdv,MSdv/04,Bl,3,Bl,,,FALSE,MS,NA
MSdv,MSdv/05,Bl,3,Bl,,,FALSE,MS,NA
MSdv,MSdv/06,Bl,2,Bl,,,FALSE,MS,NA
MSdv,MSdv/07,Bl,2,Bl,,,FALSE,MS,NA
MSdv,MSdv/08,Bl,2,Bl,,,FALSE,MS,NA
MSdv,MSdv/09,Bl,2,Bl,,,FALSE,MS,NA
MSdv,MSdv/01,Pli,1,Pl,,,FALSE,MS,NA
MSdv,MSdv/02,Pli,2,Pl,,,FALSE,MS,NA
MSdv,MSdv/03,Pli,1,Pl,,,FALSE,MS,NA
MSdv,MSdv/04,Pli,1,Pl,,,FALSE,MS,NA
MSdv,MSdv/05,Pli,1,Pl,,,FALSE,MS,NA
MSdv,MSdv/06,Pli,1,Pl,,,FALSE,MS,NA
MSdv,MSdv/07,Pli,1,Pl,,,FALSE,MS,NA
MSdv,MSdv/08,Pli,2,Pl,,,FALSE,MS,NA
MSdv,MSdv/09,Pli,2,Pl,,,FALSE,MS,NA
MSdv,MSdv/01,Sxw,1,Sx,,,FALSE,MS,NA
MSdv,MSdv/03,Sxw,3,Sx,,,FALSE,MS,NA
MSdv,MSdv/04,Sxw,3,Sx,,,FALSE,MS,NA
MSdv,MSdv/05,Sxw,3,Sx,,,FALSE,MS,NA
MSdv,MSdv/06,Sxw,2,Sx,,,FALSE,MS,NA
MSdv,MSdv/07,Sxw,1,Sx,,,FALSE,MS,NA
MSdv,MSdv/08,Sxw,1,Sx,,,FALSE,MS,NA
MSdv,MSdv/09,Sxw,1,Sx,,,FALSE,MS,NA
MSdw,MSdw/101,Act,3,Ac,,,FALSE,MS,NA
MSdw,MSdw/110,Act,2,Ac,,,FALSE,MS,NA
MSdw,MSdw/111,Act,2,Ac,,,FALSE,MS,NA
MSdw,MSdw/112,Act,5,Ac,,,FALSE,MS,NA
MSdw,MSdw/102,At,3,At,,,FALSE,MS,NA
MSdw,MSdw/103,At,3,At,,,FALSE,MS,NA
MSdw,MSdw/104,At,3,At,,,FALSE,MS,NA
MSdw,MSdw/110,At,2,At,,,FALSE,MS,NA
MSdw,MSdw/111,At,3,At,,,FALSE,MS,NA
MSdw,MSdw/112,At,5,At,,,FALSE,MS,NA
MSdw,MSdw/101,Bl,2,Bl,,,FALSE,MS,NA
MSdw,MSdw/103,Bl,3,Bl,,,FALSE,MS,NA
MSdw,MSdw/104,Bl,3,Bl,,,FALSE,MS,NA
MSdw,MSdw/110,Bl,2,Bl,,,FALSE,MS,NA
MSdw,MSdw/111,Bl,2,Bl,,,FALSE,MS,NA
MSdw,MSdw/112,Bl,3,Bl,,,FALSE,MS,NA
MSdw,MSdw/110,Cw,3,Cw,,,FALSE,MS,NA
MSdw,MSdw/101,Ep,2,Ep,,,FALSE,MS,NA
MSdw,MSdw/102,Ep,3,Ep,,,FALSE,MS,NA
MSdw,MSdw/103,Ep,3,Ep,,,FALSE,MS,NA
MSdw,MSdw/104,Ep,3,Ep,,,FALSE,MS,NA
MSdw,MSdw/110,Ep,2,Ep,,,FALSE,MS,NA
MSdw,MSdw/111,Ep,3,Ep,,,FALSE,MS,NA
MSdw,MSdw/112,Ep,3,Ep,,,FALSE,MS,NA
MSdw,MSdw/101,Fdi,2,Fd,,,FALSE,MS,NA
MSdw,MSdw/102,Fdi,2,Fd,,,FALSE,MS,NA
MSdw,MSdw/103,Fdi,1,Fd,,,FALSE,MS,NA
MSdw,MSdw/104,Fdi,2,Fd,,,FALSE,MS,NA
MSdw,MSdw/110,Fdi,2,Fd,,,FALSE,MS,NA
MSdw,MSdw/101,Hw,3,Hw,,,FALSE,MS,imputed
MSdw,MSdw/111,Lw,3,Lw,,,FALSE,MS,imputed
MSdw,MSdw/102,Lw,3,Lw,,,FALSE,MS,imputed
MSdw,MSdw/103,Lw,2,Lw,,,FALSE,MS,NA
MSdw,MSdw/104,Lw,2,Lw,,,FALSE,MS,NA
MSdw,MSdw/110,Lw,2,Lw,,,FALSE,MS,NA
MSdw,MSdw/101,Lw,1,Lw,,,TRUE,MS,NA
MSdw,MSdw/104,Pa,4,Pa,,,FALSE,MS,imputed
MSdw,MSdw/102,Pf,3,Pf,,,FALSE,MS,NA
MSdw,MSdw/103,Pf,3,Pf,,,FALSE,MS,NA
MSdw,MSdw/111,Pli,2,Pl,,,FALSE,MS,imputed
MSdw,MSdw/101,Pli,3,Pl,,,FALSE,MS,NA
MSdw,MSdw/102,Pli,3,Pl,,,FALSE,MS,NA
MSdw,MSdw/103,Pli,2,Pl,,,FALSE,MS,NA
MSdw,MSdw/104,Pli,1,Pl,,,FALSE,MS,NA
MSdw,MSdw/110,Pli,2,Pl,,,FALSE,MS,NA
MSdw,MSdw/112,Pli,3,Pl,,,FALSE,MS,NA
MSdw,MSdw/102,Pyi,4,Py,,,FALSE,MS,NA
MSdw,MSdw/103,Pyi,4,Py,,,FALSE,MS,NA
MSdw,MSdw/101,Sxw,1,Sx,,,FALSE,MS,NA
MSdw,MSdw/103,Sxw,3,Sx,,,FALSE,MS,NA
MSdw,MSdw/104,Sxw,3,Sx,,,FALSE,MS,NA
MSdw,MSdw/110,Sxw,1,Sx,,,FALSE,MS,NA
MSdw,MSdw/111,Sxw,2,Sx,,,FALSE,MS,NA
MSdw,MSdw/112,Sxw,2,Sx,,,FALSE,MS,NA
MSxk1,MSxk1/101b,Bl,3,Bl,,,FALSE,MS,NA
MSxk1,MSxk1/101a,Fdi,3,Fd,,,FALSE,MS,NA
MSxk1,MSxk1/101a,Lw,3,Lw,,,TRUE,MS,NA
MSxk1,MSxk1/101a,Pli,1,Pl,,,FALSE,MS,NA
MSxk1,MSxk1/101b,Pli,1,Pl,,,FALSE,MS,NA
MSxk1,MSxk1/103,Sx,3,Sx,,,FALSE,MS,imputed
MSxk2,MSxk2/104,Sx,3,Sx,,,FALSE,MS,imputed
MSxk3,MSxk3/03,Pa,3,Pa,,,FALSE,MS,imputed
MSxk3,MSxk3/03,Pli,1,Pl,,,FALSE,MS,imputed
MSxv,MSxv/01,Lw,5,Lw,,,TRUE,MS,NA
PPxh1,PPxh1/Fm01,Act,1,Ac,,,FALSE,PP,NA
PPxh1,PPxh1/Fm05,Act,1,Ac,,,FALSE,PP,NA
PPxh1,PPxh1/Fm06,Act,1,Ac,,,FALSE,PP,NA
PPxh1,PPxh1/Fm01,At,2,At,,,FALSE,PP,NA
PPxh1,PPxh1/Fm05,At,2,At,,,FALSE,PP,NA
PPxh1,PPxh1/Fm06,At,2,At,,,FALSE,PP,NA
PPxh1,PPxh1/Fm01,Ep,2,Ep,,,FALSE,PP,NA
PPxh1,PPxh1/Fm05,Ep,2,Ep,,,FALSE,PP,NA
PPxh1,PPxh1/Fm06,Ep,2,Ep,,,FALSE,PP,NA
PPxh1,PPxh1/Fm01,Fdi,3,Fd,,,FALSE,PP,NA
PPxh1,PPxh1/Fm05,Fdi,3,Fd,,,FALSE,PP,NA
PPxh1,PPxh1/Fm06,Fdi,3,Fd,,,FALSE,PP,NA
PPxh1,PPxh1/Fm01,Pyi,3,Py,,,FALSE,PP,NA
PPxh1,PPxh1/Fm05,Pyi,3,Py,,,FALSE,PP,NA
PPxh1,PPxh1/Fm06,Pyi,3,Py,,,FALSE,PP,NA
PPxh2,BGxh2/Fm05,Act,1,Ac,,,FALSE,PP,NA
PPxh2,PPxh2/Fm01,Act,1,Ac,,,FALSE,PP,NA
PPxh2,PPxh2/Fm05,Act,1,Ac,,,FALSE,PP,NA
PPxh2,BGxh2/Fm05,At,2,At,,,FALSE,PP,NA
PPxh2,PPxh2/Fm01,At,2,At,,,FALSE,PP,NA
PPxh2,PPxh2/Fm05,At,2,At,,,FALSE,PP,NA
PPxh2,PPxh2/Fm05,Cw,3,Cw,,,FALSE,PP,NA
PPxh2,BGxh2/Fm05,Ep,2,Ep,,,FALSE,PP,NA
PPxh2,PPxh2/Fm01,Ep,2,Ep,,,FALSE,PP,NA
PPxh2,PPxh2/Fm05,Ep,2,Ep,,,FALSE,PP,NA
PPxh2,BGxh2/Fm05,Fdi,3,Fd,,,FALSE,PP,NA
PPxh2,PPxh2/Fm01,Fdi,3,Fd,,,FALSE,PP,NA
PPxh2,PPxh2/Fm05,Fdi,2,Fd,,,FALSE,PP,NA
PPxh2,BGxh2/Fm05,Pyi,3,Py,,,FALSE,PP,NA
PPxh2,PPxh2/Fm01,Pyi,3,Py,,,FALSE,PP,NA
PPxh2,PPxh2/Fm05,Pyi,3,Py,,,FALSE,PP,NA
PPxh2,PPxh2/Fm01,Sxw,3,Sx,,,FALSE,PP,NA
PPxh2,PPxh2/Fm05,Sxw,3,Sx,,,FALSE,PP,NA
SBPSdc,SBPSdc/08,At,3,At,,,FALSE,SBPS,imputed
SBPSdc,SBPSdc/01,Lw,4,Lw,,,TRUE,SBPS,NA
SBPSdc,SBPSdc/05,Lw,4,Lw,,,TRUE,SBPS,NA
SBPSmc,SBPSmc/05,Act,3,Ac,,,FALSE,SBPS,NA
SBPSmc,SBPSmc/06,Act,3,Ac,,,FALSE,SBPS,NA
SBPSmc,SBPSmc/01,At,3,At,,,FALSE,SBPS,NA
SBPSmc,SBPSmc/01a,At,3,At,,,FALSE,SBPS,NA
SBPSmc,SBPSmc/01b,At,3,At,,,FALSE,SBPS,NA
SBPSmc,SBPSmc/02,At,3,At,,,FALSE,SBPS,NA
SBPSmc,SBPSmc/03,At,3,At,,,FALSE,SBPS,NA
SBPSmc,SBPSmc/04,At,3,At,,,FALSE,SBPS,NA
SBPSmc,SBPSmc/01,Lw,4,Lw,,,TRUE,SBPS,NA
SBPSmc,SBPSmc/01a,Lw,4,Lw,,,TRUE,SBPS,NA
SBPSmc,SBPSmc/01b,Lw,4,Lw,,,TRUE,SBPS,NA
SBPSmc,SBPSmc/01,Pli,1,Pl,,,FALSE,SBPS,NA
SBPSmc,SBPSmc/01a,Pli,1,Pl,,,FALSE,SBPS,NA
SBPSmc,SBPSmc/01b,Pli,1,Pl,,,FALSE,SBPS,NA
SBPSmc,SBPSmc/02,Pli,2,Pl,,,FALSE,SBPS,NA
SBPSmc,SBPSmc/03,Pli,2,Pl,,,FALSE,SBPS,NA
SBPSmc,SBPSmc/04,Pli,2,Pl,,,FALSE,SBPS,NA
SBPSmc,SBPSmc/05,Pli,2,Pl,,,FALSE,SBPS,NA
SBPSmc,SBPSmc/06,Pli,2,Pl,,,FALSE,SBPS,NA
SBPSmc,SBPSmc/07,Pli,2,Pl,,,FALSE,SBPS,NA
SBPSmc,SBPSmc/01,Sb,3,Sb,,,FALSE,SBPS,NA
SBPSmc,SBPSmc/01a,Sb,3,Sb,,,FALSE,SBPS,NA
SBPSmc,SBPSmc/01b,Sb,3,Sb,,,FALSE,SBPS,NA
SBPSmc,SBPSmc/02,Sb,3,Sb,,,FALSE,SBPS,NA
SBPSmc,SBPSmc/03,Sb,1,Sb,,,FALSE,SBPS,NA
SBPSmc,SBPSmc/04,Sb,2,Sb,,,FALSE,SBPS,NA
SBPSmc,SBPSmc/05,Sb,3,Sb,,,FALSE,SBPS,NA
SBPSmc,SBPSmc/06,Sb,3,Sb,,,FALSE,SBPS,NA
SBPSmc,SBPSmc/07,Sb,2,Sb,,,FALSE,SBPS,NA
SBPSmc,SBPSmc/01,Sxw,2,Sx,,,FALSE,SBPS,NA
SBPSmc,SBPSmc/01a,Sxw,2,Sx,,,FALSE,SBPS,NA
SBPSmc,SBPSmc/01b,Sxw,2,Sx,,,FALSE,SBPS,NA
SBPSmc,SBPSmc/02,Sxw,3,Sx,,,FALSE,SBPS,NA
SBPSmc,SBPSmc/03,Sxw,3,Sx,,,FALSE,SBPS,NA
SBPSmc,SBPSmc/04,Sxw,3,Sx,,,FALSE,SBPS,NA
SBPSmc,SBPSmc/05,Sxw,2,Sx,,,FALSE,SBPS,NA
SBPSmc,SBPSmc/06,Sxw,3,Sx,,,FALSE,SBPS,NA
SBPSmc,SBPSmc/07,Sxw,3,Sx,,,FALSE,SBPS,NA
SBPSmk,SBPSmk/01,Lw,3,Lw,,,TRUE,SBPS,NA
SBPSxc,SBPSxc/02,Fdi,5,Fd,,,FALSE,SBPS,NA
SBPSxc,SBPSxc/02a,Fdi,5,Fd,,,FALSE,SBPS,NA
SBPSxc,SBPSxc/02b,Fdi,5,Fd,,,FALSE,SBPS,NA
SBPSxc,SBPSxc/02c,Fdi,5,Fd,,,FALSE,SBPS,NA
SBPSxc,SBPSxc/05,Hw,1,Hw,,,FALSE,SBPS,imputed
SBSdh1,SBSdh1/06,Ac,3,Ac,,,FALSE,SBS,imputed
SBSdh1,SBSdh1/04,At,4,At,,,FALSE,SBS,imputed
SBSdh1,SBSdh1/04,Bl,2,Bl,,,FALSE,SBS,imputed
SBSdh1,SBSdh1/04,Ep,3,Ep,,,FALSE,SBS,imputed
SBSdh1,SBSdh1/01,Lw,2,Lw,,,TRUE,SBS,NA
SBSdh1,SBSdh1/03,Lw,3,Lw,,,TRUE,SBS,NA
SBSdh2,SBSdh2/07,Act,2,Ac,,,FALSE,SBS,NA
SBSdh2,SBSdh2/01,At,3,At,,,FALSE,SBS,NA
SBSdh2,SBSdh2/05,At,3,At,,,FALSE,SBS,NA
SBSdh2,SBSdh2/06,At,2,At,,,FALSE,SBS,NA
SBSdh2,SBSdh2/07,At,2,At,,,FALSE,SBS,NA
SBSdh2,SBSdh2/01,Bl,2,Bl,,,FALSE,SBS,NA
SBSdh2,SBSdh2/06,Bl,2,Bl,,,FALSE,SBS,NA
SBSdh2,SBSdh2/07,Bl,2,Bl,,,FALSE,SBS,NA
SBSdh2,SBSdh2/01,Ep,3,Ep,,,FALSE,SBS,NA
SBSdh2,SBSdh2/06,Ep,3,Ep,,,FALSE,SBS,NA
SBSdh2,SBSdh2/07,Ep,3,Ep,,,FALSE,SBS,NA
SBSdh2,SBSdh2/01,Fdi,3,Fd,,,FALSE,SBS,NA
SBSdh2,SBSdh2/03,Fdi,3,Fd,,,FALSE,SBS,NA
SBSdh2,SBSdh2/04,Fdi,3,Fd,,,FALSE,SBS,NA
SBSdh2,SBSdh2/06,Fdi,3,Fd,,,FALSE,SBS,NA
SBSdh2,SBSdh2/07,Fdi,5,Fd,,,FALSE,SBS,NA
SBSdh2,SBSdh2/01,Pli,1,Pl,,,FALSE,SBS,NA
SBSdh2,SBSdh2/02,Pli,2,Pl,,,FALSE,SBS,NA
SBSdh2,SBSdh2/03,Pli,1,Pl,,,FALSE,SBS,NA
SBSdh2,SBSdh2/04,Pli,1,Pl,,,FALSE,SBS,NA
SBSdh2,SBSdh2/05,Pli,1,Pl,,,FALSE,SBS,NA
SBSdh2,SBSdh2/06,Pli,1,Pl,,,FALSE,SBS,NA
SBSdh2,SBSdh2/07,Pli,3,Pl,,,FALSE,SBS,NA
SBSdh2,SBSdh2/08,Pli,3,Pl,,,FALSE,SBS,NA
SBSdh2,SBSdh2/03,Pw,3,Pw,,,FALSE,SBS,NA
SBSdh2,SBSdh2/01,Sb,2,Sb,,,FALSE,SBS,imputed
SBSdh2,SBSdh2/06,Sb,2,Sb,,,FALSE,SBS,imputed
SBSdh2,SBSdh2/05,Sb,3,Sb,,,FALSE,SBS,NA
SBSdh2,SBSdh2/08,Sb,1,Sb,,,FALSE,SBS,NA
SBSdh2,SBSdh2/01,Sxw,1,Sx,,,FALSE,SBS,NA
SBSdh2,SBSdh2/02,Sxw,3,Sx,,,FALSE,SBS,NA
SBSdh2,SBSdh2/04,Sxw,2,Sx,,,FALSE,SBS,NA
SBSdh2,SBSdh2/05,Sxw,3,Sx,,,FALSE,SBS,NA
SBSdh2,SBSdh2/06,Sxw,1,Sx,,,FALSE,SBS,NA
SBSdh2,SBSdh2/07,Sxw,1,Sx,,,FALSE,SBS,NA
SBSdh2,SBSdh2/08,Sxw,1,Sx,,,FALSE,SBS,NA
SBSdk,SBSdk/08a,Act,1,Ac,,,FALSE,SBS,NA
SBSdk,SBSdk/08b,Act,1,Ac,,,FALSE,SBS,NA
SBSdk,SBSdk/08a,At,3,At,,,FALSE,SBS,NA
SBSdk,SBSdk/08b,At,3,At,,,FALSE,SBS,NA
SBSdk,SBSdk/04,Bl,2,Bl,,,FALSE,SBS,imputed
SBSdk,SBSdk/08a,Ep,3,Ep,,,FALSE,SBS,NA
SBSdk,SBSdk/08b,Ep,3,Ep,,,FALSE,SBS,NA
SBSdk,SBSdk/01,Lw,2,Lw,,,TRUE,SBS,NA
SBSdk,SBSdk/01a,Lw,2,Lw,,,TRUE,SBS,NA
SBSdk,SBSdk/01b,Lw,2,Lw,,,TRUE,SBS,NA
SBSdk,SBSdk/03,Lw,2,Lw,,,TRUE,SBS,NA
SBSdk,SBSdk/04,Lw,2,Lw,,,TRUE,SBS,NA
SBSdk,SBSdk/05,Lw,2,Lw,,,TRUE,SBS,NA
SBSdk,SBSdk/06,Lw,2,Lw,,,TRUE,SBS,NA
SBSdk,SBSdk/08a,Pli,2,Pl,,,FALSE,SBS,NA
SBSdk,SBSdk/08b,Pli,2,Pl,,,FALSE,SBS,NA
SBSdk,SBSdk/08a,Sxw,1,Sx,,,FALSE,SBS,NA
SBSdk,SBSdk/08b,Sxw,1,Sx,,,FALSE,SBS,NA
SBSdw1,SBSdw1/05,Bl,2,Bl,,,FALSE,SBS,imputed
SBSdw2,SBSdw2/01,Lw,2,Lw,,,TRUE,SBS,NA
SBSdw2,SBSdw2/06,Lw,2,Lw,,,TRUE,SBS,NA
SBSdw2,SBSdw2/08,Lw,3,Lw,,,TRUE,SBS,NA
SBSdw3,SBSdw3/02,At,4,At,,,FALSE,SBS,imputed
SBSdw3,SBSdw3/03,Bl,3,Bl,,,FALSE,SBS,imputed
SBSdw3,SBSdw3/01,Bl,2,Bl,,,FALSE,SBS,imputed
SBSdw3,SBSdw3/02,Ep,3,Ep,,,FALSE,SBS,imputed
SBSdw3,SBSdw3/07,Fdi,3,Fd,,,FALSE,SBS,imputed
SBSdw3,SBSdw3/05,Fdi,1,Fd,,,FALSE,SBS,imputed
SBSdw3,SBSdw3/10,Lt,3,Lt,,,FALSE,SBS,NA
SBSdw3,SBSdw3/01,Lw,2,Lw,,,TRUE,SBS,NA
SBSdw3,SBSdw3/04,Lw,2,Lw,,,TRUE,SBS,NA
SBSdw3,SBSdw3/06,Lw,3,Lw,,,TRUE,SBS,NA
SBSdw3,SBSdw3/07,Lw,3,Lw,,,TRUE,SBS,NA
SBSmc2,SBSmc2/01,Ac,3,Ac,,,FALSE,SBS,imputed
SBSmc2,SBSmc2/08,At,3,At,,,FALSE,SBS,NA
SBSmc2,SBSmc2/04,Bl,2,Bl,,,FALSE,SBS,NA
SBSmc2,SBSmc2/11,Bl,2,Bl,,,FALSE,SBS,NA
SBSmc2,SBSmc2/06,Hw,3,Hw,,,FALSE,SBS,imputed
SBSmc2,SBSmc2/05,Hw,3,Hw,,,FALSE,SBS,imputed
SBSmc2,SBSmc2/04,Pli,1,Pl,,,FALSE,SBS,NA
SBSmc2,SBSmc2/11,Pli,2,Pl,,,FALSE,SBS,NA
SBSmc2,SBSmc2/04,Sxw,1,Sx,,,FALSE,SBS,NA
SBSmc2,SBSmc2/11,Sxw,1,Sx,,,FALSE,SBS,NA
SBSmc3,SBSmc3/02,At,3,At,,,FALSE,SBS,imputed
SBSmc3,SBSmc3/03,Bl,3,Bl,,,FALSE,SBS,imputed
SBSmc3,SBSmc3/05,Bl,3,Bl,,,FALSE,SBS,imputed
SBSmh,SBSmh/01,Lw,2,Lw,,,TRUE,SBS,NA
SBSmh,SBSmh/05,Lw,2,Lw,,,TRUE,SBS,NA
SBSmh,SBSmh/06,Lw,2,Lw,,,TRUE,SBS,NA
SBSmk1,SBSmk1/02,Bl,2,Bl,,,FALSE,SBS,imputed
SBSmk1,SBSmk1/06,Ep,3,Ep,,,FALSE,SBS,imputed
SBSmk1,SBSmk1/01,Lw,3,Lw,,,TRUE,SBS,NA
SBSmk1,SBSmk1/04,Lw,3,Lw,,,TRUE,SBS,NA
SBSmk1,SBSmk1/05,Lw,3,Lw,,,TRUE,SBS,NA
SBSmk1,SBSmk1/07,Lw,3,Lw,,,TRUE,SBS,NA
SBSmk2,SBSmk2/01,Sb,3,Sb,,,FALSE,SBS,imputed
SBSmm,SBSmm/08,Bl,2,Bl,,,FALSE,SBS,NA
SBSun,SBSun/h,Bl,1,Bl,,,FALSE,SBS,NA
SBSun,SBSun/m,Bl,1,Bl,,,FALSE,SBS,NA
SBSun,SBSun/x,Bl,1,Bl,,,FALSE,SBS,NA
SBSvk,SBSvk/04,Cw,4,Cw,,,FALSE,SBS,imputed
SBSvk,SBSvk/04,Hw,4,Hw,,,FALSE,SBS,imputed
SBSwk1,SBSwk1/05,Ac,3,Ac,,,FALSE,SBS,imputed
SBSwk1,SBSwk1/10,Act,3,Ac,,,FALSE,SBS,NA
SBSwk1,SBSwk1/12,At,3,At,,,FALSE,SBS,NA
SBSwk1,SBSwk1/10,Bl,2,Bl,,,FALSE,SBS,NA
SBSwk1,SBSwk1/06,Fdi,3,Fd,,,FALSE,SBS,imputed
SBSwk1,SBSwk1/05,Hw,2,Hw,,,FALSE,SBS,imputed
SBSwk1,SBSwk1/10,Pli,2,Pl,,,FALSE,SBS,NA
SBSwk1,SBSwk1/12,Pli,2,Pl,,,FALSE,SBS,NA
SBSwk1,SBSwk1/12,Sb,3,Sb,,,FALSE,SBS,NA
SBSwk1,SBSwk1/10,Sxw,1,Sx,,,FALSE,SBS,NA
SBSwk1,SBSwk1/12,Sxw,3,Sx,,,FALSE,SBS,NA
SBSwk2,SBSwk2/06,Ep,2,Ep,,,FALSE,SBS,imputed
SBSwk2,SBSwk2/01,Sb,3,Sb,,,FALSE,SBS,imputed
SBSwk3,SBSwk3/02,Fdi,2,Fd,,,FALSE,SBS,imputed
SBSwk3,SBSwk3/01,Lw,3,Lw,,,TRUE,SBS,NA
SBSwk3,SBSwk3/04,Lw,3,Lw,,,TRUE,SBS,NA
SBSwk3,SBSwk3/06,Lw,3,Lw,,,TRUE,SBS,NA
SBSwk3,SBSwk3/06,Sb,1,Sb,,,FALSE,SBS,imputed
SWBmk,SWBmk/03,Bl,2,Bl,,,FALSE,SWB,imputed
SWBmk,SWBmk/05,Bl,3,Bl,,,FALSE,SWB,imputed
SWBmk,SWBmk/04,Bl,3,Bl,,,FALSE,SWB,imputed
SWBmk,SWBmk/01,Sb,3,Sb,,,FALSE,SWB,imputed
SWBmk,SWBmk/03,Sb,2,Sb,,,FALSE,SWB,imputed
SWBun,SWBun/h,Acb,3,Ac,,,FALSE,SWB,NA
SWBun,SWBun/m,At,3,At,,,FALSE,SWB,NA
SWBun,SWBun/x,At,3,At,,,FALSE,SWB,NA
SWBun,SWBun/h,Bl,3,Bl,,,FALSE,SWB,NA
SWBun,SWBun/m,Bl,2,Bl,,,FALSE,SWB,NA
SWBun,SWBun/m,Pli,3,Pl,,,FALSE,SWB,NA
SWBun,SWBun/x,Pli,3,Pl,,,FALSE,SWB,NA
SWBun,SWBun/h,Sb,3,Sb,,,FALSE,SWB,NA
SWBun,SWBun/m,Sb,3,Sb,,,FALSE,SWB,NA
SWBun,SWBun/h,Sw,2,Sx,,,FALSE,SWB,NA
SWBun,SWBun/m,Sw,2,Sx,,,FALSE,SWB,NA
SWBun,SWBun/x,Sw,3,Sx,,,FALSE,SWB,NA
SWBvk,SWBvk/h,Sw,3,Sx,,,FALSE,SWB,NA
SWBvk,SWBvk/m,Sw,2,Sx,,,FALSE,SWB,NA
SWBvk,SWBvk/x,Sw,2,Sx,,,FALSE,SWB,NA
