bgc,Region
BGxh2,TO
BGxh2,TO
BGxh2,TO
BGxh2,TO
BGxh2,TO
BGxh2,TO
BGxh2,TO
BGxh2,TO
BGxh2,TO
BGxh2,TO
BGxh2,TO
BGxh2,TO
BGxh2,TO
BGxh2,TO
BGxh2,TO
BGxh2,TO
BGxh2,TO
BGxh2,TO
BGxh2,TO
BGxh2,TO
BGxw1,TO
BGxw1,TO
BGxw1,TO
BGxw1,TO
BGxw1,TO
BGxw1,TO
BGxw1,TO
BGxw1,TO
BGxw1,TO
BGxw1,TO
ESSFdc2,TO
ESSFdc2,TO
ESSFdc2,TO
ESSFdc2,TO
ESSFdc3,TO
ESSFdc3,TO
ESSFdcw,TO
ESSFdh1,TO
ESSFdh1,TO
ESSFdh1,TO
ESSFdvp,CAR
ESSFdvw,CAR
ESSFdvw,CAR
ESSFdvw,CAR
ESSFdvw,CAR
ESSFdvw,CAR
ESSFdvw,CAR
ESSFdvw,CAR
ESSFdvw,CAR
ESSFdvw,CAR
ESSFdvw,CAR
ESSFdvw,CAR
ESSFdvw,CAR
ESSFdvw,CAR
ESSFdvw,CAR
ESSFdvw,CAR
ESSFdvw,CAR
ESSFdvw,CAR
ESSFdvw,CAR
ESSFdvw,CAR
ESSFdvw,CAR
ESSFdvw,CAR
ESSFdvw,CAR
ESSFdvw,CAR
ESSFdvw,CAR
ESSFdvw,CAR
ESSFmw2,TO
ESSFmw2,TO
ESSFmww,TO
ESSFxc1,TO
ESSFxc1,TO
ESSFxc1,TO
ESSFxc1,TO
ESSFxc1,TO
ESSFxc2,TO
ESSFxc2,TO
ESSFxc2,TO
ESSFxc3,TO
ESSFxc3,TO
ESSFxc3,TO
ESSFxc3,TO
ESSFxc3,TO
ESSFxc3,TO
ESSFxc3,TO
ESSFxcp,TO
ESSFxcp,TO
ESSFxcp,TO
ESSFxv2,CAR
ESSFxv2,CAR
ESSFxvp,CAR
ESSFxvw,CAR
ESSFxvw,CAR
ESSFxvw,CAR
ESSFxvw,CAR
ESSFxvw,CAR
ESSFxvw,CAR
ESSFxvw,CAR
ESSFxvw,CAR
ESSFxvw,CAR
ESSFxvw,CAR
ESSFxvw,CAR
ESSFxvw,CAR
ESSFxvw,CAR
ESSFxvw,CAR
ESSFxvw,CAR
ESSFxvw,CAR
ESSFxvw,CAR
ESSFxvw,CAR
ESSFxvw,CAR
ESSFxvw,CAR
ESSFxvw,CAR
ESSFxvw,CAR
ESSFxvw,CAR
ESSFxvw,CAR
ESSFxvw,CAR
ESSFxvw,CAR
ESSFxvw,CAR
ICHdk,CAR
ICHdk,CAR
ICHdk,CAR
ICHdk,CAR
ICHdw3,TO
ICHdw3,TO
ICHdw3,TO
ICHmc2,SKE
ICHmc2,SKE
ICHmc2,SKE
ICHmc2,SKE
ICHmc2,SKE
ICHmc2,SKE
ICHmc2,SKE
ICHmc2,SKE
ICHmc2,SKE
ICHmc2,SKE
ICHmk2,TO
ICHmk3,CAR
ICHmk3,CAR
ICHmk3,CAR
ICHvc,SKE
ICHvc,SKE
ICHvc,SKE
ICHvc,SKE
ICHvc,SKE
ICHvc,SKE
ICHvc,SKE
ICHvc,SKE
ICHvc,SKE
ICHvc,SKE
ICHvc,SKE
ICHvc,SKE
ICHvc,SKE
ICHvc,SKE
ICHvc,SKE
ICHvc,SKE
ICHvc,SKE
ICHvc,SKE
ICHvc,SKE
ICHvc,SKE
ICHvc,SKE
ICHvc,SKE
ICHvc,SKE
ICHvc,SKE
ICHwc,SKE
ICHwc,SKE
ICHwc,SKE
ICHwc,SKE
ICHwc,SKE
ICHwc,SKE
ICHwc,SKE
ICHwc,SKE
ICHwc,SKE
ICHwc,SKE
ICHwc,SKE
ICHwc,SKE
ICHwc,SKE
ICHwc,SKE
ICHwc,SKE
ICHwc,SKE
ICHwc,SKE
ICHwc,SKE
ICHwc,SKE
ICHwc,SKE
ICHwc,SKE
ICHwc,SKE
ICHwc,SKE
ICHwc,SKE
ICHwc,SKE
ICHwc,SKE
ICHwc,SKE
ICHwc,SKE
ICHwc,SKE
ICHwc,SKE
ICHwc,SKE
ICHwc,SKE
ICHwc,SKE
ICHwc,SKE
ICHwc,SKE
ICHwc,SKE
ICHwc,SKE
ICHwc,SKE
ICHwc,SKE
ICHwc,SKE
ICHwc,SKE
ICHwc,SKE
ICHwc,SKE
ICHwc,SKE
ICHwc,SKE
ICHwc,SKE
ICHwc,SKE
ICHwc,SKE
ICHwk2,CAR
ICHwk2,CAR
ICHwk2,CAR
ICHwk2,CAR
ICHwk2,CAR
ICHwk2,CAR
ICHwk2,CAR
ICHxm1,TO
ICHxm1,TO
IDFdc,TO
IDFdc,TO
IDFdc,TO
IDFdk1,TO
IDFdk1,TO
IDFdk1,TO
IDFdk1,TO
IDFdk1,TO
IDFdk1,TO
IDFdk1,TO
IDFdk1,TO
IDFdk1,TO
IDFdk1,TO
IDFdk1,TO
IDFdk1,TO
IDFdk1,TO
IDFdk1,TO
IDFdk1,TO
IDFdk1,TO
IDFdk2,TO
IDFdk2,TO
IDFdk2,TO
IDFdk2,TO
IDFdk2,TO
IDFdk2,TO
IDFdk2,TO
IDFdk2,TO
IDFdk2,TO
IDFdk3,CAR
IDFdk3,CAR
IDFdk4,CAR
IDFdk4,CAR
IDFmw2,TO
IDFmw2,TO
IDFmw2,TO
IDFxh1,TO
IDFxh1,TO
IDFxh1,TO
IDFxh1,TO
IDFxh1,TO
IDFxh1,TO
IDFxh1,TO
IDFxh1,TO
IDFxh1,TO
IDFxh1,TO
IDFxh1,TO
IDFxh1,TO
IDFxh1,TO
IDFxh1,TO
IDFxh1,TO
IDFxh1,TO
IDFxh1,TO
IDFxh1,TO
IDFxh1,TO
IDFxh2,TO
IDFxh2,TO
IDFxh2,TO
IDFxh2,TO
IDFxh2,TO
IDFxh2,TO
IDFxh2,TO
IDFxh2,TO
IDFxh2,TO
IDFxh2,TO
IDFxh2,TO
IDFxh2,TO
IDFxh2,TO
IDFxh2,TO
IDFxh2,TO
IDFxh2,TO
IDFxm,CAR
IDFxx1,TO
IDFxx1,TO
IDFxx1,TO
IDFxx1,TO
IDFxx1,TO
IDFxx1,TO
IDFxx1,TO
IDFxx1,TO
IDFxx1,TO
IDFxx1,TO
IDFxx1,TO
IDFxx1,TO
IDFxx1,TO
IDFxx1,TO
IDFxx1,TO
MSdc1,TO
MSdc1,TO
MSdc2,CAR
MSdc2,CAR
MSdc2,CAR
MSdc2,CAR
MSdc2,CAR
MSdc2,CAR
MSdc2,CAR
MSdc2,CAR
MSdc2,CAR
MSdc2,CAR
MSdc2,CAR
MSdc2,CAR
MSdc2,CAR
MSdc2,CAR
MSdc2,CAR
MSdc2,CAR
MSdc2,CAR
MSdc2,CAR
MSdc2,CAR
MSdc2,CAR
MSdc2,CAR
MSdc2,CAR
MSdc2,CAR
MSdc2,CAR
MSdc2,CAR
MSdc2,CAR
MSdc2,CAR
MSdc2,CAR
MSdc2,CAR
MSdc3,TO
MSdc3,TO
MSdc3,TO
MSdc3,TO
MSdm2,TO
MSdm2,TO
MSdm2,TO
MSdm2,TO
MSdm2,TO
MSdm2,TO
MSdm3,TO
MSdm3,TO
MSdm3,TO
MSdm3,TO
MSdv,CAR
MSdv,CAR
MSdv,CAR
MSdv,CAR
MSdv,CAR
MSdv,CAR
MSdv,CAR
MSdv,CAR
MSdv,CAR
MSdv,CAR
MSdv,CAR
MSdv,CAR
MSdv,CAR
MSdv,CAR
MSdv,CAR
MSdv,CAR
MSdv,CAR
MSdv,CAR
MSdv,CAR
MSdv,CAR
MSdv,CAR
MSdv,CAR
MSdv,CAR
MSdv,CAR
MSdv,CAR
MSxk1,TO
MSxk1,TO
MSxk1,TO
MSxk1,TO
MSxk1,TO
MSxk1,TO
MSxk2,TO
MSxk3,CAR
MSxk3,CAR
MSxv,CAR
PPxh1,TO
PPxh1,TO
PPxh1,TO
PPxh1,TO
PPxh1,TO
PPxh1,TO
PPxh1,TO
PPxh1,TO
PPxh1,TO
PPxh1,TO
PPxh1,TO
PPxh1,TO
PPxh1,TO
PPxh1,TO
PPxh1,TO
PPxh2,TO
PPxh2,TO
PPxh2,TO
PPxh2,TO
PPxh2,TO
PPxh2,TO
PPxh2,TO
PPxh2,TO
PPxh2,TO
PPxh2,TO
PPxh2,TO
PPxh2,TO
PPxh2,TO
PPxh2,TO
PPxh2,TO
PPxh2,TO
PPxh2,TO
PPxh2,TO
SBPSmk,CAR
SBPSxc,CAR
SBPSxc,CAR
SBPSxc,CAR
SBPSxc,CAR
SBPSxc,CAR
SBSmm,TO
SBSun,SKE
SBSun,SKE
SBSun,SKE
SWBvk,SKE
SWBvk,SKE
SWBvk,SKE
