"","bgc","ss_nospace","sppsplit","spp","suitability","newsuit","mod","outrange","Zone","Note"
"1","CWHvh3","CWHvh3/101","Dr","Dr",2,3,"SCS/HAK",FALSE,"CWH"," "
"2","CWHvh3","CWHvh3/101","Hw","Hw",1,1,"SCS/HAK",FALSE,"CWH"," "
"3","CWHvh3","CWHvh3/101","Plc","Pl",2,3,"SCS/HAK",FALSE,"CWH"," "
"4","CWHvh3","CWHvh3/101","Ss","Ss",3,3,"SCS/HAK",FALSE,"CWH"," "
"5","CWHvh3","CWHvh3/101","Yc","Yc",2,1,"SCS/HAK",FALSE,"CWH"," "
"6","CWHvh3","CWHvh3/101","Hm","Hm",NA,4,"SCS/HAK",FALSE,"CWH"," "
"7","CWHvh3","CWHvh3/101","Cw","Cw",NA,1,"SCS/HAK",FALSE,"CWH"," "
"8","CWHvh3","CWHvh3/101a","Dr","Dr",2,3,"SCS/HAK",FALSE,"CWH"," "
"9","CWHvh3","CWHvh3/101a","Hw","Hw",1,1,"SCS/HAK",FALSE,"CWH"," "
"10","CWHvh3","CWHvh3/101a","Plc","Pl",2,3,"SCS/HAK",FALSE,"CWH"," "
"11","CWHvh3","CWHvh3/101a","Ss","Ss",3,3,"SCS/HAK",FALSE,"CWH"," "
"12","CWHvh3","CWHvh3/101a","Cw","Cw",NA,1,"SCS/HAK",FALSE,"CWH"," "
"13","CWHvh3","CWHvh3/101a","Hm","Hm",NA,4,"SCS/HAK",FALSE,"CWH"," "
"14","CWHvh3","CWHvh3/101a","Yc","Yc",2,1,"SCS/HAK",FALSE,"CWH"," "
"15","CWHvh3","CWHvh3/101b","Dr","Dr",2,4,"SCS/HAK",FALSE,"CWH"," "
"16","CWHvh3","CWHvh3/101b","Hw","Hw",1,1,"SCS/HAK",FALSE,"CWH"," "
"17","CWHvh3","CWHvh3/101b","Plc","Pl",2,2,"SCS/HAK",FALSE,"CWH"," "
"18","CWHvh3","CWHvh3/101b","Ss","Ss",3,3,"SCS/HAK",FALSE,"CWH"," "
"19","CWHvh3","CWHvh3/101b","Yc","Yc",2,1,"SCS/HAK",FALSE,"CWH"," "
"20","CWHvh3","CWHvh3/101b","Cw","Cw",NA,1,"SCS/HAK",FALSE,"CWH"," "
"21","CWHvh3","CWHvh3/101b","Hm","Hm",NA,4,"SCS/HAK",FALSE,"CWH"," "
"22","CWHvh3","CWHvh3/101c","Dr","Dr",2,2,"SCS/HAK",FALSE,"CWH"," "
"23","CWHvh3","CWHvh3/101c","Hw","Hw",1,1,"SCS/HAK",FALSE,"CWH"," "
"24","CWHvh3","CWHvh3/101c","Plc","Pl",2,2,"SCS/HAK",FALSE,"CWH"," "
"25","CWHvh3","CWHvh3/101c","Ss","Ss",3,3,"SCS/HAK",FALSE,"CWH"," "
"26","CWHvh3","CWHvh3/101c","Yc","Yc",2,1,"SCS/HAK",FALSE,"CWH"," "
"27","CWHvh3","CWHvh3/101c","Cw","Cw",NA,1,"SCS/HAK",FALSE,"CWH"," "
"28","CWHvh3","CWHvh3/101c","Hm","Hm",NA,4,"SCS/HAK",FALSE,"CWH"," "
"29","CWHvh3","CWHvh3/102","Dr","Dr",3,3,"SCS/HAK",FALSE,"CWH"," "
"30","CWHvh3","CWHvh3/102","Hw","Hw",3,3,"SCS/HAK",FALSE,"CWH"," "
"31","CWHvh3","CWHvh3/102","Plc","Pl",2,2,"SCS/HAK",FALSE,"CWH"," "
"32","CWHvh3","CWHvh3/102","Yc","Yc",NA,2,"SCS/HAK",FALSE,"CWH"," "
"33","CWHvh3","CWHvh3/102","Hm","Hm",NA,4,"SCS/HAK",FALSE,"CWH"," "
"34","CWHvh3","CWHvh3/102","Cw","Cw",NA,4,"SCS/HAK",FALSE,"CWH"," "
"35","CWHvh3","CWHvh3/102","Ss","Ss",NA,4,"SCS/HAK",FALSE,"CWH"," "
"36","CWHvh3","CWHvh3/103","Cw","Cw",3,3,"SCS/HAK",FALSE,"CWH"," "
"37","CWHvh3","CWHvh3/103","Dr","Dr",3,4,"SCS/HAK",FALSE,"CWH"," "
"38","CWHvh3","CWHvh3/103","Hw","Hw",3,3,"SCS/HAK",FALSE,"CWH"," "
"39","CWHvh3","CWHvh3/103","Ss","Ss",2,2,"SCS/HAK",FALSE,"CWH"," "
"40","CWHvh3","CWHvh3/104","Dr","Dr",3,3,"SCS/HAK",FALSE,"CWH"," "
"41","CWHvh3","CWHvh3/104","Hw","Hw",3,3,"SCS/HAK",FALSE,"CWH"," "
"42","CWHvh3","CWHvh3/104","Ss","Ss",1,2,"SCS/HAK",FALSE,"CWH"," "
"43","CWHvh3","CWHvh3/105","Dr","Dr",2,2,"SCS/HAK",FALSE,"CWH"," "
"44","CWHvh3","CWHvh3/105","Hw","Hw",1,1,"SCS/HAK",FALSE,"CWH"," "
"45","CWHvh3","CWHvh3/105","Ss","Ss",1,1,"SCS/HAK",FALSE,"CWH"," "
"46","CWHvh3","CWHvh3/105","Yc","Yc",3,4,"SCS/HAK",FALSE,"CWH"," "
"47","CWHvh3","CWHvh3/105","Hm","Hm",NA,4,"SCS/HAK",FALSE,"CWH"," "
"48","CWHvh3","CWHvh3/105","Plc","Pl",NA,4,"SCS/HAK",FALSE,"CWH"," "
"49","CWHvh3","CWHvh3/105","Cw","Cw",NA,1,"SCS/HAK",FALSE,"CWH"," "
"50","CWHvh3","CWHvh3/105a","Dr","Dr",2,2,"SCS/HAK",FALSE,"CWH"," "
"51","CWHvh3","CWHvh3/105a","Hw","Hw",1,1,"SCS/HAK",FALSE,"CWH"," "
"52","CWHvh3","CWHvh3/105a","Ss","Ss",1,1,"SCS/HAK",FALSE,"CWH"," "
"53","CWHvh3","CWHvh3/105a","Yc","Yc",3,4,"SCS/HAK",FALSE,"CWH"," "
"54","CWHvh3","CWHvh3/105a","Hm","Hm",NA,4,"SCS/HAK",FALSE,"CWH"," "
"55","CWHvh3","CWHvh3/105a","Plc","Pl",NA,4,"SCS/HAK",FALSE,"CWH"," "
"56","CWHvh3","CWHvh3/105a","Cw","Cw",NA,1,"SCS/HAK",FALSE,"CWH"," "
"57","CWHvh3","CWHvh3/105b","Dr","Dr",2,2,"SCS/HAK",FALSE,"CWH"," "
"58","CWHvh3","CWHvh3/105b","Hw","Hw",1,1,"SCS/HAK",FALSE,"CWH"," "
"59","CWHvh3","CWHvh3/105b","Ss","Ss",1,1,"SCS/HAK",FALSE,"CWH"," "
"60","CWHvh3","CWHvh3/105b","Yc","Yc",3,4,"SCS/HAK",FALSE,"CWH"," "
"61","CWHvh3","CWHvh3/105b","Hm","Hm",NA,4,"SCS/HAK",FALSE,"CWH"," "
"62","CWHvh3","CWHvh3/105b","Plc","Pl",NA,4,"SCS/HAK",FALSE,"CWH"," "
"63","CWHvh3","CWHvh3/105b","Cw","Cw",NA,1,"SCS/HAK",FALSE,"CWH"," "
"64","CWHvh3","CWHvh3/106","Dr","Dr",2,2,"SCS/HAK",FALSE,"CWH"," "
"65","CWHvh3","CWHvh3/106","Hw","Hw",2,1,"SCS/HAK",FALSE,"CWH"," "
"66","CWHvh3","CWHvh3/106","Ss","Ss",1,1,"SCS/HAK",FALSE,"CWH"," "
"67","CWHvh3","CWHvh3/106","Yc","Yc",3,3,"SCS/HAK",FALSE,"CWH"," "
"68","CWHvh3","CWHvh3/106","Cw","Cw",NA,1,"SCS/HAK",FALSE,"CWH"," "
"69","CWHvh3","CWHvh3/106a","Dr","Dr",2,2,"SCS/HAK",FALSE,"CWH"," "
"70","CWHvh3","CWHvh3/106a","Hw","Hw",2,1,"SCS/HAK",FALSE,"CWH"," "
"71","CWHvh3","CWHvh3/106a","Ss","Ss",1,1,"SCS/HAK",FALSE,"CWH"," "
"72","CWHvh3","CWHvh3/106a","Yc","Yc",3,3,"SCS/HAK",FALSE,"CWH"," "
"73","CWHvh3","CWHvh3/106a","Cw","Cw",NA,1,"SCS/HAK",FALSE,"CWH"," "
"74","CWHvh3","CWHvh3/106b","Dr","Dr",2,2,"SCS/HAK",FALSE,"CWH"," "
"75","CWHvh3","CWHvh3/106b","Hw","Hw",2,1,"SCS/HAK",FALSE,"CWH"," "
"76","CWHvh3","CWHvh3/106b","Ss","Ss",1,1,"SCS/HAK",FALSE,"CWH"," "
"77","CWHvh3","CWHvh3/106b","Yc","Yc",3,3,"SCS/HAK",FALSE,"CWH"," "
"78","CWHvh3","CWHvh3/106b","Cw","Cw",NA,1,"SCS/HAK",FALSE,"CWH"," "
"79","CWHvh3","CWHvh3/106c","Dr","Dr",2,2,"SCS/HAK",FALSE,"CWH"," "
"80","CWHvh3","CWHvh3/106c","Hw","Hw",2,1,"SCS/HAK",FALSE,"CWH"," "
"81","CWHvh3","CWHvh3/106c","Ss","Ss",1,1,"SCS/HAK",FALSE,"CWH"," "
"82","CWHvh3","CWHvh3/106c","Yc","Yc",3,3,"SCS/HAK",FALSE,"CWH"," "
"83","CWHvh3","CWHvh3/106c","Cw","Cw",NA,1,"SCS/HAK",FALSE,"CWH"," "
"84","CWHvh3","CWHvh3/110","Dr","Dr",2,2,"SCS/HAK",FALSE,"CWH"," "
"85","CWHvh3","CWHvh3/110","Hw","Hw",2,2,"SCS/HAK",FALSE,"CWH"," "
"86","CWHvh3","CWHvh3/110","Ss","Ss",1,1,"SCS/HAK",FALSE,"CWH"," "
"87","CWHvh3","CWHvh3/110","Yc","Yc",3,3,"SCS/HAK",FALSE,"CWH"," "
"88","CWHvh3","CWHvh3/110","Cw","Cw",NA,1,"SCS/HAK",FALSE,"CWH"," "
"89","CWHvh3","CWHvh3/110a","Dr","Dr",2,2,"SCS/HAK",FALSE,"CWH"," "
"90","CWHvh3","CWHvh3/110a","Hw","Hw",2,2,"SCS/HAK",FALSE,"CWH"," "
"91","CWHvh3","CWHvh3/110a","Ss","Ss",1,1,"SCS/HAK",FALSE,"CWH"," "
"92","CWHvh3","CWHvh3/110a","Yc","Yc",3,3,"SCS/HAK",FALSE,"CWH"," "
"93","CWHvh3","CWHvh3/110a","Cw","Cw",NA,1,"SCS/HAK",FALSE,"CWH"," "
"94","CWHvh3","CWHvh3/110b","Dr","Dr",2,2,"SCS/HAK",FALSE,"CWH"," "
"95","CWHvh3","CWHvh3/110b","Hw","Hw",2,2,"SCS/HAK",FALSE,"CWH"," "
"96","CWHvh3","CWHvh3/110b","Ss","Ss",1,1,"SCS/HAK",FALSE,"CWH"," "
"97","CWHvh3","CWHvh3/110b","Yc","Yc",3,3,"SCS/HAK",FALSE,"CWH"," "
"98","CWHvh3","CWHvh3/110b","Cw","Cw",NA,1,"SCS/HAK",FALSE,"CWH"," "
"99","CWHvh3","CWHvh3/110c","Dr","Dr",2,2,"SCS/HAK",FALSE,"CWH"," "
"100","CWHvh3","CWHvh3/110c","Hw","Hw",2,2,"SCS/HAK",FALSE,"CWH"," "
"101","CWHvh3","CWHvh3/110c","Ss","Ss",1,1,"SCS/HAK",FALSE,"CWH"," "
"102","CWHvh3","CWHvh3/110c","Yc","Yc",3,3,"SCS/HAK",FALSE,"CWH"," "
"103","CWHvh3","CWHvh3/110c","Cw","Cw",NA,1,"SCS/HAK",FALSE,"CWH"," "
"104","CWHvh3","CWHvh3/111","Dr","Dr",1,1,"SCS/HAK",FALSE,"CWH"," "
"105","CWHvh3","CWHvh3/111","Hw","Hw",2,1,"SCS/HAK",FALSE,"CWH"," "
"106","CWHvh3","CWHvh3/111","Ss","Ss",1,1,"SCS/HAK",FALSE,"CWH"," "
"107","CWHvh3","CWHvh3/111","Cw","Cw",NA,2,"SCS/HAK",FALSE,"CWH"," "
"108","CWHvh3","CWHvh3/112","Dr","Dr",1,1,"SCS/HAK",FALSE,"CWH"," "
"109","CWHvh3","CWHvh3/112","Hw","Hw",3,2,"SCS/HAK",FALSE,"CWH"," "
"110","CWHvh3","CWHvh3/112","Ss","Ss",1,1,"SCS/HAK",FALSE,"CWH"," "
"111","CWHvh3","CWHvh3/112","Cw","Cw",NA,2,"SCS/HAK",FALSE,"CWH"," "
"112","CWHvh3","CWHvh3/113","Dr","Dr",1,1,"SCS/HAK",FALSE,"CWH"," "
"113","CWHvh3","CWHvh3/113","Ss","Ss",3,3,"SCS/HAK",FALSE,"CWH"," "
"114","CWHvh3","CWHvh3/113","Hw","Hw",NA,3,"SCS/HAK",FALSE,"CWH"," "
"115","CWHvh3","CWHvh3/114","Dr","Dr",2,2,"SCS/HAK",FALSE,"CWH"," "
"116","CWHvh3","CWHvh3/114","Hw","Hw",2,1,"SCS/HAK",FALSE,"CWH"," "
"117","CWHvh3","CWHvh3/114","Ss","Ss",1,1,"SCS/HAK",FALSE,"CWH"," "
"118","CWHvh3","CWHvh3/114","Yc","Yc",3,4,"SCS/HAK",FALSE,"CWH"," "
"119","CWHvh3","CWHvh3/114","Cw","Cw",NA,1,"SCS/HAK",FALSE,"CWH"," "
"120","CWHvh3","CWHvh3/115","Dr","Dr",3,3,"SCS/HAK",FALSE,"CWH"," "
"121","CWHvh3","CWHvh3/115","Hw","Hw",1,2,"SCS/HAK",FALSE,"CWH"," "
"122","CWHvh3","CWHvh3/115","Plc","Pl",2,1,"SCS/HAK",FALSE,"CWH"," "
"123","CWHvh3","CWHvh3/115","Yc","Yc",1,1,"SCS/HAK",FALSE,"CWH"," "
"124","CWHvh3","CWHvh3/115","Cw","Cw",NA,1,"SCS/HAK",FALSE,"CWH"," "
"125","CWHvh3","CWHvh3/115","Hm","Hm",NA,2,"SCS/HAK",FALSE,"CWH"," "
"126","CWHvh3","CWHvh3/116","Dr","Dr",2,2,"SCS/HAK",FALSE,"CWH"," "
"127","CWHvh3","CWHvh3/116","Hw","Hw",3,3,"SCS/HAK",FALSE,"CWH"," "
"128","CWHvh3","CWHvh3/116","Ss","Ss",2,2,"SCS/HAK",FALSE,"CWH"," "
"129","CWHvh3","CWHvh3/116","Cw","Cw",NA,2,"SCS/HAK",FALSE,"CWH"," "
"130","CWHvh3","CWHvh3/117","Dr","Dr",3,3,"SCS/HAK",FALSE,"CWH"," "
"131","CWHvh3","CWHvh3/117","Hw","Hw",3,2,"SCS/HAK",FALSE,"CWH"," "
"132","CWHvh3","CWHvh3/117","Plc","Pl",3,3,"SCS/HAK",FALSE,"CWH"," "
"133","CWHvh3","CWHvh3/117","Ss","Ss",2,2,"SCS/HAK",FALSE,"CWH"," "
"134","CWHvh3","CWHvh3/117","Yc","Yc",NA,2,"SCS/HAK",FALSE,"CWH"," "
"135","CWHvh3","CWHvh3/117","Cw","Cw",NA,2,"SCS/HAK",FALSE,"CWH"," "
"136","CWHvh3","CWHvh3/117a","Dr","Dr",3,3,"SCS/HAK",FALSE,"CWH"," "
"137","CWHvh3","CWHvh3/117a","Hw","Hw",3,2,"SCS/HAK",FALSE,"CWH"," "
"138","CWHvh3","CWHvh3/117a","Plc","Pl",3,3,"SCS/HAK",FALSE,"CWH"," "
"139","CWHvh3","CWHvh3/117a","Ss","Ss",2,2,"SCS/HAK",FALSE,"CWH"," "
"140","CWHvh3","CWHvh3/117a","Yc","Yc",NA,2,"SCS/HAK",FALSE,"CWH"," "
"141","CWHvh3","CWHvh3/117a","Cw","Cw",NA,2,"SCS/HAK",FALSE,"CWH"," "
"142","CWHvh3","CWHvh3/117b","Dr","Dr",3,3,"SCS/HAK",FALSE,"CWH"," "
"143","CWHvh3","CWHvh3/117b","Hw","Hw",3,2,"SCS/HAK",FALSE,"CWH"," "
"144","CWHvh3","CWHvh3/117b","Plc","Pl",3,3,"SCS/HAK",FALSE,"CWH"," "
"145","CWHvh3","CWHvh3/117b","Ss","Ss",2,2,"SCS/HAK",FALSE,"CWH"," "
"146","CWHvh3","CWHvh3/117b","Yc","Yc",NA,2,"SCS/HAK",FALSE,"CWH"," "
"147","CWHvh3","CWHvh3/117b","Cw","Cw",NA,2,"SCS/HAK",FALSE,"CWH"," "
"148","CWHvh3","CWHvh3/Wb53","Plc","Pl",2,3,"SCS/HAK",FALSE,"CWH"," "
"149","CWHvh3","CWHvh3/Wb53","Hm","Hm",NA,4,"SCS/HAK",FALSE,"CWH"," "
"150","CWHvh3","CWHvh3/Wb53","Yc","Yc",NA,3,"SCS/HAK",FALSE,"CWH"," "
"151","CWHvh3","CWHvh3/Wb53","Hw","Hw",NA,4,"SCS/HAK",FALSE,"CWH"," "
"152","CWHvh3","CWHvh3/Wb53","Cw","Cw",NA,4,"SCS/HAK",FALSE,"CWH"," "
"153","CWHvh3","CWHvh3/Wb54","Plc","Pl",2,4,"SCS/HAK",FALSE,"CWH"," "
"154","CWHvh3","CWHvh3/Wb54","Hm","Hm",NA,5,"SCS/HAK",FALSE,"CWH"," "
"155","CWHvh3","CWHvh3/Wb54","Yc","Yc",NA,3,"SCS/HAK",FALSE,"CWH"," "
"156","CWHvh3","CWHvh3/Wb54","Hw","Hw",NA,5,"SCS/HAK",FALSE,"CWH"," "
"157","CWHvh3","CWHvh3/Wb54","Cw","Cw",NA,5,"SCS/HAK",FALSE,"CWH"," "
"158","CWHvh3","CWHvh3/Ws58","Cw","Cw",NA,3,"SCS/HAK",FALSE,"CWH"," "
"159","CWHvh3","CWHvh3/Ws58","Yc","Yc",NA,3,"SCS/HAK",FALSE,"CWH"," "
"160","CWHvh3","CWHvh3/Ws58","Hw","Hw",NA,3,"SCS/HAK",FALSE,"CWH"," "
"161","CWHvh3","CWHvh3/Ws58","Plc","Pl ",NA,3,"SCS/HAK",FALSE,"CWH"," "
"162","CWHwh1","CWHwh1/101","Dr","Dr",2,NA,"",FALSE,"CWH"," "
"163","CWHwh1","CWHwh1/101","Hw","Hw",1,NA,"",FALSE,"CWH"," "
"164","CWHwh1","CWHwh1/101","Ss","Ss",1,NA,"",FALSE,"CWH"," "
"165","CWHwh1","CWHwh1/101a","Dr","Dr",2,NA,"",FALSE,"CWH"," "
"166","CWHwh1","CWHwh1/101a","Hw","Hw",1,NA,"",FALSE,"CWH"," "
"167","CWHwh1","CWHwh1/101a","Ss","Ss",1,NA,"",FALSE,"CWH"," "
"168","CWHwh1","CWHwh1/101b","Dr","Dr",2,NA,"",FALSE,"CWH"," "
"169","CWHwh1","CWHwh1/101b","Hw","Hw",1,NA,"",FALSE,"CWH"," "
"170","CWHwh1","CWHwh1/101b","Ss","Ss",1,NA,"",FALSE,"CWH"," "
"171","CWHwh1","CWHwh1/102","Dr","Dr",3,NA,"",FALSE,"CWH"," "
"172","CWHwh1","CWHwh1/102","Hw","Hw",1,NA,"",FALSE,"CWH"," "
"173","CWHwh1","CWHwh1/102","Plc","Pl",3,NA,"",FALSE,"CWH"," "
"174","CWHwh1","CWHwh1/102","Ss","Ss",2,NA,"",FALSE,"CWH"," "
"175","CWHwh1","CWHwh1/103","Cw","Cw",3,NA,"",FALSE,"CWH"," "
"176","CWHwh1","CWHwh1/103","Dr","Dr",3,NA,"",FALSE,"CWH"," "
"177","CWHwh1","CWHwh1/103","Hw","Hw",3,NA,"",FALSE,"CWH"," "
"178","CWHwh1","CWHwh1/103","Ss","Ss",1,NA,"",FALSE,"CWH"," "
"179","CWHwh1","CWHwh1/104","Dr","Dr",3,NA,"",FALSE,"CWH"," "
"180","CWHwh1","CWHwh1/104","Hw","Hw",3,NA,"",FALSE,"CWH"," "
"181","CWHwh1","CWHwh1/104","Ss","Ss",1,NA,"",FALSE,"CWH"," "
"182","CWHwh1","CWHwh1/105","Dr","Dr",2,NA,"",FALSE,"CWH"," "
"183","CWHwh1","CWHwh1/105","Hw","Hw",2,NA,"",FALSE,"CWH"," "
"184","CWHwh1","CWHwh1/105","Ss","Ss",1,NA,"",FALSE,"CWH"," "
"185","CWHwh1","CWHwh1/105a","Dr","Dr",2,NA,"",FALSE,"CWH"," "
"186","CWHwh1","CWHwh1/105a","Hw","Hw",2,NA,"",FALSE,"CWH"," "
"187","CWHwh1","CWHwh1/105a","Ss","Ss",1,NA,"",FALSE,"CWH"," "
"188","CWHwh1","CWHwh1/105b","Dr","Dr",2,NA,"",FALSE,"CWH"," "
"189","CWHwh1","CWHwh1/105b","Hw","Hw",2,NA,"",FALSE,"CWH"," "
"190","CWHwh1","CWHwh1/105b","Ss","Ss",1,NA,"",FALSE,"CWH"," "
"191","CWHwh1","CWHwh1/110","Dr","Dr",3,NA,"",FALSE,"CWH"," "
"192","CWHwh1","CWHwh1/110","Hw","Hw",1,NA,"",FALSE,"CWH"," "
"193","CWHwh1","CWHwh1/110","Plc","Pl",3,NA,"",FALSE,"CWH"," "
"194","CWHwh1","CWHwh1/110","Ss","Ss",3,NA,"",FALSE,"CWH"," "
"195","CWHwh1","CWHwh1/110a","Dr","Dr",3,NA,"",FALSE,"CWH"," "
"196","CWHwh1","CWHwh1/110a","Hw","Hw",1,NA,"",FALSE,"CWH"," "
"197","CWHwh1","CWHwh1/110a","Plc","Pl",3,NA,"",FALSE,"CWH"," "
"198","CWHwh1","CWHwh1/110a","Ss","Ss",3,NA,"",FALSE,"CWH"," "
"199","CWHwh1","CWHwh1/110b","Dr","Dr",3,NA,"",FALSE,"CWH"," "
"200","CWHwh1","CWHwh1/110b","Hw","Hw",1,NA,"",FALSE,"CWH"," "
"201","CWHwh1","CWHwh1/110b","Plc","Pl",3,NA,"",FALSE,"CWH"," "
"202","CWHwh1","CWHwh1/110b","Ss","Ss",3,NA,"",FALSE,"CWH"," "
"203","CWHwh1","CWHwh1/111","Dr","Dr",2,NA,"",FALSE,"CWH"," "
"204","CWHwh1","CWHwh1/111","Hw","Hw",2,NA,"",FALSE,"CWH"," "
"205","CWHwh1","CWHwh1/111","Ss","Ss",1,NA,"",FALSE,"CWH"," "
"206","CWHwh1","CWHwh1/111a","Dr","Dr",2,NA,"",FALSE,"CWH"," "
"207","CWHwh1","CWHwh1/111a","Hw","Hw",2,NA,"",FALSE,"CWH"," "
"208","CWHwh1","CWHwh1/111a","Ss","Ss",1,NA,"",FALSE,"CWH"," "
"209","CWHwh1","CWHwh1/111b","Dr","Dr",2,NA,"",FALSE,"CWH"," "
"210","CWHwh1","CWHwh1/111b","Hw","Hw",2,NA,"",FALSE,"CWH"," "
"211","CWHwh1","CWHwh1/111b","Ss","Ss",1,NA,"",FALSE,"CWH"," "
"212","CWHwh1","CWHwh1/111c","Dr","Dr",2,NA,"",FALSE,"CWH"," "
"213","CWHwh1","CWHwh1/111c","Hw","Hw",2,NA,"",FALSE,"CWH"," "
"214","CWHwh1","CWHwh1/111c","Ss","Ss",1,NA,"",FALSE,"CWH"," "
"215","CWHwh1","CWHwh1/112","Dr","Dr",1,NA,"",FALSE,"CWH"," "
"216","CWHwh1","CWHwh1/112","Hw","Hw",2,NA,"",FALSE,"CWH"," "
"217","CWHwh1","CWHwh1/112","Ss","Ss",1,NA,"",FALSE,"CWH"," "
"218","CWHwh1","CWHwh1/113","Dr","Dr",1,NA,"",FALSE,"CWH"," "
"219","CWHwh1","CWHwh1/113","Hw","Hw",3,NA,"",FALSE,"CWH"," "
"220","CWHwh1","CWHwh1/113","Ss","Ss",1,NA,"",FALSE,"CWH"," "
"221","CWHwh1","CWHwh1/114","Dr","Dr",1,NA,"",FALSE,"CWH"," "
"222","CWHwh1","CWHwh1/114","Ss","Ss",3,NA,"",FALSE,"CWH"," "
"223","CWHwh1","CWHwh1/115","Dr","Dr",3,NA,"",FALSE,"CWH"," "
"224","CWHwh1","CWHwh1/115","Hm","Hm",3,NA,"",FALSE,"CWH"," "
"225","CWHwh1","CWHwh1/115","Hw","Hw",2,NA,"",FALSE,"CWH"," "
"226","CWHwh1","CWHwh1/115","Plc","Pl",3,NA,"",FALSE,"CWH"," "
"227","CWHwh1","CWHwh1/115","Yc","Yc",2,NA,"",FALSE,"CWH"," "
"228","CWHwh1","CWHwh1/116","Dr","Dr",2,NA,"",FALSE,"CWH"," "
"229","CWHwh1","CWHwh1/116","Hw","Hw",2,NA,"",FALSE,"CWH"," "
"230","CWHwh1","CWHwh1/116","Ss","Ss",1,NA,"",FALSE,"CWH"," "
"231","CWHwh1","CWHwh1/117","Dr","Dr",3,NA,"",FALSE,"CWH"," "
"232","CWHwh1","CWHwh1/117","Hw","Hw",3,NA,"",FALSE,"CWH"," "
"233","CWHwh1","CWHwh1/117","Ss","Ss",2,NA,"",FALSE,"CWH"," "
"234","CWHwh1","CWHwh1/118","Dr","Dr",3,NA,"",FALSE,"CWH"," "
"235","CWHwh1","CWHwh1/118","Hw","Hw",3,NA,"",FALSE,"CWH"," "
"236","CWHwh1","CWHwh1/118","Plc","Pl",3,NA,"",FALSE,"CWH"," "
"237","CWHwh1","CWHwh1/118","Ss","Ss",2,NA,"",FALSE,"CWH"," "
"238","CWHwh1","CWHwh1/118","Yc","Yc",3,NA,"",FALSE,"CWH"," "
"239","CWHwh1","CWHwh1/118a","Dr","Dr",3,NA,"",FALSE,"CWH"," "
"240","CWHwh1","CWHwh1/118a","Hw","Hw",3,NA,"",FALSE,"CWH"," "
"241","CWHwh1","CWHwh1/118a","Plc","Pl",3,NA,"",FALSE,"CWH"," "
"242","CWHwh1","CWHwh1/118a","Ss","Ss",2,NA,"",FALSE,"CWH"," "
"243","CWHwh1","CWHwh1/118a","Yc","Yc",5,NA,"",FALSE,"CWH"," "
"244","CWHwh1","CWHwh1/118b","Dr","Dr",3,NA,"",FALSE,"CWH"," "
"245","CWHwh1","CWHwh1/118b","Hw","Hw",3,NA,"",FALSE,"CWH"," "
"246","CWHwh1","CWHwh1/118b","Plc","Pl",3,NA,"",FALSE,"CWH"," "
"247","CWHwh1","CWHwh1/118b","Ss","Ss",3,NA,"",FALSE,"CWH"," "
"248","CWHwh1","CWHwh1/118b","Yc","Yc",3,NA,"",FALSE,"CWH"," "
"249","CWHwh1","CWHwh1/Wb51","Plc","Pl",2,NA,"",FALSE,"CWH"," "
"250","CWHwh1","CWHwh1/Wb51","Yc","Yc",3,NA,"",FALSE,"CWH"," "
"251","CWHwh2","CWHwh2/101","Hm","Hm",3,NA,"",FALSE,"CWH"," "
"252","CWHwh2","CWHwh2/101","Hw","Hw",1,NA,"",FALSE,"CWH"," "
"253","CWHwh2","CWHwh2/101","Ss","Ss",2,NA,"",FALSE,"CWH"," "
"254","CWHwh2","CWHwh2/101","Yc","Yc",1,NA,"",FALSE,"CWH"," "
"255","CWHwh2","CWHwh2/101a","Hm","Hm",3,NA,"",FALSE,"CWH"," "
"256","CWHwh2","CWHwh2/101a","Hw","Hw",1,NA,"",FALSE,"CWH"," "
"257","CWHwh2","CWHwh2/101a","Ss","Ss",2,NA,"",FALSE,"CWH"," "
"258","CWHwh2","CWHwh2/101a","Yc","Yc",1,NA,"",FALSE,"CWH"," "
"259","CWHwh2","CWHwh2/101b","Hm","Hm",3,NA,"",FALSE,"CWH"," "
"260","CWHwh2","CWHwh2/101b","Hw","Hw",1,NA,"",FALSE,"CWH"," "
"261","CWHwh2","CWHwh2/101b","Ss","Ss",2,NA,"",FALSE,"CWH"," "
"262","CWHwh2","CWHwh2/101b","Yc","Yc",1,NA,"",FALSE,"CWH"," "
"263","CWHwh2","CWHwh2/101c","Hm","Hm",3,NA,"",FALSE,"CWH"," "
"264","CWHwh2","CWHwh2/101c","Hw","Hw",1,NA,"",FALSE,"CWH"," "
"265","CWHwh2","CWHwh2/101c","Ss","Ss",2,NA,"",FALSE,"CWH"," "
"266","CWHwh2","CWHwh2/101c","Yc","Yc",1,NA,"",FALSE,"CWH"," "
"267","CWHwh2","CWHwh2/110","Hm","Hm",3,NA,"",FALSE,"CWH"," "
"268","CWHwh2","CWHwh2/110","Hw","Hw",1,NA,"",FALSE,"CWH"," "
"269","CWHwh2","CWHwh2/110","Ss","Ss",2,NA,"",FALSE,"CWH"," "
"270","CWHwh2","CWHwh2/110","Yc","Yc",1,NA,"",FALSE,"CWH"," "
"271","CWHwh2","CWHwh2/111","Hm","Hm",2,NA,"",FALSE,"CWH"," "
"272","CWHwh2","CWHwh2/111","Hw","Hw",2,NA,"",FALSE,"CWH"," "
"273","CWHwh2","CWHwh2/111","Ss","Ss",3,NA,"",FALSE,"CWH"," "
"274","CWHwh2","CWHwh2/112","Hm","Hm",3,NA,"",FALSE,"CWH"," "
"275","CWHwh2","CWHwh2/112","Hw","Hw",2,NA,"",FALSE,"CWH"," "
"276","CWHwh2","CWHwh2/112","Ss","Ss",2,NA,"",FALSE,"CWH"," "
"277","CWHwh2","CWHwh2/112","Yc","Yc",1,NA,"",FALSE,"CWH"," "
"278","CWHwh2","CWHwh2/112a","Hm","Hm",3,NA,"",FALSE,"CWH"," "
"279","CWHwh2","CWHwh2/112a","Hw","Hw",2,NA,"",FALSE,"CWH"," "
"280","CWHwh2","CWHwh2/112a","Ss","Ss",2,NA,"",FALSE,"CWH"," "
"281","CWHwh2","CWHwh2/112a","Yc","Yc",1,NA,"",FALSE,"CWH"," "
"282","CWHwh2","CWHwh2/112b","Hm","Hm",3,NA,"",FALSE,"CWH"," "
"283","CWHwh2","CWHwh2/112b","Hw","Hw",2,NA,"",FALSE,"CWH"," "
"284","CWHwh2","CWHwh2/112b","Ss","Ss",2,NA,"",FALSE,"CWH"," "
"285","CWHwh2","CWHwh2/112b","Yc","Yc",1,NA,"",FALSE,"CWH"," "
"286","ESSFun1","ESSFun1/h","Bl","Bl",2,NA,"",FALSE,"ESSF"," "
"287","ESSFun1","ESSFun1/m","Bl","Bl",1,NA,"",FALSE,"ESSF"," "
"288","ESSFun1","ESSFun1/x","Bl","Bl",1,NA,"",FALSE,"ESSF"," "
"289","ESSFunp","ESSFunp/00","Bl","Bl",3,NA,"",FALSE,"ESSF"," "
"290","MHwh","MHwh/101","Hm","Hm",1,1,"SAS-HAK",FALSE,"MH"," "
"291","MHwh","MHwh/101","Yc","Yc",1,1,"SAS-HAK",FALSE,"MH"," "
"292","MHwh","MHwh/101","Hw","Hw",2,2,"SAS-HAK",FALSE,"MH"," "
"293","MHwh","MHwh/101","Ss","Ss",2,2,"SAS-HAK",FALSE,"MH"," "
"294","MHwh","MHwh/101","Cw","Cw",3,3,"SAS-HAK",FALSE,"MH"," "
"295","MHwh","MHwh/101a","Cw","Cw",3,3,"SAS-HAK",FALSE,"MH"," "
"296","MHwh","MHwh/101b","Cw","Cw",3,3,"SAS-HAK",FALSE,"MH"," "
"297","MHwh","MHwh/101c","Cw","Cw",3,3,"SAS-HAK",FALSE,"MH"," "
"298","MHwh","MHwh/102","Hm","Hm",2,2,"SAS-HAK",FALSE,"MH"," "
"299","MHwh","MHwh/102","Cw","Cw",3,3,"SAS-HAK",FALSE,"MH"," "
"300","MHwh","MHwh/102","Plc","Pl",3,3,"SAS-HAK",FALSE,"MH"," "
"301","MHwh","MHwh/102","Yc","Yc",3,3,"SAS-HAK",FALSE,"MH"," "
"302","MHwh","MHwh/110","Hm","Hm",1,1,"SAS-HAK",FALSE,"MH"," "
"303","MHwh","MHwh/110","Yc","Yc",1,1,"SAS-HAK",FALSE,"MH"," "
"304","MHwh","MHwh/110","Ss","Ss",2,2,"SAS-HAK",FALSE,"MH"," "
"305","MHwh","MHwh/110","Cw","Cw",3,3,"SAS-HAK",FALSE,"MH"," "
"306","MHwh","MHwh/110","Hw","Hw",3,3,"SAS-HAK",FALSE,"MH"," "
"307","MHwh","MHwh/111","Hm","Hm",1,1,"SAS-HAK",FALSE,"MH"," "
"308","MHwh","MHwh/111","Yc","Yc",1,1,"SAS-HAK",FALSE,"MH"," "
"309","MHwh","MHwh/111","Ss","Ss",2,2,"SAS-HAK",FALSE,"MH"," "
"310","MHwh","MHwh/111","Cw","Cw",3,3,"SAS-HAK",FALSE,"MH"," "
"311","MHwh","MHwh/111","Cw","Cw",3,3,"SAS-HAK",FALSE,"MH"," "
"312","MHwh","MHwh/111","Cw","Cw",3,3,"SAS-HAK",FALSE,"MH"," "
"313","MHwh","MHwh/111","Cw","Cw",3,3,"SAS-HAK",FALSE,"MH"," "
"314","MHwh","MHwh/111","Cw","Cw",3,3,"SAS-HAK",FALSE,"MH"," "
"315","MHwh","MHwh/111","Cw","Cw",3,3,"SAS-HAK",FALSE,"MH"," "
"316","MHwh","MHwh/111","Cw","Cw",3,3,"SAS-HAK",FALSE,"MH"," "
"317","MHwh","MHwh/111","Cw","Cw",3,3,"SAS-HAK",FALSE,"MH"," "
"318","MHwh","MHwh/111","Cw","Cw",3,3,"SAS-HAK",FALSE,"MH"," "
"319","MHwh","MHwh/111","Cw","Cw",3,3,"SAS-HAK",FALSE,"MH"," "
"320","MHwh","MHwh/111","Cw","Cw",3,3,"SAS-HAK",FALSE,"MH"," "
"321","MHwh","MHwh/111","Cw","Cw",3,3,"SAS-HAK",FALSE,"MH"," "
"322","MHwh","MHwh/111","Cw","Cw",3,3,"SAS-HAK",FALSE,"MH"," "
"323","MHwh","MHwh/111","Cw","Cw",3,3,"SAS-HAK",FALSE,"MH"," "
"324","MHwh","MHwh/111","Cw","Cw",3,3,"SAS-HAK",FALSE,"MH"," "
"325","MHwh","MHwh/111","Cw","Cw",3,3,"SAS-HAK",FALSE,"MH"," "
"326","MHwh","MHwh/111","Hw","Hw",3,3,"SAS-HAK",FALSE,"MH"," "
"327","MHwh","MHwh/Wb53","Cw","Cw",3,3,"SAS-HAK",FALSE,"MH"," "
"328","MHwh","MHwh/Wb53","Hm","Hm",3,3,"SAS-HAK",FALSE,"MH"," "
"329","MHwh","MHwh/Wb53","Plc","Pl",3,3,"SAS-HAK",FALSE,"MH"," "
"330","MHwh","MHwh/Wb53","Yc","Yc",3,3,"SAS-HAK",FALSE,"MH"," "
"331","MHwhp","MHwhp/00","Hm","Hm",3,3,"BG",FALSE,"MH"," "
"3110","CDFmm","CDFmm/111","Bg","Bg",3,NA,NA,FALSE,"CDF","imputed"
"3210","CDFmm","CDFmm/Ws53","Fdi","Fd",3,NA,NA,FALSE,"CDF","imputed"
"332","CDFmm","CDFmm/105","Hw","Hw",2,NA,NA,FALSE,"CDF","imputed"
"342","CDFmm","CDFmm/112","Ss","Ss",3,NA,NA,FALSE,"CDF","imputed"
"351","CDFmm","CDFmm/105","Tw","Tw",3,NA,NA,FALSE,"CDF","imputed"
"361","CMAunp","CMAunp/00","Hm","Hm",2,NA,NA,FALSE,"CMA","imputed"
"371","CMAunp","CMAunp/00","Hw","Hw",1,NA,NA,FALSE,"CMA","imputed"
"381","CMAunp","CMAunp/00","Pa","Pa",3,NA,NA,FALSE,"CMA","imputed"
"391","CWHdm2","CWHdm2/101","Ba","Ba",2,NA,NA,FALSE,"CWH","imputed"
"401","CWHdm2","CWHdm2/112.1","Ba","Ba",3,NA,NA,FALSE,"CWH","imputed"
"411","CWHdm2","CWHdm2/111","Ba","Ba",2,NA,NA,FALSE,"CWH","imputed"
"421","CWHdm2","CWHdm2/104","Ba","Ba",3,NA,NA,FALSE,"CWH","imputed"
"431","CWHdm2","CWHdm2/103","Cw","Cw",3,NA,NA,FALSE,"CWH","imputed"
"441","CWHdm2","CWHdm2/102","Cw","Cw",3,NA,NA,FALSE,"CWH","imputed"
"451","CWHdm2","CWHdm2/112.1","Ss","Ss",3,NA,NA,FALSE,"CWH","imputed"
"461","CWHdm2","CWHdm2/110","Ss","Ss",2,NA,NA,FALSE,"CWH","imputed"
"471","CWHdm2","CWHdm2/112.2","Ss","Ss",1,NA,NA,FALSE,"CWH","imputed"
"481","CWHdm2","CWHdm2/111","Ss","Ss",3,NA,NA,FALSE,"CWH","imputed"
"491","CWHdm2","CWHdm2/101","Tw","Tw",4,NA,NA,FALSE,"CWH","imputed"
"501","CWHdm3","CWHdm3/112","Ba","Ba",2,NA,NA,FALSE,"CWH","imputed"
"511","CWHdm3","CWHdm3/101","Ba","Ba",2,NA,NA,FALSE,"CWH","imputed"
"521","CWHdm3","CWHdm3/110","Ba","Ba",3,NA,NA,FALSE,"CWH","imputed"
"532","CWHdm3","CWHdm3/104","Ba","Ba",2,NA,NA,FALSE,"CWH","imputed"
"541","CWHdm3","CWHdm3/110","Ss","Ss",3,NA,NA,FALSE,"CWH","imputed"
"551","CWHds1","CWHds1/101","Ba","Ba",2,NA,NA,FALSE,"CWH","imputed"
"561","CWHds1","CWHds1/101a","Ba","Ba",2,NA,NA,FALSE,"CWH","imputed"
"571","CWHds1","CWHds1/101","Bl","Bl",2,NA,NA,FALSE,"CWH","imputed"
"581","CWHds1","CWHds1/101a","Bl","Bl",2,NA,NA,FALSE,"CWH","imputed"
"5910","CWHds1","CWHds1/101","Hm","Hm",3,NA,NA,FALSE,"CWH","imputed"
"6010","CWHds1","CWHds1/101a","Hm","Hm",3,NA,NA,FALSE,"CWH","imputed"
"616","CWHds1","CWHds1/101","Mv","Mv",3,NA,NA,FALSE,"CWH","imputed"
"621","CWHds1","CWHds1/101a","Mv","Mv",3,NA,NA,FALSE,"CWH","imputed"
"631","CWHds1","CWHds1/110","Mv","Mv",2,NA,NA,FALSE,"CWH","imputed"
"641","CWHds1","CWHds1/104","Mv","Mv",1,NA,NA,FALSE,"CWH","imputed"
"651","CWHds1","CWHds1/101","Ss","Ss",3,NA,NA,FALSE,"CWH","imputed"
"661","CWHds1","CWHds1/101a","Ss","Ss",3,NA,NA,FALSE,"CWH","imputed"
"671","CWHds1","CWHds1/101b","Tw","Tw",3,NA,NA,FALSE,"CWH","imputed"
"681","CWHds1","CWHds1/110","Tw","Tw",3,NA,NA,FALSE,"CWH","imputed"
"691","CWHds1","CWHds1/104","Tw","Tw",3,NA,NA,FALSE,"CWH","imputed"
"701","CWHds1","CWHds1/101","Yc","Yc",2,NA,NA,FALSE,"CWH","imputed"
"711","CWHds1","CWHds1/101a","Yc","Yc",2,NA,NA,FALSE,"CWH","imputed"
"721","CWHds2","CWHds2/101","Ba","Ba",2,NA,NA,FALSE,"CWH","imputed"
"731","CWHmm1","CWHmm1/110","Bg","Bg",3,NA,NA,FALSE,"CWH","imputed"
"741","CWHmm1","CWHmm1/103","Tw","Tw",4,NA,NA,FALSE,"CWH","imputed"
"751","CWHmm1","CWHmm1/101","Yc","Yc",3,NA,NA,FALSE,"CWH","imputed"
"761","CWHmm1","CWHmm1/103","Yc","Yc",3,NA,NA,FALSE,"CWH","imputed"
"771","CWHms3","CWHms3/103","Bl","Bl",2,NA,NA,FALSE,"CWH","imputed"
"781","CWHms3","CWHms3/101","Bl","Bl",2,NA,NA,FALSE,"CWH","imputed"
"791","CWHms3","CWHms3/104","Bl","Bl",4,NA,NA,FALSE,"CWH","imputed"
"801","CWHms3","CWHms3/112","Hm","Hm",3,NA,NA,FALSE,"CWH","imputed"
"811","CWHms3","CWHms3/104","Hm","Hm",4,NA,NA,FALSE,"CWH","imputed"
"821","CWHms3","CWHms3/103","Mv","Mv",4,NA,NA,FALSE,"CWH","imputed"
"831","CWHms3","CWHms3/101","Pw","Pw",3,NA,NA,FALSE,"CWH","imputed"
"841","CWHms3","CWHms3/104","Sx","Sx",4,NA,NA,FALSE,"CWH","imputed"
"851","CWHms3","CWHms3/104","Tw","Tw",3,NA,NA,FALSE,"CWH","imputed"
"861","CWHms3","CWHms3/103","Yc","Yc",3,NA,NA,FALSE,"CWH","imputed"
"871","CWHms4","CWHms4/104","Ba","Ba",3,NA,NA,FALSE,"CWH","imputed"
"881","CWHms4","CWHms4/105","Bl","Bl",3,NA,NA,FALSE,"CWH","imputed"
"891","CWHms4","CWHms4/112","Hm","Hm",2,NA,NA,FALSE,"CWH","imputed"
"901","CWHms4","CWHms4/104","Hm","Hm",3,NA,NA,FALSE,"CWH","imputed"
"911","CWHms4","CWHms4/101","Mv","Mv",2,NA,NA,FALSE,"CWH","imputed"
"921","CWHms4","CWHms4/110","Mv","Mv",2,NA,NA,FALSE,"CWH","imputed"
"931","CWHms4","CWHms4/104","Mv","Mv",3,NA,NA,FALSE,"CWH","imputed"
"941","CWHms4","CWHms4/103","Mv","Mv",4,NA,NA,FALSE,"CWH","imputed"
"951","CWHms4","CWHms4/104","Plc","Pl",2,NA,NA,FALSE,"CWH","imputed"
"961","CWHms4","CWHms4/110","Tw","Tw",3,NA,NA,FALSE,"CWH","imputed"
"971","CWHms4","CWHms4/105","Yc","Yc",2,NA,NA,FALSE,"CWH","imputed"
"981","CWHms5","CWHms5/103.2","Bg","Bg",3,NA,NA,FALSE,"CWH","imputed"
"991","CWHms5","CWHms5/103.1","Bg","Bg",2,NA,NA,FALSE,"CWH","imputed"
"1001","CWHms5","CWHms5/110","Bl","Bl",2,NA,NA,FALSE,"CWH","imputed"
"1011","CWHms5","CWHms5/103.1","Hm","Hm",2,NA,NA,FALSE,"CWH","imputed"
"1021","CWHms5","CWHms5/112","Hm","Hm",3,NA,NA,FALSE,"CWH","imputed"
"1031","CWHms5","CWHms5/101.1","Mv","Mv",3,NA,NA,FALSE,"CWH","imputed"
"1041","CWHms5","CWHms5/103.2","Mv","Mv",3,NA,NA,FALSE,"CWH","imputed"
"1051","CWHms5","CWHms5/101","Mv","Mv",1,NA,NA,FALSE,"CWH","imputed"
"1061","CWHms5","CWHms5/101.2","Mv","Mv",1,NA,NA,FALSE,"CWH","imputed"
"1071","CWHms5","CWHms5/110","Mv","Mv",3,NA,NA,FALSE,"CWH","imputed"
"1081","CWHms5","CWHms5/103.1","Mv","Mv",2,NA,NA,FALSE,"CWH","imputed"
"1091","CWHms5","CWHms5/101.2","Plc","Pl",3,NA,NA,FALSE,"CWH","imputed"
"1101","CWHms5","CWHms5/101.2","Ss","Ss",3,NA,NA,FALSE,"CWH","imputed"
"1111","CWHms5","CWHms5/102","Sx","Sx",4,NA,NA,FALSE,"CWH","imputed"
"1121","CWHms5","CWHms5/103.1","Tw","Tw",3,NA,NA,FALSE,"CWH","imputed"
"1131","CWHms5","CWHms5/101.2","Yc","Yc",2,NA,NA,FALSE,"CWH","imputed"
"1141","CWHms5","CWHms5/103","Yc","Yc",3,NA,NA,FALSE,"CWH","imputed"
"1151","CWHms5","CWHms5/103.1","Yc","Yc",3,NA,NA,FALSE,"CWH","imputed"
"1161","CWHms5","CWHms5/103.2","Yc","Yc",3,NA,NA,FALSE,"CWH","imputed"
"1171","CWHvh1","CWHvh1/103","Fdc","Fd",3,NA,NA,FALSE,"CWH","imputed"
"1181","CWHvh1","CWHvh1/102","Tw","Tw",4,NA,NA,FALSE,"CWH","imputed"
"1191","CWHvh1","CWHvh1/112","Tw","Tw",3,NA,NA,FALSE,"CWH","imputed"
"1201","CWHvh1","CWHvh1/103","Tw","Tw",3,NA,NA,FALSE,"CWH","imputed"
"1211","CWHvh1","CWHvh1/101","Tw","Tw",3,NA,NA,FALSE,"CWH","imputed"
"1221","CWHvh1","CWHvh1/Ws54","Tw","Tw",4,NA,NA,FALSE,"CWH","imputed"
"1231","CWHvh1","CWHvh1/Ws56","Tw","Tw",4,NA,NA,FALSE,"CWH","imputed"
"1241","CWHvh2","CWHvh2/113","Ba","Ba",3,NA,NA,FALSE,"CWH","imputed"
"1251","CWHvh2","CWHvh2/104","Hm","Hm",2,NA,NA,FALSE,"CWH","imputed"
"1261","CWHvh2","CWHvh2/105","Hm","Hm",2,NA,NA,FALSE,"CWH","imputed"
"1271","CWHvh2","CWHvh2/103","Hm","Hm",2,NA,NA,FALSE,"CWH","imputed"
"1281","CWHvh2","CWHvh2/112","Hm","Hm",3,NA,NA,FALSE,"CWH","imputed"
"1291","CWHvh2","CWHvh2/110","Hm","Hm",2,NA,NA,FALSE,"CWH","imputed"
"1301","CWHvh2","CWHvh2/102","Hm","Hm",3,NA,NA,FALSE,"CWH","imputed"
"1311","CWHvh2","CWHvh2/Wb53","Hm","Hm",3,NA,NA,FALSE,"CWH","imputed"
"1321","CWHvh2","CWHvh2/101","Tw","Tw",3,NA,NA,FALSE,"CWH","imputed"
"1331","CWHvh2","CWHvh2/113","Tw","Tw",4,NA,NA,FALSE,"CWH","imputed"
"1341","CWHvh2","CWHvh2/110","Tw","Tw",4,NA,NA,FALSE,"CWH","imputed"
"1351","CWHvh2","CWHvh2/112","Yc","Yc",1,NA,NA,FALSE,"CWH","imputed"
"1361","CWHvh3","CWHvh3/101","Ba","Ba",2,NA,NA,FALSE,"CWH","imputed"
"1371","CWHvh3","CWHvh3/110","Ba","Ba",1,NA,NA,FALSE,"CWH","imputed"
"1381","CWHvh3","CWHvh3/114","Ba","Ba",2,NA,NA,FALSE,"CWH","imputed"
"1391","CWHvh3","CWHvh3/105","Ba","Ba",2,NA,NA,FALSE,"CWH","imputed"
"1401","CWHvh3","CWHvh3/103.2","Dr","Dr",3,NA,NA,FALSE,"CWH","imputed"
"1411","CWHvh3","CWHvh3/106","Hm","Hm",2,NA,NA,FALSE,"CWH","imputed"
"1421","CWHvh3","CWHvh3/112","Hm","Hm",3,NA,NA,FALSE,"CWH","imputed"
"1431","CWHvh3","CWHvh3/117","Hm","Hm",2,NA,NA,FALSE,"CWH","imputed"
"1441","CWHvh3","CWHvh3/110","Hm","Hm",2,NA,NA,FALSE,"CWH","imputed"
"1451","CWHvh3","CWHvh3/103.1","Hw","Hw",1,NA,NA,FALSE,"CWH","imputed"
"1461","CWHvh3","CWHvh3/103.2","Ss","Ss",1,NA,NA,FALSE,"CWH","imputed"
"1471","CWHvh3","CWHvh3/103.1","Ss","Ss",2,NA,NA,FALSE,"CWH","imputed"
"1481","CWHvh3","CWHvh3/101a","Tw","Tw",3,NA,NA,FALSE,"CWH","imputed"
"1491","CWHvh3","CWHvh3/115","Tw","Tw",3,NA,NA,FALSE,"CWH","imputed"
"1501","CWHvh3","CWHvh3/112","Yc","Yc",1,NA,NA,FALSE,"CWH","imputed"
"1511","CWHvm1","CWHvm1/113","Ba","Ba",3,NA,NA,FALSE,"CWH","imputed"
"1521","CWHvm1","CWHvm1/102","Ba","Ba",3,NA,NA,FALSE,"CWH","imputed"
"1531","CWHvm1","CWHvm1/Wb51","Ba","Ba",2,NA,NA,FALSE,"CWH","imputed"
"1541","CWHvm1","CWHvm1/Wb55","Ba","Ba",2,NA,NA,FALSE,"CWH","imputed"
"1551","CWHvm1","CWHvm1/Fl51","Cw","Cw",2,NA,NA,FALSE,"CWH","imputed"
"1561","CWHvm1","CWHvm1/110","Ep","Ep",2,NA,NA,FALSE,"CWH","imputed"
"1571","CWHvm1","CWHvm1/112.2","Fdc","Fd",3,NA,NA,FALSE,"CWH","imputed"
"1581","CWHvm1","CWHvm1/103","Hm","Hm",2,NA,NA,FALSE,"CWH","imputed"
"1591","CWHvm1","CWHvm1/101","Hm","Hm",2,NA,NA,FALSE,"CWH","imputed"
"1601","CWHvm1","CWHvm1/111","Hm","Hm",2,NA,NA,FALSE,"CWH","imputed"
"1611","CWHvm1","CWHvm1/111.2","Hm","Hm",2,NA,NA,FALSE,"CWH","imputed"
"1621","CWHvm1","CWHvm1/112","Hm","Hm",3,NA,NA,FALSE,"CWH","imputed"
"1631","CWHvm1","CWHvm1/112.2","Hm","Hm",3,NA,NA,FALSE,"CWH","imputed"
"1641","CWHvm1","CWHvm1/112.1","Hm","Hm",2,NA,NA,FALSE,"CWH","imputed"
"1651","CWHvm1","CWHvm1/110","Hm","Hm",2,NA,NA,FALSE,"CWH","imputed"
"1661","CWHvm1","CWHvm1/105","Hm","Hm",2,NA,NA,FALSE,"CWH","imputed"
"1671","CWHvm1","CWHvm1/102","Hm","Hm",3,NA,NA,FALSE,"CWH","imputed"
"1681","CWHvm1","CWHvm1/111.1","Hm","Hm",2,NA,NA,FALSE,"CWH","imputed"
"1691","CWHvm1","CWHvm1/Fl51","Hm","Hm",2,NA,NA,FALSE,"CWH","imputed"
"1701","CWHvm1","CWHvm1/114","Hm","Hm",2,NA,NA,FALSE,"CWH","imputed"
"1711","CWHvm1","CWHvm1/Fl51","Hw","Hw",1,NA,NA,FALSE,"CWH","imputed"
"1721","CWHvm1","CWHvm1/110","Mv","Mv",3,NA,NA,FALSE,"CWH","imputed"
"1731","CWHvm1","CWHvm1/101","Mv","Mv",3,NA,NA,FALSE,"CWH","imputed"
"1741","CWHvm1","CWHvm1/Fl51","Plc","Pl",2,NA,NA,FALSE,"CWH","imputed"
"1751","CWHvm1","CWHvm1/111.2","Pw","Pw",3,NA,NA,FALSE,"CWH","imputed"
"1761","CWHvm1","CWHvm1/113","Pw","Pw",3,NA,NA,FALSE,"CWH","imputed"
"1771","CWHvm1","CWHvm1/101","Pw","Pw",3,NA,NA,FALSE,"CWH","imputed"
"1781","CWHvm1","CWHvm1/111","Pw","Pw",3,NA,NA,FALSE,"CWH","imputed"
"1791","CWHvm1","CWHvm1/102","Pw","Pw",3,NA,NA,FALSE,"CWH","imputed"
"1801","CWHvm1","CWHvm1/104","Pw","Pw",3,NA,NA,FALSE,"CWH","imputed"
"1811","CWHvm1","CWHvm1/103","Tw","Tw",3,NA,NA,FALSE,"CWH","imputed"
"1821","CWHvm1","CWHvm1/110","Tw","Tw",3,NA,NA,FALSE,"CWH","imputed"
"1831","CWHvm1","CWHvm1/Fl51","Tw","Tw",3,NA,NA,FALSE,"CWH","imputed"
"1841","CWHvm1","CWHvm1/113","Tw","Tw",4,NA,NA,FALSE,"CWH","imputed"
"1851","CWHvm1","CWHvm1/103","Yc","Yc",2,NA,NA,FALSE,"CWH","imputed"
"1861","CWHvm1","CWHvm1/101","Yc","Yc",2,NA,NA,FALSE,"CWH","imputed"
"1871","CWHvm1","CWHvm1/Fl51","Yc","Yc",1,NA,NA,FALSE,"CWH","imputed"
"1881","CWHvm1","CWHvm1/Ws54","Yc","Yc",2,NA,NA,FALSE,"CWH","imputed"
"1891","CWHvm1","CWHvm1/Ws56","Yc","Yc",2,NA,NA,FALSE,"CWH","imputed"
"1901","CWHvm1","CWHvm1/105","Yc","Yc",2,NA,NA,FALSE,"CWH","imputed"
"1911","CWHvm1","CWHvm1/114","Yc","Yc",2,NA,NA,FALSE,"CWH","imputed"
"1921","CWHvm2","CWHvm2/102","Ba","Ba",3,NA,NA,FALSE,"CWH","imputed"
"1931","CWHvm2","CWHvm2/101","Bl","Bl",3,NA,NA,FALSE,"CWH","imputed"
"1941","CWHvm2","CWHvm2/110","Bl","Bl",1,NA,NA,FALSE,"CWH","imputed"
"1951","CWHvm2","CWHvm2/112","Dr","Dr",2,NA,NA,FALSE,"CWH","imputed"
"1961","CWHvm2","CWHvm2/112.2","Dr","Dr",2,NA,NA,FALSE,"CWH","imputed"
"1971","CWHvm2","CWHvm2/110","Dr","Dr",4,NA,NA,FALSE,"CWH","imputed"
"1981","CWHvm2","CWHvm2/111.1","Pw","Pw",2,NA,NA,FALSE,"CWH","imputed"
"1991","CWHvm2","CWHvm2/102","Pw","Pw",3,NA,NA,FALSE,"CWH","imputed"
"2001","CWHvm2","CWHvm2/115","Ss","Ss",1,NA,NA,FALSE,"CWH","imputed"
"2011","CWHvm2","CWHvm2/111.1","Tw","Tw",3,NA,NA,FALSE,"CWH","imputed"
"2021","CWHvm2","CWHvm2/101","Tw","Tw",3,NA,NA,FALSE,"CWH","imputed"
"2031","CWHvm2","CWHvm2/112.1","Tw","Tw",4,NA,NA,FALSE,"CWH","imputed"
"2041","CWHvm2","CWHvm2/105","Tw","Tw",3,NA,NA,FALSE,"CWH","imputed"
"2051","CWHvm3","CWHvm3/Ws56","Ba","Ba",2,NA,NA,FALSE,"CWH","imputed"
"2061","CWHvm3","CWHvm3/Wb51","Ba","Ba",2,NA,NA,FALSE,"CWH","imputed"
"2071","CWHvm3","CWHvm3/Wb53","Ba","Ba",2,NA,NA,FALSE,"CWH","imputed"
"2081","CWHvm3","CWHvm3/113","Ba","Ba",3,NA,NA,FALSE,"CWH","imputed"
"2091","CWHvm3","CWHvm3/Fl51","Cw","Cw",2,NA,NA,FALSE,"CWH","imputed"
"2101","CWHvm3","CWHvm3/110","Ep","Ep",2,NA,NA,FALSE,"CWH","imputed"
"2111","CWHvm3","CWHvm3/101","Hm","Hm",2,NA,NA,FALSE,"CWH","imputed"
"2121","CWHvm3","CWHvm3/111","Hm","Hm",2,NA,NA,FALSE,"CWH","imputed"
"2131","CWHvm3","CWHvm3/111.2","Hm","Hm",2,NA,NA,FALSE,"CWH","imputed"
"2141","CWHvm3","CWHvm3/112","Hm","Hm",3,NA,NA,FALSE,"CWH","imputed"
"2151","CWHvm3","CWHvm3/112.2","Hm","Hm",3,NA,NA,FALSE,"CWH","imputed"
"2161","CWHvm3","CWHvm3/112.1","Hm","Hm",2,NA,NA,FALSE,"CWH","imputed"
"2171","CWHvm3","CWHvm3/110","Hm","Hm",2,NA,NA,FALSE,"CWH","imputed"
"2181","CWHvm3","CWHvm3/103","Hm","Hm",2,NA,NA,FALSE,"CWH","imputed"
"2191","CWHvm3","CWHvm3/104","Hm","Hm",2,NA,NA,FALSE,"CWH","imputed"
"2201","CWHvm3","CWHvm3/111.1","Hm","Hm",2,NA,NA,FALSE,"CWH","imputed"
"2211","CWHvm3","CWHvm3/102","Hm","Hm",3,NA,NA,FALSE,"CWH","imputed"
"2221","CWHvm3","CWHvm3/Fl51","Hm","Hm",2,NA,NA,FALSE,"CWH","imputed"
"2231","CWHvm3","CWHvm3/114","Hm","Hm",2,NA,NA,FALSE,"CWH","imputed"
"2241","CWHvm3","CWHvm3/Fl51","Hw","Hw",1,NA,NA,FALSE,"CWH","imputed"
"2251","CWHvm3","CWHvm3/Fl51","Plc","Pl",2,NA,NA,FALSE,"CWH","imputed"
"2261","CWHvm3","CWHvm3/101","Pw","Pw",3,NA,NA,FALSE,"CWH","imputed"
"2271","CWHvm3","CWHvm3/111","Pw","Pw",3,NA,NA,FALSE,"CWH","imputed"
"2281","CWHvm3","CWHvm3/111.2","Pw","Pw",3,NA,NA,FALSE,"CWH","imputed"
"2291","CWHvm3","CWHvm3/Fl51","Tw","Tw",3,NA,NA,FALSE,"CWH","imputed"
"2301","CWHvm3","CWHvm3/110","Tw","Tw",4,NA,NA,FALSE,"CWH","imputed"
"2311","CWHvm3","CWHvm3/113","Tw","Tw",3,NA,NA,FALSE,"CWH","imputed"
"2321","CWHvm3","CWHvm3/103","Yc","Yc",2,NA,NA,FALSE,"CWH","imputed"
"2331","CWHvm3","CWHvm3/101","Yc","Yc",2,NA,NA,FALSE,"CWH","imputed"
"2341","CWHvm3","CWHvm3/Fl51","Yc","Yc",1,NA,NA,FALSE,"CWH","imputed"
"2351","CWHvm3","CWHvm3/Ws54","Yc","Yc",2,NA,NA,FALSE,"CWH","imputed"
"2361","CWHvm3","CWHvm3/Ws56","Yc","Yc",2,NA,NA,FALSE,"CWH","imputed"
"2371","CWHvm3","CWHvm3/104","Yc","Yc",2,NA,NA,FALSE,"CWH","imputed"
"2381","CWHvm3","CWHvm3/114","Yc","Yc",2,NA,NA,FALSE,"CWH","imputed"
"2391","CWHvm4","CWHvm4/102","Ba","Ba",3,NA,NA,FALSE,"CWH","imputed"
"2401","CWHvm4","CWHvm4/112","Dr","Dr",2,NA,NA,FALSE,"CWH","imputed"
"2411","CWHvm4","CWHvm4/111","Plc","Pl",3,NA,NA,FALSE,"CWH","imputed"
"2421","CWHvm4","CWHvm4/111","Pw","Pw",2,NA,NA,FALSE,"CWH","imputed"
"2431","CWHvm4","CWHvm4/113","Pw","Pw",3,NA,NA,FALSE,"CWH","imputed"
"2441","CWHvm4","CWHvm4/113","Tw","Tw",4,NA,NA,FALSE,"CWH","imputed"
"2451","CWHwh1","CWHwh1/Wb51","Hm","Hm",2,NA,NA,FALSE,"CWH","imputed"
"2461","CWHwh1","CWHwh1/116","Hm","Hm",2,NA,NA,FALSE,"CWH","imputed"
"2471","CWHwh1","CWHwh1/101a","Hm","Hm",2,NA,NA,FALSE,"CWH","imputed"
"2481","CWHwh1","CWHwh1/110b","Hm","Hm",2,NA,NA,FALSE,"CWH","imputed"
"2491","CWHwh1","CWHwh1/101","Plc","Pl",3,NA,NA,FALSE,"CWH","imputed"
"2501","CWHwh1","CWHwh1/115","Tw","Tw",3,NA,NA,FALSE,"CWH","imputed"
"2511","CWHwh1","CWHwh1/102","Tw","Tw",3,NA,NA,FALSE,"CWH","imputed"
"2521","CWHwh1","CWHwh1/110a","Tw","Tw",3,NA,NA,FALSE,"CWH","imputed"
"2531","CWHwh1","CWHwh1/102","Yc","Yc",3,NA,NA,FALSE,"CWH","imputed"
"2541","CWHwh1","CWHwh1/101","Yc","Yc",3,NA,NA,FALSE,"CWH","imputed"
"2551","CWHwh1","CWHwh1/110b","Yc","Yc",2,NA,NA,FALSE,"CWH","imputed"
"2561","CWHwh1","CWHwh1/110a","Yc","Yc",2,NA,NA,FALSE,"CWH","imputed"
"2571","CWHwh2","CWHwh2/111","Plc","Pl",2,NA,NA,FALSE,"CWH","imputed"
"2581","CWHwm","CWHwm/Fm50","Yc","Yc",2,NA,NA,FALSE,"CWH","imputed"
"2591","CWHwm","CWHwm/101b","Yc","Yc",1,NA,NA,FALSE,"CWH","imputed"
"2601","CWHws2","CWHws2/102","Ac","Ac",4,NA,NA,FALSE,"CWH","imputed"
"2611","CWHws2","CWHws2/101","At","At",3,NA,NA,FALSE,"CWH","imputed"
"2621","CWHws2","CWHws2/101","Fdc","Fd",2,NA,NA,FALSE,"CWH","imputed"
"2631","CWHws2","CWHws2/110","Fdc","Fd",2,NA,NA,FALSE,"CWH","imputed"
"2641","CWHws2","CWHws2/110","Plc","Pl",4,NA,NA,FALSE,"CWH","imputed"
"2651","CWHws2","CWHws2/102","Sx","Sx",3,NA,NA,FALSE,"CWH","imputed"
"2661","CWHws2","CWHws2/110","Tw","Tw",4,NA,NA,FALSE,"CWH","imputed"
"2671","CWHws2","CWHws2/101","Yc","Yc",2,NA,NA,FALSE,"CWH","imputed"
"2681","CWHws2","CWHws2/102","Yc","Yc",1,NA,NA,FALSE,"CWH","imputed"
"2691","CWHws3","CWHws3/102","Hm","Hm",3,NA,NA,FALSE,"CWH","imputed"
"2701","CWHws3","CWHws3/101","Hm","Hm",2,NA,NA,FALSE,"CWH","imputed"
"2711","CWHws3","CWHws3/103","Hm","Hm",2,NA,NA,FALSE,"CWH","imputed"
"2721","CWHws3","CWHws3/Fm50","Hw","Hw",1,NA,NA,FALSE,"CWH","imputed"
"2731","CWHws3","CWHws3/101","Ss","Ss",2,NA,NA,FALSE,"CWH","imputed"
"2741","CWHws3","CWHws3/101","Yc","Yc",2,NA,NA,FALSE,"CWH","imputed"
"2751","CWHws3","CWHws3/103","Yc","Yc",2,NA,NA,FALSE,"CWH","imputed"
"2761","CWHxs","CWHxs/101.2","Ba","Ba",4,NA,NA,FALSE,"CWH","imputed"
"2771","CWHxs","CWHxs/101.1","Ba","Ba",4,NA,NA,FALSE,"CWH","imputed"
"2781","CWHxs","CWHxs/101","Bl","Bl",3,NA,NA,FALSE,"CWH","imputed"
"2791","CWHxs","CWHxs/101.1","Bl","Bl",4,NA,NA,FALSE,"CWH","imputed"
"2801","CWHxs","CWHxs/103","Ep","Ep",3,NA,NA,FALSE,"CWH","imputed"
"2811","CWHxs","CWHxs/103.1","Ep","Ep",3,NA,NA,FALSE,"CWH","imputed"
"2821","CWHxs","CWHxs/101","Mb","Mb",3,NA,NA,FALSE,"CWH","imputed"
"2831","CWHxs","CWHxs/101","Mv","Mv",2,NA,NA,FALSE,"CWH","imputed"
"2841","CWHxs","CWHxs/111","Mv","Mv",3,NA,NA,FALSE,"CWH","imputed"
"2851","CWHxs","CWHxs/101.2","Mv","Mv",3,NA,NA,FALSE,"CWH","imputed"
"2861","CWHxs","CWHxs/110","Mv","Mv",1,NA,NA,FALSE,"CWH","imputed"
"2871","CWHxs","CWHxs/101","Plc","Pl",3,NA,NA,FALSE,"CWH","imputed"
"2881","CWHxs","CWHxs/101.1","Plc","Pl",2,NA,NA,FALSE,"CWH","imputed"
"3251","ESSFmkw","ESSFmkw/102","Ba","Ba",2,NA,NA,FALSE,"ESSF","imputed"
"3261","ESSFmkw","ESSFmkw/101","Ba","Ba",3,NA,NA,FALSE,"ESSF","imputed"
"3271","ESSFmw1","ESSFmw1/103","Ba","Ba",3,NA,NA,FALSE,"ESSF","imputed"
"3281","ESSFmw1","ESSFmw1/110","Ba","Ba",2,NA,NA,FALSE,"ESSF","imputed"
"3291","ESSFmw1","ESSFmw1/103","Pa","Pa",3,NA,NA,FALSE,"ESSF","imputed"
"3301","ESSFmw1","ESSFmw1/105","Pw","Pw",3,NA,NA,FALSE,"ESSF","imputed"
"333","ESSFmwp","ESSFmwp/00","Bl","Bl",3,NA,NA,FALSE,"ESSF",NA
"334","ESSFmwp","ESSFmwp/00","La","La",2,NA,NA,FALSE,"ESSF","imputed"
"336","ESSFun","ESSFun/x","Hm","Hm",3,NA,NA,FALSE,"ESSF","imputed"
"337","ESSFun","ESSFun/m","Plc","Pl",3,NA,NA,FALSE,"ESSF","imputed"
"338","ESSFun","ESSFun/x","Plc","Pl",3,NA,NA,FALSE,"ESSF","imputed"
"339","ESSFun","ESSFun/h","Ss","Ss",2,NA,NA,FALSE,"ESSF","imputed"
"340","ESSFun","ESSFun/m","Sx","Sx",3,NA,NA,FALSE,"ESSF","imputed"
"341","ESSFun","ESSFun/h","Sx","Sx",3,NA,NA,FALSE,"ESSF","imputed"
"527","IDFww","IDFww/101","Bg","Bg",3,NA,NA,FALSE,"IDF","imputed"
"528","IDFww","IDFww/101","Bl","Bl",3,NA,NA,FALSE,"IDF","imputed"
"529","IDFww","IDFww/101.1","Bl","Bl",3,NA,NA,FALSE,"IDF","imputed"
"530","IDFww","IDFww/101.2","Bl","Bl",3,NA,NA,FALSE,"IDF","imputed"
"531","IDFww","IDFww/101","Mv","Mv",2,NA,NA,FALSE,"IDF","imputed"
"583","MHmm1","MHmm1/103","Bl","Bl",2,NA,NA,FALSE,"MH","imputed"
"584","MHmm1","MHmm1/104","Cw","Cw",3,NA,NA,FALSE,"MH","imputed"
"585","MHmm1","MHmm1/110","Cw","Cw",3,NA,NA,FALSE,"MH","imputed"
"586","MHmm1","MHmm1/111","Cw","Cw",2,NA,NA,FALSE,"MH","imputed"
"587","MHmm1","MHmm1/102","Plc","Pl",2,NA,NA,FALSE,"MH","imputed"
"588","MHmm1","MHmm1/111","Plc","Pl",3,NA,NA,FALSE,"MH","imputed"
"589","MHmm1","MHmm1/101a","Pw","Pw",3,NA,NA,FALSE,"MH","imputed"
"590","MHmm1","MHmm1/101","Pw","Pw",3,NA,NA,FALSE,"MH","imputed"
"591","MHmm1","MHmm1/101b","Pw","Pw",3,NA,NA,FALSE,"MH","imputed"
"592","MHmm2","MHmm2/112","Ac","Ac",3,NA,NA,FALSE,"MH","imputed"
"593","MHmm2","MHmm2/113","Bl","Bl",1,NA,NA,FALSE,"MH","imputed"
"594","MHmm2","MHmm2/112","Fdc","Fd",2,NA,NA,FALSE,"MH","imputed"
"595","MHmm2","MHmm2/102","Pa","Pa",3,NA,NA,FALSE,"MH","imputed"
"596","MHmm2","MHmm2/101","Pa","Pa",3,NA,NA,FALSE,"MH","imputed"
"597","MHmm2","MHmm2/101a","Pa","Pa",3,NA,NA,FALSE,"MH","imputed"
"598","MHmm2","MHmm2/101b","Pa","Pa",3,NA,NA,FALSE,"MH","imputed"
"599","MHmm2","MHmm2/103","Pa","Pa",3,NA,NA,FALSE,"MH","imputed"
"600","MHmm2","MHmm2/101a","Pw","Pw",4,NA,NA,FALSE,"MH","imputed"
"601","MHmm2","MHmm2/101a","Tw","Tw",4,NA,NA,FALSE,"MH","imputed"
"602","MHmmp","MHmmp/m","Ba","Ba",2,NA,NA,FALSE,"MH","imputed"
"603","MHmmp","MHmmp/h","Ba","Ba",2,NA,NA,FALSE,"MH","imputed"
"604","MHmmp","MHmmp/h","Bl","Bl",1,NA,NA,FALSE,"MH","imputed"
"605","MHms","MHms/101","Sx","Sx",2,NA,NA,FALSE,"MH","imputed"
"606","MHvh","MHvh/111","Bl","Bl",3,NA,NA,FALSE,"MH","imputed"
"607","MHvh","MHvh/102","Hw","Hw",3,NA,NA,FALSE,"MH","imputed"
"608","MHwh","MHwh/101a","Hm","Hm",1,NA,NA,FALSE,"MH","imputed"
"609","MHwh","MHwh/101b","Hm","Hm",1,NA,NA,FALSE,"MH","imputed"
"610","MHwh","MHwh/101b","Hw","Hw",1,NA,NA,FALSE,"MH","imputed"
"611","MHwh","MHwh/102","Hw","Hw",3,NA,NA,FALSE,"MH","imputed"
"612","MHwh","MHwh/101a","Ss","Ss",2,NA,NA,FALSE,"MH","imputed"
"613","MHwh","MHwh/101b","Ss","Ss",2,NA,NA,FALSE,"MH","imputed"
"614","MHwh","MHwh/101b","Yc","Yc",1,NA,NA,FALSE,"MH","imputed"
"615","MHwh","MHwh/101a","Yc","Yc",2,NA,NA,FALSE,"MH","imputed"
