Region_review,zone,BGC,SS_NoSpace,SpecialCode,spp,expert,expert_updated,expert_initials,review_date
,BWBS,BWBSdk,BWBSdk/101,,Ac,3,3,DS,3/28/2025
,BWBS,BWBSdk,BWBSdk/101,,At,1,1,DS,3/28/2025
,BWBS,BWBSdk,BWBSdk/101,,Bl,2,2,DS,3/28/2025
,BWBS,BWBSdk,BWBSdk/101,,Ep,3,3,DS,3/28/2025
,BWBS,BWBSdk,BWBSdk/101,,Pl,1,1,DS,3/28/2025
,BWBS,BWBSdk,BWBSdk/101,,Sb,3,3,DS,3/28/2025
,BWBS,BWBSdk,BWBSdk/101,,Sx,1,1,DS,3/28/2025
,BWBS,BWBSdk,BWBSdk/101,,Sx,1,1,DS,3/28/2025
,BWBS,BWBSdk,BWBSdk/102,,At,3,3,DS,3/28/2025
,BWBS,BWBSdk,BWBSdk/102,,Bl,3,3,DS,3/28/2025
,BWBS,BWBSdk,BWBSdk/102,,Ep,4,4,DS,3/28/2025
,BWBS,BWBSdk,BWBSdk/102,,Pl,2,2,DS,3/28/2025
,BWBS,BWBSdk,BWBSdk/102,,Sx,3,3,DS,3/28/2025
,BWBS,BWBSdk,BWBSdk/103,IN,At,2,2,DS,3/28/2025
,BWBS,BWBSdk,BWBSdk/103,IN,Bl,2,3,DS,3/28/2025
,BWBS,BWBSdk,BWBSdk/103,IN,Ep,3,3,DS,3/28/2025
,BWBS,BWBSdk,BWBSdk/103,IN,Pl,1,1,DS,3/28/2025
,BWBS,BWBSdk,BWBSdk/103,IN,Sb,3,3,DS,3/28/2025
,BWBS,BWBSdk,BWBSdk/103,IN,Sx,1,1,DS,3/28/2025
,BWBS,BWBSdk,BWBSdk/104,CA,At,2,2,DS,3/28/2025
,BWBS,BWBSdk,BWBSdk/104,CA,Bl,3,3,DS,3/28/2025
,BWBS,BWBSdk,BWBSdk/104,CA,Ep,4,4,DS,3/28/2025
,BWBS,BWBSdk,BWBSdk/104,CA,Pl,2,1,DS,3/28/2025
,BWBS,BWBSdk,BWBSdk/104,CA,Sb,2,2,DS,3/28/2025
,BWBS,BWBSdk,BWBSdk/104,CA,Sx,1,2,DS,3/28/2025
,BWBS,BWBSdk,BWBSdk/104,CA,Sx,1,2,DS,3/28/2025
,BWBS,BWBSdk,BWBSdk/110,Fh,Ac,2,2,DS,3/28/2025
,BWBS,BWBSdk,BWBSdk/110,Fh,At,2,2,DS,3/28/2025
,BWBS,BWBSdk,BWBSdk/110,Fh,Bl,3,3,DS,3/28/2025
,BWBS,BWBSdk,BWBSdk/110,Fh,Ep,3,3,DS,3/28/2025
,BWBS,BWBSdk,BWBSdk/110,Fh,Pl,2,2,DS,3/28/2025
,BWBS,BWBSdk,BWBSdk/110,Fh,Sb,4,4,DS,3/28/2025
,BWBS,BWBSdk,BWBSdk/110,Fh,Sx,1,1,DS,3/28/2025
,BWBS,BWBSdk,BWBSdk/111,Fm,Ac,2,2,DS,3/28/2025
,BWBS,BWBSdk,BWBSdk/111,Fm,At,3,3,DS,3/28/2025
,BWBS,BWBSdk,BWBSdk/111,Fm,Bl,3,3,DS,3/28/2025
,BWBS,BWBSdk,BWBSdk/111,Fm,Ep,3,3,DS,3/28/2025
,BWBS,BWBSdk,BWBSdk/111,Fm,Pl,2,2,DS,3/28/2025
,BWBS,BWBSdk,BWBSdk/111,Fm,Sb,3,3,DS,3/28/2025
,BWBS,BWBSdk,BWBSdk/111,Fm,Sx,1,1,DS,3/28/2025
,BWBS,BWBSdk,BWBSdk/112,Fm,Ac,1,1,DS,3/28/2025
,BWBS,BWBSdk,BWBSdk/112,Fm,At,4,4,DS,3/28/2025
,BWBS,BWBSdk,BWBSdk/112,Fm,Bl,4,4,DS,3/28/2025
,BWBS,BWBSdk,BWBSdk/112,Fm,Ep,4,4,DS,3/28/2025
,BWBS,BWBSdk,BWBSdk/112,Fm,Pl,4,4,DS,3/28/2025
,BWBS,BWBSdk,BWBSdk/112,Fm,Sb,4,4,DS,3/28/2025
,BWBS,BWBSdk,BWBSdk/112,Fm,Sx,2,2,DS,3/28/2025
,BWBS,BWBSmk,BWBSmk/101,,Ac,3,3,DS,3/28/2025
,BWBS,BWBSmk,BWBSmk/101,,At,1,2,DS,3/28/2025
,BWBS,BWBSmk,BWBSmk/101,,Ep,2,2,DS,3/28/2025
,BWBS,BWBSmk,BWBSmk/101,,Pl,1,2,DS,3/28/2025
,BWBS,BWBSmk,BWBSmk/101,,Sb,3,3,DS,3/28/2025
,BWBS,BWBSmk,BWBSmk/101,,Sx,1,1,DS,3/28/2025
,BWBS,BWBSmk,BWBSmk/101,,Sx,1,1,DS,3/28/2025
,BWBS,BWBSmk,BWBSmk/102,,At,3,3,DS,3/28/2025
,BWBS,BWBSmk,BWBSmk/102,,Pl,4,2,DS,3/28/2025
,BWBS,BWBSmk,BWBSmk/102,,Sb,,4,DS,3/28/2025
,BWBS,BWBSmk,BWBSmk/102,,Sw,,4,DS,3/28/2025
,BWBS,BWBSmk,BWBSmk/103,IN,At,2,2,DS,3/28/2025
,BWBS,BWBSmk,BWBSmk/103,IN,Ep,2,2,DS,3/28/2025
,BWBS,BWBSmk,BWBSmk/103,IN,Pl,1,1,DS,3/28/2025
,BWBS,BWBSmk,BWBSmk/103,IN,Sb,4,4,DS,3/28/2025
,BWBS,BWBSmk,BWBSmk/103,IN,Sx,1,1,DS,3/28/2025
,BWBS,BWBSmk,BWBSmk/104,CA,At,3,3,DS,3/28/2025
,BWBS,BWBSmk,BWBSmk/104,CA,Pl,2,2,DS,3/28/2025
,BWBS,BWBSmk,BWBSmk/104,CA,Sb,1,2,DS,3/28/2025
,BWBS,BWBSmk,BWBSmk/104,CA,Sx,3,3,DS,3/28/2025
,BWBS,BWBSmk,BWBSmk/104,CA,Sx,3,3,DS,3/28/2025
,BWBS,BWBSmk,BWBSmk/104a,CA,At,3,3,DS,3/28/2025
,BWBS,BWBSmk,BWBSmk/104a,CA,Pl,2,2,DS,3/28/2025
,BWBS,BWBSmk,BWBSmk/104a,CA,Sb,1,2,DS,3/28/2025
,BWBS,BWBSmk,BWBSmk/104a,CA,Sx,3,3,DS,3/28/2025
,BWBS,BWBSmk,BWBSmk/104b,CA,At,3,3,DS,3/28/2025
,BWBS,BWBSmk,BWBSmk/104b,CA,Pl,2,2,DS,3/28/2025
,BWBS,BWBSmk,BWBSmk/104b,CA,Sb,1,2,DS,3/28/2025
,BWBS,BWBSmk,BWBSmk/104b,CA,Sx,3,3,DS,3/28/2025
,BWBS,BWBSmk,BWBSmk/110,,Ac,2,2,DS,3/28/2025
,BWBS,BWBSmk,BWBSmk/110,,At,3,3,DS,3/28/2025
,BWBS,BWBSmk,BWBSmk/110,,Ep,3,3,DS,3/28/2025
,BWBS,BWBSmk,BWBSmk/110,,Pl,3,3,DS,3/28/2025
,BWBS,BWBSmk,BWBSmk/110,,Sb,4,4,DS,3/28/2025
,BWBS,BWBSmk,BWBSmk/110,,Sx,1,1,DS,3/28/2025
,BWBS,BWBSmk,BWBSmk/111,Fh,Ac,2,2,DS,3/28/2025
,BWBS,BWBSmk,BWBSmk/111,Fh,At,3,3,DS,3/28/2025
,BWBS,BWBSmk,BWBSmk/111,Fh,Ep,3,2,DS,3/28/2025
,BWBS,BWBSmk,BWBSmk/111,Fh,Pl,2,3,DS,3/28/2025
,BWBS,BWBSmk,BWBSmk/111,Fh,Sb,3,3,DS,3/28/2025
,BWBS,BWBSmk,BWBSmk/111,Fh,Sx,1,1,DS,3/28/2025
,BWBS,BWBSmk,BWBSmk/111,Fh,Sx,1,1,DS,3/28/2025
,BWBS,BWBSmk,BWBSmk/112,Fm,Ac,1,1,DS,3/28/2025
,BWBS,BWBSmk,BWBSmk/112,Fm,At,4,4,DS,3/28/2025
,BWBS,BWBSmk,BWBSmk/112,Fm,Ep,4,4,DS,3/28/2025
,BWBS,BWBSmk,BWBSmk/112,Fm,Pl,4,4,DS,3/28/2025
,BWBS,BWBSmk,BWBSmk/112,Fm,Sb,4,4,DS,3/28/2025
,BWBS,BWBSmk,BWBSmk/112,Fm,Sx,2,2,DS,3/28/2025
,BWBS,BWBSwk1,BWBSwk1/101,,At,2,2,DS,3/28/2025
,BWBS,BWBSwk1,BWBSwk1/101,,Bl,3,3,DS,3/28/2025
,BWBS,BWBSwk1,BWBSwk1/101,,Pl,1,1,DS,3/28/2025
,BWBS,BWBSwk1,BWBSwk1/101,,Sx,1,1,DS,3/28/2025
,BWBS,BWBSwk1,BWBSwk1/102,,Bl,4,4,DS,3/28/2025
,BWBS,BWBSwk1,BWBSwk1/102,,Pl,2,2,DS,3/28/2025
,BWBS,BWBSwk1,BWBSwk1/102,,Sx,3,3,DS,3/28/2025
,BWBS,BWBSwk1,BWBSwk1/102,,Sb,,4,DS,3/28/2025
,BWBS,BWBSwk1,BWBSwk1/103,IN,At,3,3,DS,3/28/2025
,BWBS,BWBSwk1,BWBSwk1/103,IN,Bl,4,4,DS,3/28/2025
,BWBS,BWBSwk1,BWBSwk1/103,IN,Pl,1,1,DS,3/28/2025
,BWBS,BWBSwk1,BWBSwk1/103,IN,Sx,2,2,DS,3/28/2025
,BWBS,BWBSwk1,BWBSwk1/104,CA,At,3,3,DS,3/28/2025
,BWBS,BWBSwk1,BWBSwk1/104,CA,Pl,2,2,DS,3/28/2025
,BWBS,BWBSwk1,BWBSwk1/104,CA,Sb,2,2,DS,3/28/2025
,BWBS,BWBSwk1,BWBSwk1/104,CA,Sx,3,3,DS,3/28/2025
,BWBS,BWBSwk1,BWBSwk1/110,,Ac,2,2,DS,3/28/2025
,BWBS,BWBSwk1,BWBSwk1/110,,At,4,4,DS,3/28/2025
,BWBS,BWBSwk1,BWBSwk1/110,,Pl,2,2,DS,3/28/2025
,BWBS,BWBSwk1,BWBSwk1/110,,Sx,1,1,DS,3/28/2025
,BWBS,BWBSwk1,BWBSwk1/111,CA,Pl,1,2,DS,3/28/2025
,BWBS,BWBSwk1,BWBSwk1/111,CA,Sb,1,1,DS,3/28/2025
,BWBS,BWBSwk1,BWBSwk1/111,CA,Sx,1,3,DS,3/28/2025
,BWBS,BWBSwk2,BWBSwk2/101,,Ac,3,3,DS,3/28/2025
,BWBS,BWBSwk2,BWBSwk2/101,,At,2,2,DS,3/28/2025
,BWBS,BWBSwk2,BWBSwk2/101,,Bl,3,2,DS,3/28/2025
,BWBS,BWBSwk2,BWBSwk2/101,,Ep,3,3,DS,3/28/2025
,BWBS,BWBSwk2,BWBSwk2/101,,Pl,1,1,DS,3/28/2025
,BWBS,BWBSwk2,BWBSwk2/101,,Sx,1,1,DS,3/28/2025
,BWBS,BWBSwk2,BWBSwk2/101,,Sx,1,1,DS,3/28/2025
,BWBS,BWBSwk2,BWBSwk2/102,,At,4,4,DS,3/28/2025
,BWBS,BWBSwk2,BWBSwk2/102,,Ep,4,4,DS,3/28/2025
,BWBS,BWBSwk2,BWBSwk2/102,,Pl,2,2,DS,3/28/2025
,BWBS,BWBSwk2,BWBSwk2/102,,Sx,3,3,DS,3/28/2025
,BWBS,BWBSwk2,BWBSwk2/103,IN,At,3,2,DS,3/28/2025
,BWBS,BWBSwk2,BWBSwk2/103,IN,Ep,4,4,DS,3/28/2025
,BWBS,BWBSwk2,BWBSwk2/103,IN,Pl,1,1,DS,3/28/2025
,BWBS,BWBSwk2,BWBSwk2/103,IN,Sb,3,3,DS,3/28/2025
,BWBS,BWBSwk2,BWBSwk2/103,IN,Sx,3,1,DS,3/28/2025
,BWBS,BWBSwk2,BWBSwk2/104,CA,At,3,3,DS,3/28/2025
,BWBS,BWBSwk2,BWBSwk2/104,CA,Ep,4,4,DS,3/28/2025
,BWBS,BWBSwk2,BWBSwk2/104,CA,Pl,2,2,DS,3/28/2025
,BWBS,BWBSwk2,BWBSwk2/104,CA,Sb,4,2,DS,3/28/2025
,BWBS,BWBSwk2,BWBSwk2/104,CA,Sx,2,2,DS,3/28/2025
,BWBS,BWBSwk2,BWBSwk2/110,,Ac,3,3,DS,3/28/2025
,BWBS,BWBSwk2,BWBSwk2/110,,At,3,3,DS,3/28/2025
,BWBS,BWBSwk2,BWBSwk2/110,,Ep,3,3,DS,3/28/2025
,BWBS,BWBSwk2,BWBSwk2/110,,Pl,2,2,DS,3/28/2025
,BWBS,BWBSwk2,BWBSwk2/110,,Sx,1,1,DS,3/28/2025
,BWBS,BWBSwk2,BWBSwk2/111,Fh,Ac,3,3,DS,3/28/2025
,BWBS,BWBSwk2,BWBSwk2/111,Fh,Pl,2,2,DS,3/28/2025
,BWBS,BWBSwk2,BWBSwk2/111,Fh,Sx,1,1,DS,3/28/2025
,BWBS,BWBSwk3,BWBSwk3/101,,Ac,3,3,DS,3/28/2025
,BWBS,BWBSwk3,BWBSwk3/101,,At,3,3,DS,3/28/2025
,BWBS,BWBSwk3,BWBSwk3/101,,Bl,2,1,DS,3/28/2025
,BWBS,BWBSwk3,BWBSwk3/101,,Ep,3,3,DS,3/28/2025
,BWBS,BWBSwk3,BWBSwk3/101,,Pl,2,2,DS,3/28/2025
,BWBS,BWBSwk3,BWBSwk3/101,,Sb,3,3,DS,3/28/2025
,BWBS,BWBSwk3,BWBSwk3/101,,Sx,1,1,DS,3/28/2025
,BWBS,BWBSwk3,BWBSwk3/101,,Sx,1,1,DS,3/28/2025
,BWBS,BWBSwk3,BWBSwk3/102,,At,3,3,DS,3/28/2025
,BWBS,BWBSwk3,BWBSwk3/102,,Bl,3,3,DS,3/28/2025
,BWBS,BWBSwk3,BWBSwk3/102,,Pl,3,2,DS,3/28/2025
,BWBS,BWBSwk3,BWBSwk3/102,,Sb,3,3,DS,3/28/2025
,BWBS,BWBSwk3,BWBSwk3/102,,Sx,2,3,DS,3/28/2025
,BWBS,BWBSwk3,BWBSwk3/103,CA,Ac,4,4,DS,3/28/2025
,BWBS,BWBSwk3,BWBSwk3/103,CA,At,3,3,DS,3/28/2025
,BWBS,BWBSwk3,BWBSwk3/103,CA,Bl,3,3,DS,3/28/2025
,BWBS,BWBSwk3,BWBSwk3/103,CA,Pl,3,2,DS,3/28/2025
,BWBS,BWBSwk3,BWBSwk3/103,CA,Sb,2,2,DS,3/28/2025
,BWBS,BWBSwk3,BWBSwk3/103,CA,Sx,2,3,DS,3/28/2025
,BWBS,BWBSwk3,BWBSwk3/103,CA,Sx,2,3,DS,3/28/2025
,BWBS,BWBSwk3,BWBSwk3/110,,Ac,3,3,DS,3/28/2025
,BWBS,BWBSwk3,BWBSwk3/110,,Bl,2,2,DS,3/28/2025
,BWBS,BWBSwk3,BWBSwk3/110,,Pl,3,3,DS,3/28/2025
,BWBS,BWBSwk3,BWBSwk3/110,,Sb,2,3,DS,3/28/2025
,BWBS,BWBSwk3,BWBSwk3/110,,Sx,1,1,DS,3/28/2025
,BWBS,BWBSwk3,BWBSwk3/110,,Sx,1,1,DS,3/28/2025
,BWBS,BWBSwk3,BWBSwk3/111,,Ac,3,3,DS,3/28/2025
,BWBS,BWBSwk3,BWBSwk3/111,,Bl,4,4,DS,3/28/2025
,BWBS,BWBSwk3,BWBSwk3/111,,Pl,2,2,DS,3/28/2025
,BWBS,BWBSwk3,BWBSwk3/111,,Sb,2,2,DS,3/28/2025
,BWBS,BWBSwk3,BWBSwk3/111,,Sx,4,2,DS,3/28/2025
,ESSF,ESSFmc,ESSFmc/01,,Bl,1,,EBL,May 2 2025
,ESSF,ESSFmc,ESSFmc/01,,Pl,2,,EBL,May 2 2025
,ESSF,ESSFmc,ESSFmc/01,,Sx,1,,EBL,May 2 2025
,ESSF,ESSFmc,ESSFmc/01a,,Bl,1,,EBL,May 2 2025
,ESSF,ESSFmc,ESSFmc/01a,,Pl,2,,EBL,May 2 2025
,ESSF,ESSFmc,ESSFmc/01a,,Sx,1,,EBL,May 2 2025
,ESSF,ESSFmc,ESSFmc/01b,,Bl,1,,EBL,May 2 2025
,ESSF,ESSFmc,ESSFmc/01b,,Pl,2,,EBL,May 2 2025
,ESSF,ESSFmc,ESSFmc/01b,,Sx,1,,EBL,May 2 2025
,ESSF,ESSFmc,ESSFmc/02,,Bl,3,2,EBL,May 2 2025
,ESSF,ESSFmc,ESSFmc/02,,Pl,3,2,EBL,May 2 2025
,ESSF,ESSFmc,ESSFmc/02,,Sx,3,,EBL,May 2 2025
,ESSF,ESSFmc,ESSFmc/03,,Bl,3,2,EBL,May 2 2025
,ESSF,ESSFmc,ESSFmc/03,,Pl,2,,EBL,May 2 2025
,ESSF,ESSFmc,ESSFmc/03,,Sx,3,,EBL,May 2 2025
,ESSF,ESSFmc,ESSFmc/04,,Bl,2,,EBL,May 2 2025
,ESSF,ESSFmc,ESSFmc/04,,Pl,2,,EBL,May 2 2025
,ESSF,ESSFmc,ESSFmc/04,,Sx,2,,EBL,May 2 2025
,ESSF,ESSFmc,ESSFmc/05,,Bl,1,,EBL,May 2 2025
,ESSF,ESSFmc,ESSFmc/05,,Pl,3,,EBL,May 2 2025
,ESSF,ESSFmc,ESSFmc/05,,Sx,1,,EBL,May 2 2025
,ESSF,ESSFmc,ESSFmc/06,,Bl,1,,EBL,May 2 2025
,ESSF,ESSFmc,ESSFmc/06,,Pl,3,,EBL,May 2 2025
,ESSF,ESSFmc,ESSFmc/06,,Sx,1,,EBL,May 2 2025
,ESSF,ESSFmc,ESSFmc/07,,Bl,1,,EBL,May 2 2025
,ESSF,ESSFmc,ESSFmc/07,,Pl,3,,EBL,May 2 2025
,ESSF,ESSFmc,ESSFmc/07,,Sx,1,,EBL,May 2 2025
,ESSF,ESSFmc,ESSFmc/08,SN,Bl,3,2,EBL,May 2 2025
,ESSF,ESSFmc,ESSFmc/08,SN,Sx,3,2,EBL,May 2 2025
,ESSF,ESSFmc,ESSFmc/09,,Bl,3,2,EBL,May 2 2025
,ESSF,ESSFmc,ESSFmc/09,,Sx,3,2,EBL,May 2 2025
,ESSF,ESSFmc,ESSFmc/10,,Bl,3,2,EBL,May 2 2025
,ESSF,ESSFmc,ESSFmc/10,,Sx,3,2,EBL,May 2 2025
Skeena,ESSF,ESSFmcp,ESSFmcp/00,,Bl,3,,EBL,May 1 2025
Skeena,ESSF,ESSFmcw,ESSFmcw/101,,Bl,2,,EBL,May 1 2025
Skeena,ESSF,ESSFmcw,ESSFmcw/101a,,Bl,2,,EBL,May 1 2025
Skeena,ESSF,ESSFmcw,ESSFmcw/101b,,Bl,2,,EBL,May 1 2025
Skeena,ESSF,ESSFmcw,ESSFmcw/102,,Bl,3,,EBL,May 1 2025
Skeena,ESSF,ESSFmcw,ESSFmcw/102,,Pa,3,,EBL,May 1 2025
Skeena,ESSF,ESSFmcw,ESSFmcw/102,,Pl,3,4,EBL,May 1 2025
Skeena,ESSF,ESSFmcw,ESSFmcw/102,,Sx,4,,EBL,May 1 2025
Skeena,ESSF,ESSFmcw,ESSFmcw/103,SN,Bl,3,,EBL,May 1 2025
Skeena,ESSF,ESSFmcw,ESSFmcw/110,,Bl,2,,EBL,May 1 2025
Skeena,ESSF,ESSFmcw,ESSFmcw/111,,Bl,3,2,EBL,May 1 2025
,ESSF,ESSFmk,ESSFmk/01,,Ba,3,,EBL,May 2 2025
,ESSF,ESSFmk,ESSFmk/01,,Bl,1,,EBL,May 2 2025
,ESSF,ESSFmk,ESSFmk/01,,Hm,2,,EBL,May 2 2025
,ESSF,ESSFmk,ESSFmk/01,,Pl,2,3,EBL,May 2 2025
,ESSF,ESSFmk,ESSFmk/01,,Sx,1,,EBL,May 2 2025
,ESSF,ESSFmk,ESSFmk/02,,Bl,3,2,EBL,May 2 2025
,ESSF,ESSFmk,ESSFmk/02,,Hm,3,2,EBL,May 2 2025
,ESSF,ESSFmk,ESSFmk/02,,Pa,3,2,EBL,May 2 2025
,ESSF,ESSFmk,ESSFmk/02,,Pl,3,2,EBL,May 2 2025
,ESSF,ESSFmk,ESSFmk/02,,Sx,2,3,EBL,May 2 2025
,ESSF,ESSFmk,ESSFmk/02a,,Ba,4,,EBL,May 2 2025
,ESSF,ESSFmk,ESSFmk/02a,,Bl,3,2,EBL,May 2 2025
,ESSF,ESSFmk,ESSFmk/02a,,Hm,3,2,EBL,May 2 2025
,ESSF,ESSFmk,ESSFmk/02a,,Pa,3,2,EBL,May 2 2025
,ESSF,ESSFmk,ESSFmk/02a,,Pl,3,2,EBL,May 2 2025
,ESSF,ESSFmk,ESSFmk/02a,,Sx,2,3,EBL,May 2 2025
,ESSF,ESSFmk,ESSFmk/02b,,Ba,4,,EBL,May 2 2025
,ESSF,ESSFmk,ESSFmk/02b,,Bl,3,2,EBL,May 2 2025
,ESSF,ESSFmk,ESSFmk/02b,,Hm,3,2,EBL,May 2 2025
,ESSF,ESSFmk,ESSFmk/02b,,Pa,3,2,EBL,May 2 2025
,ESSF,ESSFmk,ESSFmk/02b,,Pl,3,2,EBL,May 2 2025
,ESSF,ESSFmk,ESSFmk/02b,,Sx,2,3,EBL,May 2 2025
,ESSF,ESSFmk,ESSFmk/03,,Ba,3,,EBL,May 2 2025
,ESSF,ESSFmk,ESSFmk/03,,Bl,3,2,EBL,May 2 2025
,ESSF,ESSFmk,ESSFmk/03,,Hm,3,2,EBL,May 2 2025
,ESSF,ESSFmk,ESSFmk/03,,Pa,3,2,EBL,May 2 2025
,ESSF,ESSFmk,ESSFmk/03,,Pl,3,2,EBL,May 2 2025
,ESSF,ESSFmk,ESSFmk/03,,Sx,2,,EBL,May 2 2025
,ESSF,ESSFmk,ESSFmk/04,,Ba,3,,EBL,May 2 2025
,ESSF,ESSFmk,ESSFmk/04,,Bl,2,1,EBL,May 2 2025
,ESSF,ESSFmk,ESSFmk/04,,Hm,2,,EBL,May 2 2025
,ESSF,ESSFmk,ESSFmk/04,,Pl,2,,EBL,May 2 2025
,ESSF,ESSFmk,ESSFmk/04,,Sx,1,,EBL,May 2 2025
,ESSF,ESSFmk,ESSFmk/05,,Ba,3,,EBL,May 2 2025
,ESSF,ESSFmk,ESSFmk/05,,Bl,2,1,EBL,May 2 2025
,ESSF,ESSFmk,ESSFmk/05,,Hm,2,,EBL,May 2 2025
,ESSF,ESSFmk,ESSFmk/05,,Pl,3,,EBL,May 2 2025
,ESSF,ESSFmk,ESSFmk/05,,Sx,1,,EBL,May 2 2025
,ESSF,ESSFmk,ESSFmk/06,,Ba,3,,EBL,May 2 2025
,ESSF,ESSFmk,ESSFmk/06,,Bl,3,2,EBL,May 2 2025
,ESSF,ESSFmk,ESSFmk/06,,Hm,3,,EBL,May 2 2025
,ESSF,ESSFmk,ESSFmk/06,,Sx,1,2,EBL,May 2 2025
,ESSF,ESSFmk,ESSFmk/07,,Ba,3,,EBL,May 2 2025
,ESSF,ESSFmk,ESSFmk/07,,Bl,3,2,EBL,May 2 2025
,ESSF,ESSFmk,ESSFmk/07,,Hm,4,,EBL,May 2 2025
,ESSF,ESSFmk,ESSFmk/07,,Sx,1,2,EBL,May 2 2025
Skeena,ESSF,ESSFmkp,ESSFmkp/00,,Bl,3,,EBL,May 1 2025
Skeena,ESSF,ESSFmkp,ESSFmkp/00,,Pa,3,,EBL,May 1 2025
Skeena,ESSF,ESSFmkp,ESSFmkp/00,,Sx,4,,EBL,May 1 2025
Skeena,ESSF,ESSFmkw,ESSFmkw/101,,Bl,2,,EBL,May 1 2025
Skeena,ESSF,ESSFmkw,ESSFmkw/101,,Hm,3,,EBL,May 1 2025
Skeena,ESSF,ESSFmkw,ESSFmkw/102,,Bl,3,,EBL,May 1 2025
Skeena,ESSF,ESSFmkw,ESSFmkw/102,,Hm,3,,EBL,May 1 2025
Skeena,ESSF,ESSFmkw,ESSFmkw/102,,Pa,3,,EBL,May 1 2025
Skeena,ESSF,ESSFmkw,ESSFmkw/102,,Pl,4,,EBL,May 1 2025
Skeena,ESSF,ESSFmkw,ESSFmkw/102,,Sx,4,,EBL,May 1 2025
Skeena,ESSF,ESSFmkw,ESSFmkw/103,SN,Bl,3,,EBL,May 1 2025
Skeena,ESSF,ESSFmkw,ESSFmkw/103,SN,Hm,3,,EBL,May 1 2025
Skeena,ESSF,ESSFmkw,ESSFmkw/104,,Bl,2,,EBL,May 1 2025
Skeena,ESSF,ESSFmkw,ESSFmkw/104,,Hm,2,,EBL,May 1 2025
Skeena,ESSF,ESSFmkw,ESSFmkw/110,,Bl,2,,EBL,May 1 2025
Skeena,ESSF,ESSFmkw,ESSFmkw/110,,Hm,3,,EBL,May 1 2025
Skeena,ESSF,ESSFmkw,ESSFmkw/111,,Bl,3,2,EBL,May 1 2025
Skeena,ESSF,ESSFmkw,ESSFmkw/111,,Hm,4,,EBL,May 1 2025
,ESSF,ESSFmm1,ESSFmm1/01,,Bl,1,1,DS,3/26/2025
,ESSF,ESSFmm1,ESSFmm1/01,,Pl,2,2,DS,3/26/2025
,ESSF,ESSFmm1,ESSFmm1/01,,Sx,1,1,DS,3/26/2025
,ESSF,ESSFmm1,ESSFmm1/02,,Bl,3,3,DS,3/26/2025
,ESSF,ESSFmm1,ESSFmm1/02,,Pl,3,3,DS,3/26/2025
,ESSF,ESSFmm1,ESSFmm1/02,,Sx,3,3,DS,3/26/2025
,ESSF,ESSFmm1,ESSFmm1/03,,Bl,2,2,DS,3/26/2025
,ESSF,ESSFmm1,ESSFmm1/03,,Pl,2,2,DS,3/26/2025
,ESSF,ESSFmm1,ESSFmm1/03,,Sx,2,2,DS,3/26/2025
,ESSF,ESSFmm1,ESSFmm1/04,,Bl,2,2,DS,3/26/2025
,ESSF,ESSFmm1,ESSFmm1/04,,Pl,2,2,DS,3/26/2025
,ESSF,ESSFmm1,ESSFmm1/04,,Sx,2,2,DS,3/26/2025
,ESSF,ESSFmm1,ESSFmm1/05,,Bl,1,1,DS,3/26/2025
,ESSF,ESSFmm1,ESSFmm1/05,,Pl,2,2,DS,3/26/2025
,ESSF,ESSFmm1,ESSFmm1/05,,Sx,1,1,DS,3/26/2025
,ESSF,ESSFmm1,ESSFmm1/06,,Bl,1,1,DS,3/26/2025
,ESSF,ESSFmm1,ESSFmm1/06,,Pl,2,2,DS,3/26/2025
,ESSF,ESSFmm1,ESSFmm1/06,,Sx,1,1,DS,3/26/2025
,ESSF,ESSFmm1,ESSFmm1/07,,Bl,3,2,DS,3/26/2025
,ESSF,ESSFmm1,ESSFmm1/07,,Pl,3,2,DS,3/26/2025
,ESSF,ESSFmm1,ESSFmm1/07,,Sx,3,2,DS,3/26/2025
,ESSF,ESSFmm2,ESSFmm2/01,,Bl,1,1,DS,3/27/2025
,ESSF,ESSFmm2,ESSFmm2/01,,Pl,2,2,DS,3/28/2025
,ESSF,ESSFmm2,ESSFmm2/01,,Sx,1,1,DS,3/29/2025
,ESSF,ESSFmm2,ESSFmm2/02,,Bl,3,3,DS,3/30/2025
,ESSF,ESSFmm2,ESSFmm2/02,,Pl,3,3,DS,3/31/2025
,ESSF,ESSFmm2,ESSFmm2/02,,Sx,2,2,DS,4/1/2025
,ESSF,ESSFmm2,ESSFmm2/03,,Bl,2,2,DS,4/2/2025
,ESSF,ESSFmm2,ESSFmm2/03,,Pl,2,2,DS,4/3/2025
,ESSF,ESSFmm2,ESSFmm2/03,,Sx,2,2,DS,4/4/2025
,ESSF,ESSFmm2,ESSFmm2/04,,Bl,2,2,DS,4/5/2025
,ESSF,ESSFmm2,ESSFmm2/04,,Pl,2,2,DS,4/6/2025
,ESSF,ESSFmm2,ESSFmm2/04,,Sx,1,1,DS,4/7/2025
,ESSF,ESSFmm2,ESSFmm2/05,,Bl,1,1,DS,4/8/2025
,ESSF,ESSFmm2,ESSFmm2/05,,Pl,2,2,DS,4/9/2025
,ESSF,ESSFmm2,ESSFmm2/05,,Sx,1,1,DS,4/10/2025
,ESSF,ESSFmm2,ESSFmm2/06,,Bl,1,1,DS,4/11/2025
,ESSF,ESSFmm2,ESSFmm2/06,,Pl,2,2,DS,4/12/2025
,ESSF,ESSFmm2,ESSFmm2/06,,Sx,1,1,DS,4/13/2025
,ESSF,ESSFmm2,ESSFmm2/07,,Bl,2,2,DS,4/14/2025
,ESSF,ESSFmm2,ESSFmm2/07,,Pl,2,2,DS,4/15/2025
,ESSF,ESSFmm2,ESSFmm2/07,,Sx,1,1,DS,4/16/2025
,ESSF,ESSFmv1,ESSFmv1/01,,At,3,3,DS,3/26/2025
,ESSF,ESSFmv1,ESSFmv1/01,,Bl,1,1,DS,3/26/2025
,ESSF,ESSFmv1,ESSFmv1/01,,Ep,3,3,DS,3/26/2025
,ESSF,ESSFmv1,ESSFmv1/01,,Pl,2,1,DS,3/26/2025
,ESSF,ESSFmv1,ESSFmv1/01,,Sx,1,1,DS,3/26/2025
,ESSF,ESSFmv1,ESSFmv1/02,,Bl,3,3,DS,3/26/2025
,ESSF,ESSFmv1,ESSFmv1/02,,Pl,2,2,DS,3/26/2025
,ESSF,ESSFmv1,ESSFmv1/02,,Sx,4,4,DS,3/26/2025
,ESSF,ESSFmv1,ESSFmv1/03,,Bl,3,3,DS,3/26/2025
,ESSF,ESSFmv1,ESSFmv1/03,,Pl,2,2,DS,3/26/2025
,ESSF,ESSFmv1,ESSFmv1/03,,Sx,1,2,DS,3/26/2025
,ESSF,ESSFmv1,ESSFmv1/04,,Bl,1,1,DS,3/26/2025
,ESSF,ESSFmv1,ESSFmv1/04,,Pl,2,2,DS,3/26/2025
,ESSF,ESSFmv1,ESSFmv1/04,,Sx,1,1,DS,3/26/2025
,ESSF,ESSFmv1,ESSFmv1/05,,Bl,1,1,DS,3/26/2025
,ESSF,ESSFmv1,ESSFmv1/05,,Pl,2,2,DS,3/26/2025
,ESSF,ESSFmv1,ESSFmv1/05,,Sx,1,1,DS,3/26/2025
,ESSF,ESSFmv2,ESSFmv2/01,,Bl,1,1,DS,3/26/2025
,ESSF,ESSFmv2,ESSFmv2/01,,Pl,2,2,DS,3/26/2025
,ESSF,ESSFmv2,ESSFmv2/01,,Sx,1,1,DS,3/26/2025
,ESSF,ESSFmv2,ESSFmv2/01,,Sx,1,1,DS,3/26/2025
,ESSF,ESSFmv2,ESSFmv2/02,,Bl,3,3,DS,3/26/2025
,ESSF,ESSFmv2,ESSFmv2/02,,Pl,2,2,DS,3/26/2025
,ESSF,ESSFmv2,ESSFmv2/02,,Sx,2,2,DS,3/26/2025
,ESSF,ESSFmv2,ESSFmv2/02,,Sx,2,2,DS,3/26/2025
,ESSF,ESSFmv2,ESSFmv2/03,CA,Bl,3,3,DS,3/26/2025
,ESSF,ESSFmv2,ESSFmv2/03,CA,Pl,3,3,DS,3/26/2025
,ESSF,ESSFmv2,ESSFmv2/03,CA,Sb,3,2,DS,3/26/2025
,ESSF,ESSFmv2,ESSFmv2/03,CA,Sx,1,2,DS,3/26/2025
,ESSF,ESSFmv2,ESSFmv2/03,CA,Sx,1,2,DS,3/26/2025
,ESSF,ESSFmv2,ESSFmv2/04,,Bl,1,1,DS,3/26/2025
,ESSF,ESSFmv2,ESSFmv2/04,,Pl,2,2,DS,3/26/2025
,ESSF,ESSFmv2,ESSFmv2/04,,Sx,1,1,DS,3/26/2025
,ESSF,ESSFmv2,ESSFmv2/04,,Sx,1,1,DS,3/26/2025
,ESSF,ESSFmv2,ESSFmv2/05,,Bl,1,1,DS,3/26/2025
,ESSF,ESSFmv2,ESSFmv2/05,,Pl,2,2,DS,3/26/2025
,ESSF,ESSFmv2,ESSFmv2/05,,Sx,1,1,DS,3/26/2025
,ESSF,ESSFmv2,ESSFmv2/06,,Bl,2,2,DS,3/26/2025
,ESSF,ESSFmv2,ESSFmv2/06,,Pl,2,2,DS,3/26/2025
,ESSF,ESSFmv2,ESSFmv2/06,,Sx,1,1,DS,3/26/2025
,ESSF,ESSFmv3,ESSFmv3/01,,Bl,1,1,DS,3/26/2025
,ESSF,ESSFmv3,ESSFmv3/01,,Pl,3,2,DS,3/26/2025
,ESSF,ESSFmv3,ESSFmv3/01,,Sx,1,1,DS,3/26/2025
,ESSF,ESSFmv3,ESSFmv3/01,,Sx,1,1,DS,3/26/2025
,ESSF,ESSFmv3,ESSFmv3/02,,Bl,3,3,DS,3/26/2025
,ESSF,ESSFmv3,ESSFmv3/02,,Pl,2,2,DS,3/26/2025
,ESSF,ESSFmv3,ESSFmv3/02,,Sx,3,3,DS,3/26/2025
,ESSF,ESSFmv3,ESSFmv3/03,CA,Bl,3,3,DS,3/26/2025
,ESSF,ESSFmv3,ESSFmv3/03,CA,Pl,2,2,DS,3/26/2025
,ESSF,ESSFmv3,ESSFmv3/03,CA,Sb,3,3,DS,3/26/2025
,ESSF,ESSFmv3,ESSFmv3/03,CA,Sx,3,3,DS,3/26/2025
,ESSF,ESSFmv3,ESSFmv3/04,,Bl,1,1,DS,3/26/2025
,ESSF,ESSFmv3,ESSFmv3/04,,Pl,3,3,DS,3/26/2025
,ESSF,ESSFmv3,ESSFmv3/04,,Sx,1,1,DS,3/26/2025
,ESSF,ESSFmv3,ESSFmv3/04,,Sx,1,1,DS,3/26/2025
,ESSF,ESSFmv3,ESSFmv3/05,,Bl,1,1,DS,3/26/2025
,ESSF,ESSFmv3,ESSFmv3/05,,Pl,3,3,DS,3/26/2025
,ESSF,ESSFmv3,ESSFmv3/05,,Sx,1,1,DS,3/26/2025
,ESSF,ESSFmv3,ESSFmv3/06,,Bl,1,1,DS,3/26/2025
,ESSF,ESSFmv3,ESSFmv3/06,,Pl,3,3,DS,3/26/2025
,ESSF,ESSFmv3,ESSFmv3/06,,Sx,1,1,DS,3/26/2025
,ESSF,ESSFmv3,ESSFmv3/07,,Bl,1,1,DS,3/26/2025
,ESSF,ESSFmv3,ESSFmv3/07,,Bl,1,1,DS,3/26/2025
,ESSF,ESSFmv3,ESSFmv3/07,,Pl,3,3,DS,3/26/2025
,ESSF,ESSFmv3,ESSFmv3/07,,Sx,1,1,DS,3/26/2025
,ESSF,ESSFmv3,ESSFmv3/07,,Sx,1,1,DS,3/26/2025
,ESSF,ESSFmv3,ESSFmv3/08,,Bl,1,1,DS,3/26/2025
,ESSF,ESSFmv3,ESSFmv3/08,,Pl,2,2,DS,3/26/2025
,ESSF,ESSFmv3,ESSFmv3/08,,Sx,1,1,DS,3/26/2025
,ESSF,ESSFmv4,ESSFmv4/01,,Bl,1,1,DS,3/26/2025
,ESSF,ESSFmv4,ESSFmv4/01,,Pl,2,2,DS,3/26/2025
,ESSF,ESSFmv4,ESSFmv4/01,,Sx,1,1,DS,3/26/2025
,ESSF,ESSFmv4,ESSFmv4/01,,Sx,1,1,DS,3/26/2025
,ESSF,ESSFmv4,ESSFmv4/02,,Bl,3,3,DS,3/26/2025
,ESSF,ESSFmv4,ESSFmv4/02,,Pl,2,2,DS,3/26/2025
,ESSF,ESSFmv4,ESSFmv4/02,,Sx,2,2,DS,3/26/2025
,ESSF,ESSFmv4,ESSFmv4/03,CA,Bl,3,3,DS,3/26/2025
,ESSF,ESSFmv4,ESSFmv4/03,CA,Pl,3,2,DS,3/26/2025
,ESSF,ESSFmv4,ESSFmv4/03,CA,Sb,3,2,DS,3/26/2025
,ESSF,ESSFmv4,ESSFmv4/03,CA,Sx,1,3,DS,3/26/2025
,ESSF,ESSFmv4,ESSFmv4/03,CA,Sx,1,3,DS,3/26/2025
,ESSF,ESSFmv4,ESSFmv4/04,,Bl,1,1,DS,3/26/2025
,ESSF,ESSFmv4,ESSFmv4/04,,Pl,1,1,DS,3/26/2025
,ESSF,ESSFmv4,ESSFmv4/04,,Sx,1,1,DS,3/26/2025
,ESSF,ESSFmv4,ESSFmv4/04,,Sx,1,1,DS,3/26/2025
,ESSF,ESSFmv4,ESSFmv4/05,,Bl,2,2,DS,3/26/2025
,ESSF,ESSFmv4,ESSFmv4/05,,Pl,2,2,DS,3/26/2025
,ESSF,ESSFmv4,ESSFmv4/05,,Sx,1,1,DS,3/26/2025
,ESSF,ESSFmvp,ESSFmvp/00,,Bl,3,3,DS,3/26/2025
Skeena,ESSF,ESSFwv,ESSFwv/01,,Bl,1,,EBL,May 1 2025
Skeena,ESSF,ESSFwv,ESSFwv/01,,Hm,3,,EBL,May 1 2025
Skeena,ESSF,ESSFwv,ESSFwv/01,,Hw,3,,EBL,May 1 2025
Skeena,ESSF,ESSFwv,ESSFwv/01,,Pl,2,3,EBL,May 1 2025
Skeena,ESSF,ESSFwv,ESSFwv/01,,Sx,1,,EBL,May 1 2025
Skeena,ESSF,ESSFwv,ESSFwv/02,,Bl,2,,EBL,May 1 2025
Skeena,ESSF,ESSFwv,ESSFwv/02,,Hm,2,3,EBL,May 1 2025
Skeena,ESSF,ESSFwv,ESSFwv/02,,Hw,4,3,EBL,May 1 2025
Skeena,ESSF,ESSFwv,ESSFwv/02,,Pl,3,,EBL,May 1 2025
Skeena,ESSF,ESSFwv,ESSFwv/02,,Sx,2,3,EBL,May 1 2025
Skeena,ESSF,ESSFwv,ESSFwv/03,,Bl,2,1,EBL,May 1 2025
Skeena,ESSF,ESSFwv,ESSFwv/03,,Hm,2,,EBL,May 1 2025
Skeena,ESSF,ESSFwv,ESSFwv/03,,Hw,3,,EBL,May 1 2025
Skeena,ESSF,ESSFwv,ESSFwv/03,,Pl,3,,EBL,May 1 2025
Skeena,ESSF,ESSFwv,ESSFwv/03,,Sx,2,,EBL,May 1 2025
Skeena,ESSF,ESSFwv,ESSFwv/04,,Bl,2,,EBL,May 1 2025
Skeena,ESSF,ESSFwv,ESSFwv/04,,Hm,2,,EBL,May 1 2025
Skeena,ESSF,ESSFwv,ESSFwv/04,,Hw,4,3,EBL,May 1 2025
Skeena,ESSF,ESSFwv,ESSFwv/04,,Pl,3,,EBL,May 1 2025
Skeena,ESSF,ESSFwv,ESSFwv/04,,Sx,2,,EBL,May 1 2025
Skeena,ESSF,ESSFwv,ESSFwv/05,,Bl,1,,EBL,May 1 2025
Skeena,ESSF,ESSFwv,ESSFwv/05,,Hm,3,,EBL,May 1 2025
Skeena,ESSF,ESSFwv,ESSFwv/05,,Hw,3,,EBL,May 1 2025
Skeena,ESSF,ESSFwv,ESSFwv/05,,Pl,2,3,EBL,May 1 2025
Skeena,ESSF,ESSFwv,ESSFwv/05,,Sx,1,,EBL,May 1 2025
Skeena,ESSF,ESSFwv,ESSFwv/06,,Bl,1,,EBL,May 1 2025
Skeena,ESSF,ESSFwv,ESSFwv/06,,Hm,3,,EBL,May 1 2025
Skeena,ESSF,ESSFwv,ESSFwv/06,,Hw,3,,EBL,May 1 2025
Skeena,ESSF,ESSFwv,ESSFwv/06,,Pl,3,,EBL,May 1 2025
Skeena,ESSF,ESSFwv,ESSFwv/06,,Sx,1,,EBL,May 1 2025
Skeena,ESSF,ESSFwv,ESSFwv/07,,Bl,2,1,EBL,May 1 2025
Skeena,ESSF,ESSFwv,ESSFwv/07,,Hm,3,,EBL,May 1 2025
Skeena,ESSF,ESSFwv,ESSFwv/07,,Hw,3,,EBL,May 1 2025
Skeena,ESSF,ESSFwv,ESSFwv/07,,Sx,1,,EBL,May 1 2025
Skeena,ESSF,ESSFwv,ESSFwv/08,,Bl,2,,EBL,May 1 2025
Skeena,ESSF,ESSFwv,ESSFwv/08,,Hm,4,,EBL,May 1 2025
Skeena,ESSF,ESSFwv,ESSFwv/08,,Hw,4,,EBL,May 1 2025
Skeena,ESSF,ESSFwv,ESSFwv/08,,Sx,1,2,EBL,May 1 2025
Skeena,ESSF,ESSFwv,ESSFwv/09,,Bl,2,,EBL,May 1 2025
Skeena,ESSF,ESSFwv,ESSFwv/09,,Hm,4,3,EBL,May 1 2025
Skeena,ESSF,ESSFwv,ESSFwv/09,,Hw,4,3,EBL,May 1 2025
Skeena,ESSF,ESSFwv,ESSFwv/09,,Sx,1,2,EBL,May 1 2025
Skeena,ESSF,ESSFwvp,ESSFwvp/00,,Bl,3,,EBL,May 1 2025
Skeena,ESSF,ESSFwvw,ESSFwvw/101,,Bl,2,,EBL,May 1 2025
Skeena,ESSF,ESSFwvw,ESSFwvw/101,,Hm,3,,EBL,May 1 2025
Skeena,ESSF,ESSFwvw,ESSFwvw/102,,Bl,3,,EBL,May 1 2025
Skeena,ESSF,ESSFwvw,ESSFwvw/102,,Hm,3,,EBL,May 1 2025
Skeena,ESSF,ESSFwvw,ESSFwvw/102,,Pl,3,4,EBL,May 1 2025
Skeena,ESSF,ESSFwvw,ESSFwvw/103,SN,Bl,3,,EBL,May 1 2025
Skeena,ESSF,ESSFwvw,ESSFwvw/103,SN,Hm,3,,EBL,May 1 2025
Skeena,ESSF,ESSFwvw,ESSFwvw/104,,Bl,2,,EBL,May 1 2025
Skeena,ESSF,ESSFwvw,ESSFwvw/104,,Hm,3,,EBL,May 1 2025
Skeena,ESSF,ESSFwvw,ESSFwvw/105,CAS,Bl,2,,EBL,May 1 2025
Skeena,ESSF,ESSFwvw,ESSFwvw/105,CAS,Hm,2,,EBL,May 1 2025
Skeena,ESSF,ESSFwvw,ESSFwvw/110,,Bl,2,,EBL,May 1 2025
Skeena,ESSF,ESSFwvw,ESSFwvw/110,,Hm,3,,EBL,May 1 2025
Skeena,ESSF,ESSFwvw,ESSFwvw/111,,Bl,3,2,EBL,May 1 2025
Skeena,ESSF,ESSFwvw,ESSFwvw/111,,Hm,3,4,EBL,May 1 2025
Skeena,ICH,ICHmc1,ICHmc1/01,,Ba,3,,EBL,May 2 2025
Skeena,ICH,ICHmc1,ICHmc1/01,,Bl,2,,EBL,May 2 2025
Skeena,ICH,ICHmc1,ICHmc1/01,,Hw,1,,EBL,May 2 2025
Skeena,ICH,ICHmc1,ICHmc1/01,,Pl,2,,EBL,May 2 2025
Skeena,ICH,ICHmc1,ICHmc1/01,,Sx,1,,EBL,May 2 2025
Skeena,ICH,ICHmc1,ICHmc1/01a,,Ba,3,,EBL,May 2 2025
Skeena,ICH,ICHmc1,ICHmc1/01a,,Bl,2,,EBL,May 2 2025
Skeena,ICH,ICHmc1,ICHmc1/01a,,Hw,1,,EBL,May 2 2025
Skeena,ICH,ICHmc1,ICHmc1/01a,,Pl,2,,EBL,May 2 2025
Skeena,ICH,ICHmc1,ICHmc1/01a,,Sx,1,,EBL,May 2 2025
Skeena,ICH,ICHmc1,ICHmc1/01b,,Ba,3,,EBL,May 2 2025
Skeena,ICH,ICHmc1,ICHmc1/01b,,Bl,2,,EBL,May 2 2025
Skeena,ICH,ICHmc1,ICHmc1/01b,,Hw,1,,EBL,May 2 2025
Skeena,ICH,ICHmc1,ICHmc1/01b,,Pl,2,,EBL,May 2 2025
Skeena,ICH,ICHmc1,ICHmc1/01b,,Sx,1,,EBL,May 2 2025
Skeena,ICH,ICHmc1,ICHmc1/02,,Ba,4,,EBL,May 2 2025
Skeena,ICH,ICHmc1,ICHmc1/02,,Bl,3,,EBL,May 2 2025
Skeena,ICH,ICHmc1,ICHmc1/02,,Hw,3,,EBL,May 2 2025
Skeena,ICH,ICHmc1,ICHmc1/02,,Pl,2,,EBL,May 2 2025
Skeena,ICH,ICHmc1,ICHmc1/02,,Sx,4,,EBL,May 2 2025
Skeena,ICH,ICHmc1,ICHmc1/03,,Ac,3,,EBL,May 2 2025
Skeena,ICH,ICHmc1,ICHmc1/03,,Ba,3,,EBL,May 2 2025
Skeena,ICH,ICHmc1,ICHmc1/03,,Bl,1,,EBL,May 2 2025
Skeena,ICH,ICHmc1,ICHmc1/03,,Hw,1,,EBL,May 2 2025
Skeena,ICH,ICHmc1,ICHmc1/03,,Pl,3,,EBL,May 2 2025
Skeena,ICH,ICHmc1,ICHmc1/03,,Sx,1,,EBL,May 2 2025
Skeena,ICH,ICHmc1,ICHmc1/04,,Ac,2,,EBL,May 2 2025
Skeena,ICH,ICHmc1,ICHmc1/04,,Ba,3,,EBL,May 2 2025
Skeena,ICH,ICHmc1,ICHmc1/04,,Bl,1,,EBL,May 2 2025
Skeena,ICH,ICHmc1,ICHmc1/04,,Hw,2,,EBL,May 2 2025
Skeena,ICH,ICHmc1,ICHmc1/04,,Pl,3,,EBL,May 2 2025
Skeena,ICH,ICHmc1,ICHmc1/04,,Sx,1,,EBL,May 2 2025
Skeena,ICH,ICHmc1,ICHmc1/04,,Sx,1,,EBL,May 2 2025
Skeena,ICH,ICHmc1,ICHmc1/05,Fm,Ac,1,,EBL,May 2 2025
Skeena,ICH,ICHmc1,ICHmc1/05,Fm,Ba,3,,EBL,May 2 2025
Skeena,ICH,ICHmc1,ICHmc1/05,Fm,Bl,2,,EBL,May 2 2025
Skeena,ICH,ICHmc1,ICHmc1/05,Fm,Hw,4,,EBL,May 2 2025
Skeena,ICH,ICHmc1,ICHmc1/05,Fm,Pl,3,,EBL,May 2 2025
Skeena,ICH,ICHmc1,ICHmc1/05,Fm,Sx,1,,EBL,May 2 2025
Skeena,ICH,ICHmc1,ICHmc1/06,,Ac,2,,EBL,May 2 2025
Skeena,ICH,ICHmc1,ICHmc1/06,,Ba,3,,EBL,May 2 2025
Skeena,ICH,ICHmc1,ICHmc1/06,,Bl,2,,EBL,May 2 2025
Skeena,ICH,ICHmc1,ICHmc1/06,,Hw,3,,EBL,May 2 2025
Skeena,ICH,ICHmc1,ICHmc1/06,,Pl,4,,EBL,May 2 2025
Skeena,ICH,ICHmc1,ICHmc1/06,,Sx,1,,EBL,May 2 2025
Skeena,ICH,ICHmc2,ICHmc2/01,,Bl,2,,EBL,May 2 2025
Skeena,ICH,ICHmc2,ICHmc2/01,,Cw,2,1,EBL,May 2 2025
Skeena,ICH,ICHmc2,ICHmc2/01,,Hw,1,,EBL,May 2 2025
Skeena,ICH,ICHmc2,ICHmc2/01,,Pl,1,,EBL,May 2 2025
Skeena,ICH,ICHmc2,ICHmc2/01,,Sx,1,,EBL,May 2 2025
Skeena,ICH,ICHmc2,ICHmc2/01a.1,,Bl,2,,EBL,May 2 2025
Skeena,ICH,ICHmc2,ICHmc2/01a.1,,Cw,2,1,EBL,May 2 2025
Skeena,ICH,ICHmc2,ICHmc2/01a.1,,Hw,1,,EBL,May 2 2025
Skeena,ICH,ICHmc2,ICHmc2/01a.1,,Pl,1,,EBL,May 2 2025
Skeena,ICH,ICHmc2,ICHmc2/01a.1,,Sx,1,,EBL,May 2 2025
Skeena,ICH,ICHmc2,ICHmc2/01a.2,FR,Bl,2,,EBL,May 2 2025
Skeena,ICH,ICHmc2,ICHmc2/01a.2,FR,Cw,4,,EBL,May 2 2025
Skeena,ICH,ICHmc2,ICHmc2/01a.2,FR,Hw,3,,EBL,May 2 2025
Skeena,ICH,ICHmc2,ICHmc2/01a.2,FR,Pl,1,,EBL,May 2 2025
Skeena,ICH,ICHmc2,ICHmc2/01a.2,FR,Sx,1,,EBL,May 2 2025
Skeena,ICH,ICHmc2,ICHmc2/01b.1,,Bl,2,,EBL,May 2 2025
Skeena,ICH,ICHmc2,ICHmc2/01b.1,,Cw,2,,EBL,May 2 2025
Skeena,ICH,ICHmc2,ICHmc2/01b.1,,Hw,1,,EBL,May 2 2025
Skeena,ICH,ICHmc2,ICHmc2/01b.1,,Pl,1,,EBL,May 2 2025
Skeena,ICH,ICHmc2,ICHmc2/01b.1,,Sx,1,,EBL,May 2 2025
Skeena,ICH,ICHmc2,ICHmc2/01b.2,FR,Bl,2,,EBL,May 2 2025
Skeena,ICH,ICHmc2,ICHmc2/01b.2,FR,Cw,4,,EBL,May 2 2025
Skeena,ICH,ICHmc2,ICHmc2/01b.2,FR,Hw,1,,EBL,May 2 2025
Skeena,ICH,ICHmc2,ICHmc2/01b.2,FR,Pl,1,,EBL,May 2 2025
Skeena,ICH,ICHmc2,ICHmc2/01b.2,FR,Sx,2,,EBL,May 2 2025
Skeena,ICH,ICHmc2,ICHmc2/02,,Bl,3,,EBL,May 2 2025
Skeena,ICH,ICHmc2,ICHmc2/02,,Hw,3,,EBL,May 2 2025
Skeena,ICH,ICHmc2,ICHmc2/02,,Pl,2,,EBL,May 2 2025
Skeena,ICH,ICHmc2,ICHmc2/02,,Sx,4,,EBL,May 2 2025
Skeena,ICH,ICHmc2,ICHmc2/03,,Ac,3,,EBL,May 2 2025
Skeena,ICH,ICHmc2,ICHmc2/03,,Ba,3,,EBL,May 2 2025
Skeena,ICH,ICHmc2,ICHmc2/03,,Bl,2,,EBL,May 2 2025
Skeena,ICH,ICHmc2,ICHmc2/03,,Cw,1,,EBL,May 2 2025
Skeena,ICH,ICHmc2,ICHmc2/03,,Hw,1,,EBL,May 2 2025
Skeena,ICH,ICHmc2,ICHmc2/03,,Pl,2,,EBL,May 2 2025
Skeena,ICH,ICHmc2,ICHmc2/03,,Sx,1,,EBL,May 2 2025
Skeena,ICH,ICHmc2,ICHmc2/04,,Ac,3,,EBL,May 2 2025
Skeena,ICH,ICHmc2,ICHmc2/04,,Ba,3,,EBL,May 2 2025
Skeena,ICH,ICHmc2,ICHmc2/04,,Bl,2,,EBL,May 2 2025
Skeena,ICH,ICHmc2,ICHmc2/04,,Cw,1,,EBL,May 2 2025
Skeena,ICH,ICHmc2,ICHmc2/04,,Hw,2,1,EBL,May 2 2025
Skeena,ICH,ICHmc2,ICHmc2/04,,Pl,2,,EBL,May 2 2025
Skeena,ICH,ICHmc2,ICHmc2/04,,Sx,1,,EBL,May 2 2025
Skeena,ICH,ICHmc2,ICHmc2/05,CA,Ac,3,,EBL,May 2 2025
Skeena,ICH,ICHmc2,ICHmc2/05,CA,Ba,3,,EBL,May 2 2025
Skeena,ICH,ICHmc2,ICHmc2/05,CA,Bl,2,,EBL,May 2 2025
Skeena,ICH,ICHmc2,ICHmc2/05,CA,Cw,1,,EBL,May 2 2025
Skeena,ICH,ICHmc2,ICHmc2/05,CA,Hw,2,,EBL,May 2 2025
Skeena,ICH,ICHmc2,ICHmc2/05,CA,Pl,2,,EBL,May 2 2025
Skeena,ICH,ICHmc2,ICHmc2/05,CA,Sx,1,,EBL,May 2 2025
Skeena,ICH,ICHmc2,ICHmc2/06,Fm,Ac,1,,EBL,May 2 2025
Skeena,ICH,ICHmc2,ICHmc2/06,Fm,Ba,3,,EBL,May 2 2025
Skeena,ICH,ICHmc2,ICHmc2/06,Fm,Bl,2,,EBL,May 2 2025
Skeena,ICH,ICHmc2,ICHmc2/06,Fm,Cw,1,,EBL,May 2 2025
Skeena,ICH,ICHmc2,ICHmc2/06,Fm,Hw,3,,EBL,May 2 2025
Skeena,ICH,ICHmc2,ICHmc2/06,Fm,Pl,2,,EBL,May 2 2025
Skeena,ICH,ICHmc2,ICHmc2/06,Fm,Sx,1,,EBL,May 2 2025
Skeena,ICH,ICHmc2,ICHmc2/07,,Ac,3,,EBL,May 2 2025
Skeena,ICH,ICHmc2,ICHmc2/07,,Ba,3,,EBL,May 2 2025
Skeena,ICH,ICHmc2,ICHmc2/07,,Bl,2,,EBL,May 2 2025
Skeena,ICH,ICHmc2,ICHmc2/07,,Cw,2,,EBL,May 2 2025
Skeena,ICH,ICHmc2,ICHmc2/07,,Hw,3,,EBL,May 2 2025
Skeena,ICH,ICHmc2,ICHmc2/07,,Pl,3,,EBL,May 2 2025
Skeena,ICH,ICHmc2,ICHmc2/07,,Sx,1,,EBL,May 2 2025
Skeena,ICH,ICHmc2,ICHmc2/08,FR,Ac,4,,EBL,May 2 2025
Skeena,ICH,ICHmc2,ICHmc2/08,FR,Ba,4,,EBL,May 2 2025
Skeena,ICH,ICHmc2,ICHmc2/08,FR,Bl,4,,EBL,May 2 2025
Skeena,ICH,ICHmc2,ICHmc2/08,FR,Cw,4,,EBL,May 2 2025
Skeena,ICH,ICHmc2,ICHmc2/08,FR,Hw,4,,EBL,May 2 2025
Skeena,ICH,ICHmc2,ICHmc2/08,FR,Pl,3,,EBL,May 2 2025
Skeena,ICH,ICHmc2,ICHmc2/08,FR,Sb,3,,EBL,May 2 2025
Skeena,ICH,ICHmc2,ICHmc2/08,FR,Sx,3,,EBL,May 2 2025
,ICH,ICHmm,ICHmm/01,,At,1,1,DS,3/26/2025
,ICH,ICHmm,ICHmm/01,,Bl,2,2,DS,3/26/2025
,ICH,ICHmm,ICHmm/01,,Cw,2,1,DS,3/26/2025
,ICH,ICHmm,ICHmm/01,,Ep,3,2,DS,3/26/2025
,ICH,ICHmm,ICHmm/01,,Fd,1,1,DS,3/26/2025
,ICH,ICHmm,ICHmm/01,,Hw,1,1,DS,3/26/2025
,ICH,ICHmm,ICHmm/01,,Pl,1,1,DS,3/26/2025
,ICH,ICHmm,ICHmm/01,,Sx,1,1,DS,3/26/2025
,ICH,ICHmm,ICHmm/02,,At,3,3,DS,3/26/2025
,ICH,ICHmm,ICHmm/02,,Bl,3,3,DS,3/26/2025
,ICH,ICHmm,ICHmm/02,,Cw,3,3,DS,3/26/2025
,ICH,ICHmm,ICHmm/02,,Ep,3,3,DS,3/26/2025
,ICH,ICHmm,ICHmm/02,,Fd,1,1,DS,3/26/2025
,ICH,ICHmm,ICHmm/02,,Hw,2,2,DS,3/26/2025
,ICH,ICHmm,ICHmm/02,,Pl,1,1,DS,3/26/2025
,ICH,ICHmm,ICHmm/02,,Sx,3,3,DS,3/26/2025
,ICH,ICHmm,ICHmm/03,,At,3,3,DS,3/26/2025
,ICH,ICHmm,ICHmm/03,,Bl,2,2,DS,3/26/2025
,ICH,ICHmm,ICHmm/03,,Cw,2,2,DS,3/26/2025
,ICH,ICHmm,ICHmm/03,,Ep,3,3,DS,3/26/2025
,ICH,ICHmm,ICHmm/03,,Fd,1,1,DS,3/26/2025
,ICH,ICHmm,ICHmm/03,,Hw,1,1,DS,3/26/2025
,ICH,ICHmm,ICHmm/03,,Pl,1,1,DS,3/26/2025
,ICH,ICHmm,ICHmm/03,,Sx,2,2,DS,3/26/2025
,ICH,ICHmm,ICHmm/04,,Ac,3,3,DS,3/26/2025
,ICH,ICHmm,ICHmm/04,,At,3,2,DS,3/26/2025
,ICH,ICHmm,ICHmm/04,,Bl,1,1,DS,3/26/2025
,ICH,ICHmm,ICHmm/04,,Cw,1,1,DS,3/26/2025
,ICH,ICHmm,ICHmm/04,,Ep,3,2,DS,3/26/2025
,ICH,ICHmm,ICHmm/04,,Fd,2,2,DS,3/26/2025
,ICH,ICHmm,ICHmm/04,,Hw,1,1,DS,3/26/2025
,ICH,ICHmm,ICHmm/04,,Pl,2,2,DS,3/26/2025
,ICH,ICHmm,ICHmm/04,,Pw,3,3,DS,3/26/2025
,ICH,ICHmm,ICHmm/04,,Sx,1,1,DS,3/26/2025
,ICH,ICHmm,ICHmm/05,,Ac,3,3,DS,3/26/2025
,ICH,ICHmm,ICHmm/05,,At,3,3,DS,3/26/2025
,ICH,ICHmm,ICHmm/05,,Bl,1,1,DS,3/26/2025
,ICH,ICHmm,ICHmm/05,,Cw,1,1,DS,3/26/2025
,ICH,ICHmm,ICHmm/05,,Ep,3,3,DS,3/26/2025
,ICH,ICHmm,ICHmm/05,,Fd,3,3,DS,3/26/2025
,ICH,ICHmm,ICHmm/05,,Hw,1,1,DS,3/26/2025
,ICH,ICHmm,ICHmm/05,,Pl,2,2,DS,3/26/2025
,ICH,ICHmm,ICHmm/05,,Sx,1,1,DS,3/26/2025
,ICH,ICHmm,ICHmm/06,,Ac,3,3,DS,3/26/2025
,ICH,ICHmm,ICHmm/06,,At,4,4,DS,3/26/2025
,ICH,ICHmm,ICHmm/06,,Bl,1,1,DS,3/26/2025
,ICH,ICHmm,ICHmm/06,,Cw,1,1,DS,3/26/2025
,ICH,ICHmm,ICHmm/06,,Ep,4,3,DS,3/26/2025
,ICH,ICHmm,ICHmm/06,,Hw,1,1,DS,3/26/2025
,ICH,ICHmm,ICHmm/06,,Pl,2,2,DS,3/26/2025
,ICH,ICHmm,ICHmm/06,,Sx,1,1,DS,3/26/2025
,ICH,ICHmm,ICHmm/07,,At,4,4,DS,3/26/2025
,ICH,ICHmm,ICHmm/07,,Bl,4,4,DS,3/26/2025
,ICH,ICHmm,ICHmm/07,,Cw,4,4,DS,3/26/2025
,ICH,ICHmm,ICHmm/07,,Ep,4,4,DS,3/26/2025
,ICH,ICHmm,ICHmm/07,,Hw,4,4,DS,3/26/2025
,ICH,ICHmm,ICHmm/07,,Pl,2,2,DS,3/26/2025
,ICH,ICHmm,ICHmm/07,,Sb,2,2,DS,3/26/2025
,ICH,ICHmm,ICHmm/07,,Sx,2,2,DS,3/26/2025
,ICH,ICHmm,ICHmm/08,,At,4,4,DS,3/26/2025
,ICH,ICHmm,ICHmm/08,,Bl,2,2,DS,3/26/2025
,ICH,ICHmm,ICHmm/08,,Cw,2,2,DS,3/26/2025
,ICH,ICHmm,ICHmm/08,,Ep,4,4,DS,3/26/2025
,ICH,ICHmm,ICHmm/08,,Hw,2,2,DS,3/26/2025
,ICH,ICHmm,ICHmm/08,,Pl,2,2,DS,3/26/2025
,ICH,ICHmm,ICHmm/08,,Sx,2,2,DS,3/26/2025
Skeena,ICH,ICHvc,ICHvc/01,,Ac,3,,EBL,May 2 2025
Skeena,ICH,ICHvc,ICHvc/01,,Bl,1,,EBL,May 2 2025
Skeena,ICH,ICHvc,ICHvc/01,,Hm,3,,EBL,May 2 2025
Skeena,ICH,ICHvc,ICHvc/01,,Hw,2,,EBL,May 2 2025
Skeena,ICH,ICHvc,ICHvc/01,,Sx,2,1,EBL,May 2 2025
Skeena,ICH,ICHvc,ICHvc/01.1,,Ac,3,,EBL,May 2 2025
Skeena,ICH,ICHvc,ICHvc/01.1,,Bl,1,,EBL,May 2 2025
Skeena,ICH,ICHvc,ICHvc/01.1,,Hm,3,,EBL,May 2 2025
Skeena,ICH,ICHvc,ICHvc/01.1,,Hw,1,,EBL,May 2 2025
Skeena,ICH,ICHvc,ICHvc/01.1,,Sx,1,,EBL,May 2 2025
Skeena,ICH,ICHvc,ICHvc/01.2,FR,Ac,3,,EBL,May 2 2025
Skeena,ICH,ICHvc,ICHvc/01.2,FR,Bl,1,,EBL,May 2 2025
Skeena,ICH,ICHvc,ICHvc/01.2,FR,Hm,3,,EBL,May 2 2025
Skeena,ICH,ICHvc,ICHvc/01.2,FR,Hw,3,,EBL,May 2 2025
Skeena,ICH,ICHvc,ICHvc/01.2,FR,Sx,1,,EBL,May 2 2025
Skeena,ICH,ICHvc,ICHvc/02,,Bl,1,,EBL,May 2 2025
Skeena,ICH,ICHvc,ICHvc/02,,Hm,3,,EBL,May 2 2025
Skeena,ICH,ICHvc,ICHvc/02,,Hw,1,,EBL,May 2 2025
Skeena,ICH,ICHvc,ICHvc/02,,Pl,3,,EBL,May 2 2025
Skeena,ICH,ICHvc,ICHvc/02,,Sx,2,,EBL,May 2 2025
Skeena,ICH,ICHvc,ICHvc/02.1,,Bl,1,,EBL,May 2 2025
Skeena,ICH,ICHvc,ICHvc/02.1,,Hm,3,,EBL,May 2 2025
Skeena,ICH,ICHvc,ICHvc/02.1,,Hw,1,,EBL,May 2 2025
Skeena,ICH,ICHvc,ICHvc/02.1,,Pl,3,,EBL,May 2 2025
Skeena,ICH,ICHvc,ICHvc/02.1,,Sx,2,,EBL,May 2 2025
Skeena,ICH,ICHvc,ICHvc/02.2,FR,Bl,1,,EBL,May 2 2025
Skeena,ICH,ICHvc,ICHvc/02.2,FR,Hm,3,,EBL,May 2 2025
Skeena,ICH,ICHvc,ICHvc/02.2,FR,Hw,3,,EBL,May 2 2025
Skeena,ICH,ICHvc,ICHvc/02.2,FR,Pl,3,,EBL,May 2 2025
Skeena,ICH,ICHvc,ICHvc/02.2,FR,Sx,2,,EBL,May 2 2025
Skeena,ICH,ICHvc,ICHvc/03,CA,Ac,3,,EBL,May 2 2025
Skeena,ICH,ICHvc,ICHvc/03,CA,Bl,1,,EBL,May 2 2025
Skeena,ICH,ICHvc,ICHvc/03,CA,Hm,4,,EBL,May 2 2025
Skeena,ICH,ICHvc,ICHvc/03,CA,Hw,3,,EBL,May 2 2025
Skeena,ICH,ICHvc,ICHvc/03,CA,Sx,2,,EBL,May 2 2025
Skeena,ICH,ICHvc,ICHvc/03a,CA,Ac,1,,EBL,May 2 2025
Skeena,ICH,ICHvc,ICHvc/03a,CA,Bl,1,,EBL,May 2 2025
Skeena,ICH,ICHvc,ICHvc/03a,CA,Hm,4,,EBL,May 2 2025
Skeena,ICH,ICHvc,ICHvc/03a,CA,Hw,3,,EBL,May 2 2025
Skeena,ICH,ICHvc,ICHvc/03a,CA,Sx,1,,EBL,May 2 2025
Skeena,ICH,ICHvc,ICHvc/03b,CA,Ac,3,,EBL,May 2 2025
Skeena,ICH,ICHvc,ICHvc/03b,CA,Bl,1,,EBL,May 2 2025
Skeena,ICH,ICHvc,ICHvc/03b,CA,Hm,4,,EBL,May 2 2025
Skeena,ICH,ICHvc,ICHvc/03b,CA,Hw,3,,EBL,May 2 2025
Skeena,ICH,ICHvc,ICHvc/03b,CA,Sx,2,,EBL,May 2 2025
Skeena,ICH,ICHvc,ICHvc/04,Fh,Ac,3,,EBL,May 2 2025
Skeena,ICH,ICHvc,ICHvc/04,Fh,Bl,1,,EBL,May 2 2025
Skeena,ICH,ICHvc,ICHvc/04,Fh,Hw,4,,EBL,May 2 2025
Skeena,ICH,ICHvc,ICHvc/04,Fh,Sx,2,,EBL,May 2 2025
Skeena,ICH,ICHvc,ICHvc/05,Fm,Ac,1,,EBL,May 2 2025
Skeena,ICH,ICHvc,ICHvc/05,Fm,Bl,1,,EBL,May 2 2025
Skeena,ICH,ICHvc,ICHvc/05,Fm,Sx,2,,EBL,May 2 2025
Skeena,ICH,ICHvc,ICHvc/06,CA,Ac,3,,EBL,May 2 2025
Skeena,ICH,ICHvc,ICHvc/06,CA,Bl,1,,EBL,May 2 2025
Skeena,ICH,ICHvc,ICHvc/06,CA,Sx,2,,EBL,May 2 2025
,ICH,ICHwk3,ICHwk3/01,,Ac,3,3,DS,3/26/2025
,ICH,ICHwk3,ICHwk3/01,,At,2,2,DS,3/26/2025
,ICH,ICHwk3,ICHwk3/01,,Bl,2,2,DS,3/26/2025
,ICH,ICHwk3,ICHwk3/01,,Cw,1,1,DS,3/26/2025
,ICH,ICHwk3,ICHwk3/01,,Ep,2,2,DS,3/26/2025
,ICH,ICHwk3,ICHwk3/01,,Fd,2,2,DS,3/26/2025
,ICH,ICHwk3,ICHwk3/01,,Hw,1,1,DS,3/26/2025
,ICH,ICHwk3,ICHwk3/01,,Pl,2,2,DS,3/26/2025
,ICH,ICHwk3,ICHwk3/01,,Sx,1,1,DS,3/26/2025
,ICH,ICHwk3,ICHwk3/02,,At,4,4,DS,3/26/2025
,ICH,ICHwk3,ICHwk3/02,,Bl,4,4,DS,3/26/2025
,ICH,ICHwk3,ICHwk3/02,,Cw,4,4,DS,3/26/2025
,ICH,ICHwk3,ICHwk3/02,,Ep,4,4,DS,3/26/2025
,ICH,ICHwk3,ICHwk3/02,,Fd,4,4,DS,3/26/2025
,ICH,ICHwk3,ICHwk3/02,,Hw,2,2,DS,3/26/2025
,ICH,ICHwk3,ICHwk3/02,,Pl,2,2,DS,3/26/2025
,ICH,ICHwk3,ICHwk3/02,,Sx,3,3,DS,3/26/2025
,ICH,ICHwk3,ICHwk3/03,,At,3,3,DS,3/26/2025
,ICH,ICHwk3,ICHwk3/03,,Bl,3,3,DS,3/26/2025
,ICH,ICHwk3,ICHwk3/03,,Cw,3,2,DS,3/26/2025
,ICH,ICHwk3,ICHwk3/03,,Ep,3,3,DS,3/26/2025
,ICH,ICHwk3,ICHwk3/03,,Fd,1,2,DS,3/26/2025
,ICH,ICHwk3,ICHwk3/03,,Hw,2,2,DS,3/26/2025
,ICH,ICHwk3,ICHwk3/03,,Pl,2,2,DS,3/26/2025
,ICH,ICHwk3,ICHwk3/03,,Sx,3,2,DS,3/26/2025
,ICH,ICHwk3,ICHwk3/04,,At,3,3,DS,3/26/2025
,ICH,ICHwk3,ICHwk3/04,,Bl,3,3,DS,3/26/2025
,ICH,ICHwk3,ICHwk3/04,,Cw,2,2,DS,3/26/2025
,ICH,ICHwk3,ICHwk3/04,,Ep,2,2,DS,3/26/2025
,ICH,ICHwk3,ICHwk3/04,,Fd,1,1,DS,3/26/2025
,ICH,ICHwk3,ICHwk3/04,,Hw,1,1,DS,3/26/2025
,ICH,ICHwk3,ICHwk3/04,,Pl,1,1,DS,3/26/2025
,ICH,ICHwk3,ICHwk3/04,,Sx,3,2,DS,3/26/2025
,ICH,ICHwk3,ICHwk3/05,,Ac,2,2,DS,3/26/2025
,ICH,ICHwk3,ICHwk3/05,,At,2,2,DS,3/26/2025
,ICH,ICHwk3,ICHwk3/05,,Bl,2,2,DS,3/26/2025
,ICH,ICHwk3,ICHwk3/05,,Cw,1,1,DS,3/26/2025
,ICH,ICHwk3,ICHwk3/05,,Ep,2,2,DS,3/26/2025
,ICH,ICHwk3,ICHwk3/05,,Fd,2,2,DS,3/26/2025
,ICH,ICHwk3,ICHwk3/05,,Hw,1,1,DS,3/26/2025
,ICH,ICHwk3,ICHwk3/05,,Pl,2,2,DS,3/26/2025
,ICH,ICHwk3,ICHwk3/05,,Sx,1,1,DS,3/26/2025
,ICH,ICHwk3,ICHwk3/06,,Ac,2,2,DS,3/26/2025
,ICH,ICHwk3,ICHwk3/06,,At,2,2,DS,3/26/2025
,ICH,ICHwk3,ICHwk3/06,,Bl,2,2,DS,3/26/2025
,ICH,ICHwk3,ICHwk3/06,,Cw,1,1,DS,3/26/2025
,ICH,ICHwk3,ICHwk3/06,,Ep,2,2,DS,3/26/2025
,ICH,ICHwk3,ICHwk3/06,,Hw,3,2,DS,3/26/2025
,ICH,ICHwk3,ICHwk3/06,,Pl,2,2,DS,3/26/2025
,ICH,ICHwk3,ICHwk3/06,,Sx,1,1,DS,3/26/2025
,ICH,ICHwk3,ICHwk3/07,,Ac,3,3,DS,3/26/2025
,ICH,ICHwk3,ICHwk3/07,,At,3,3,DS,3/26/2025
,ICH,ICHwk3,ICHwk3/07,,Bl,4,4,DS,3/26/2025
,ICH,ICHwk3,ICHwk3/07,,Cw,3,3,DS,3/26/2025
,ICH,ICHwk3,ICHwk3/07,,Ep,3,3,DS,3/26/2025
,ICH,ICHwk3,ICHwk3/07,,Hw,2,2,DS,3/26/2025
,ICH,ICHwk3,ICHwk3/07,,Pl,2,2,DS,3/26/2025
,ICH,ICHwk3,ICHwk3/07,,Sx,2,2,DS,3/26/2025
,ICH,ICHwk3,ICHwk3/08,,Ac,3,3,DS,3/26/2025
,ICH,ICHwk3,ICHwk3/08,,Bl,2,2,DS,3/26/2025
,ICH,ICHwk3,ICHwk3/08,,Cw,2,2,DS,3/26/2025
,ICH,ICHwk3,ICHwk3/08,,Ep,4,4,DS,3/26/2025
,ICH,ICHwk3,ICHwk3/08,,Hw,2,2,DS,3/26/2025
,ICH,ICHwk3,ICHwk3/08,,Pl,4,4,DS,3/26/2025
,ICH,ICHwk3,ICHwk3/08,,Sx,2,2,DS,3/26/2025
,ICH,ICHwk3,ICHwk3/08,,Sb,,2,DS,3/26/2025
,ICH,ICHwk3,ICHwk3/09,,Ac,4,4,DS,3/26/2025
,ICH,ICHwk3,ICHwk3/09,,Bl,2,2,DS,3/26/2025
,ICH,ICHwk3,ICHwk3/09,,Cw,4,3,DS,3/26/2025
,ICH,ICHwk3,ICHwk3/09,,Ep,4,4,DS,3/26/2025
,ICH,ICHwk3,ICHwk3/09,,Hw,4,4,DS,3/26/2025
,ICH,ICHwk3,ICHwk3/09,,Pl,3,3,DS,3/26/2025
,ICH,ICHwk3,ICHwk3/09,,Sb,3,5,DS,3/26/2025
,ICH,ICHwk3,ICHwk3/09,,Sx,4,3,DS,3/26/2025
,SBS,SBSdk,SBSdk/01,,At,1,1,DS & EBL,3/24/2025
,SBS,SBSdk,SBSdk/01,,Ep,2,2,DS & EBL,3/24/2025
,SBS,SBSdk,SBSdk/01,,Fd,3,3,DS & EBL,3/24/2025
,SBS,SBSdk,SBSdk/01,,Pl,1,1,DS & EBL,3/24/2025
,SBS,SBSdk,SBSdk/01,,Sx,1,1,DS & EBL,3/24/2025
,SBS,SBSdk,SBSdk/01a,,At,1,,EBL,45779
,SBS,SBSdk,SBSdk/01a,,Ep,2,,EBL,45779
,SBS,SBSdk,SBSdk/01a,,Fd,3,,EBL,45779
,SBS,SBSdk,SBSdk/01a,,Pl,1,,EBL,45779
,SBS,SBSdk,SBSdk/01a,,Sx,1,,EBL,45779
,SBS,SBSdk,SBSdk/01b,,At,1,,EBL,45779
,SBS,SBSdk,SBSdk/01b,,Ep,2,,EBL,45779
,SBS,SBSdk,SBSdk/01b,,Fd,3,,EBL,45779
,SBS,SBSdk,SBSdk/01b,,Pl,1,,EBL,45779
,SBS,SBSdk,SBSdk/01b,,Sx,1,,EBL,45779
,SBS,SBSdk,SBSdk/02,,At,3,3,DS,3/24/2025
,SBS,SBSdk,SBSdk/02,,Ep,3,3,DS,3/24/2025
,SBS,SBSdk,SBSdk/02,,Fd,4,4,DS,3/24/2025
,SBS,SBSdk,SBSdk/02,,Pl,2,2,DS,3/24/2025
,SBS,SBSdk,SBSdk/02,,Sx,3,3,DS,3/24/2025
,SBS,SBSdk,SBSdk/03,,At,3,3,DS,3/24/2025
,SBS,SBSdk,SBSdk/03,,Ep,3,3,DS,3/24/2025
,SBS,SBSdk,SBSdk/03,,Fd,3,3,DS,3/24/2025
,SBS,SBSdk,SBSdk/03,,Pl,2,2,DS,3/24/2025
,SBS,SBSdk,SBSdk/03,,Sb,3,3,DS,3/24/2025
,SBS,SBSdk,SBSdk/03,,Sx,3,3,DS,3/24/2025
,SBS,SBSdk,SBSdk/04,IN,At,3,3,DS,3/24/2025
,SBS,SBSdk,SBSdk/04,IN,Ep,3,3,DS,3/24/2025
,SBS,SBSdk,SBSdk/04,IN,Fd,2,1,DS,3/24/2025
,SBS,SBSdk,SBSdk/04,IN,Pl,1,1,DS,3/24/2025
,SBS,SBSdk,SBSdk/04,IN,Sx,2,2,DS,3/24/2025
,SBS,SBSdk,SBSdk/05,,At,3,2,DS,3/24/2025
,SBS,SBSdk,SBSdk/05,,Ep,3,3,DS,3/24/2025
,SBS,SBSdk,SBSdk/05,,Fd,3,3,DS,3/24/2025
,SBS,SBSdk,SBSdk/05,,Pl,1,1,DS,3/24/2025
,SBS,SBSdk,SBSdk/05,,Sx,1,1,DS,3/24/2025
,SBS,SBSdk,SBSdk/06,,Ac,2,3,DS,3/24/2025
,SBS,SBSdk,SBSdk/06,,At,2,2,DS,3/24/2025
,SBS,SBSdk,SBSdk/06,,Ep,2,2,DS,3/24/2025
,SBS,SBSdk,SBSdk/06,,Fd,3,2,DS,3/24/2025
,SBS,SBSdk,SBSdk/06,,Fd,3,2,DS,3/24/2025
,SBS,SBSdk,SBSdk/06,,Pl,1,1,DS,3/24/2025
,SBS,SBSdk,SBSdk/06,,Sx,1,1,DS,3/24/2025
,SBS,SBSdk,SBSdk/07,,Ac,2,2,DS,3/24/2025
,SBS,SBSdk,SBSdk/07,,At,2,2,DS,3/24/2025
,SBS,SBSdk,SBSdk/07,,Ep,2,2,DS,3/24/2025
,SBS,SBSdk,SBSdk/07,,Pl,2,2,DS,3/24/2025
,SBS,SBSdk,SBSdk/07,,Sx,1,1,DS,3/24/2025
,SBS,SBSdk,SBSdk/07a,Fh,Ac,2,,EBL,May 2 2024
,SBS,SBSdk,SBSdk/07a,Fh,At,2,,EBL,May 2 2024
,SBS,SBSdk,SBSdk/07a,Fh,Ep,2,,EBL,May 2 2024
,SBS,SBSdk,SBSdk/07a,Fh,Pl,2,,EBL,May 2 2024
,SBS,SBSdk,SBSdk/07a,Fh,Sx,1,,EBL,May 2 2024
,SBS,SBSdk,SBSdk/07b,,Ac,2,,EBL,May 2 2024
,SBS,SBSdk,SBSdk/07b,,At,2,,EBL,May 2 2024
,SBS,SBSdk,SBSdk/07b,,Ep,2,,EBL,May 2 2024
,SBS,SBSdk,SBSdk/07b,,Pl,2,,EBL,May 2 2024
,SBS,SBSdk,SBSdk/07b,,Sx,1,2,EBL,May 2 2024
,SBS,SBSdk,SBSdk/08,Fm,Ac,1,1,DS,3/24/2025
,SBS,SBSdk,SBSdk/08,Fm,At,3,3,DS,3/24/2025
,SBS,SBSdk,SBSdk/08,Fm,Ep,3,3,DS,3/24/2025
,SBS,SBSdk,SBSdk/08,Fm,Pl,2,2,DS,3/24/2025
,SBS,SBSdk,SBSdk/08,Fm,Pl,2,2,DS,3/24/2025
,SBS,SBSdk,SBSdk/08,Fm,Sx,1,2,DS,3/24/2025
,SBS,SBSdk,SBSdk/09,CA,Pl,2,2,DS,3/24/2025
,SBS,SBSdk,SBSdk/09,CA,Sb,2,2,DS,3/24/2025
,SBS,SBSdk,SBSdk/09,CA,Sx,3,3,DS,3/24/2025
,SBS,SBSdk,SBSdk/10,CA,Ac,4,4,DS,3/24/2025
,SBS,SBSdk,SBSdk/10,CA,Pl,3,3,DS,3/24/2025
,SBS,SBSdk,SBSdk/10,CA,Sb,2,2,DS,3/24/2025
,SBS,SBSdk,SBSdk/10,CA,Sx,3,3,DS,3/24/2025
,SBS,SBSmc2,SBSmc2/01,,At,2,,EBL,May 2 2025
,SBS,SBSmc2,SBSmc2/01,,Bl,1,,EBL,May 2 2025
,SBS,SBSmc2,SBSmc2/01,,Bl,1,,EBL,May 2 2025
,SBS,SBSmc2,SBSmc2/01,,Pl,1,,EBL,May 2 2025
,SBS,SBSmc2,SBSmc2/01,,Sx,1,,EBL,May 2 2025
,SBS,SBSmc2,SBSmc2/01a,,Ac,4,,EBL,May 2 2025
,SBS,SBSmc2,SBSmc2/01a,,At,2,,EBL,May 2 2025
,SBS,SBSmc2,SBSmc2/01a,,Bl,1,,EBL,May 2 2025
,SBS,SBSmc2,SBSmc2/01a,,Pl,1,,EBL,May 2 2025
,SBS,SBSmc2,SBSmc2/01a,,Sx,1,,EBL,May 2 2025
,SBS,SBSmc2,SBSmc2/01b,,At,2,,EBL,May 2 2025
,SBS,SBSmc2,SBSmc2/01b,,Bl,1,,EBL,May 2 2025
,SBS,SBSmc2,SBSmc2/01b,,Pl,1,,EBL,May 2 2025
,SBS,SBSmc2,SBSmc2/01b,,Sx,1,,EBL,May 2 2025
,SBS,SBSmc2,SBSmc2/01c,,At,2,,EBL,May 2 2025
,SBS,SBSmc2,SBSmc2/01c,,Bl,1,2,EBL,May 2 2025
,SBS,SBSmc2,SBSmc2/01c,,Pl,1,,EBL,May 2 2025
,SBS,SBSmc2,SBSmc2/01c,,Sx,1,2,EBL,May 2 2025
,SBS,SBSmc2,SBSmc2/02,,At,3,,EBL,May 2 2025
,SBS,SBSmc2,SBSmc2/02,,Bl,3,,EBL,May 2 2025
,SBS,SBSmc2,SBSmc2/02,,Pl,2,,EBL,May 2 2025
,SBS,SBSmc2,SBSmc2/02,,Sx,3,,EBL,May 2 2025
,SBS,SBSmc2,SBSmc2/02a,,At,3,,EBL,May 2 2025
,SBS,SBSmc2,SBSmc2/02a,,Bl,3,,EBL,May 2 2025
,SBS,SBSmc2,SBSmc2/02a,,Pl,2,,EBL,May 2 2025
,SBS,SBSmc2,SBSmc2/02a,,Sx,3,,EBL,May 2 2025
,SBS,SBSmc2,SBSmc2/02b,,At,3,,EBL,May 2 2025
,SBS,SBSmc2,SBSmc2/02b,,Bl,3,,EBL,May 2 2025
,SBS,SBSmc2,SBSmc2/02b,,Pl,2,,EBL,May 2 2025
,SBS,SBSmc2,SBSmc2/02b,,Sx,3,,EBL,May 2 2025
,SBS,SBSmc2,SBSmc2/03,CA,At,3,,EBL,May 2 2025
,SBS,SBSmc2,SBSmc2/03,CA,Bl,2,,EBL,May 2 2025
,SBS,SBSmc2,SBSmc2/03,CA,Pl,2,,EBL,May 2 2025
,SBS,SBSmc2,SBSmc2/03,CA,Sb,2,,EBL,May 2 2025
,SBS,SBSmc2,SBSmc2/03,CA,Sx,2,,EBL,May 2 2025
,SBS,SBSmc2,SBSmc2/04,CA,Ac,4,,EBL,May 2 2025
,SBS,SBSmc2,SBSmc2/04,CA,At,2,,EBL,May 2 2025
,SBS,SBSmc2,SBSmc2/05,,Ac,3,2,EBL,May 2 2025
,SBS,SBSmc2,SBSmc2/05,,At,2,1,EBL,May 2 2025
,SBS,SBSmc2,SBSmc2/05,,Bl,1,,EBL,May 2 2025
,SBS,SBSmc2,SBSmc2/05,,Pl,1,,EBL,May 2 2025
,SBS,SBSmc2,SBSmc2/05,,Sx,1,,EBL,May 2 2025
,SBS,SBSmc2,SBSmc2/05,,Sx,1,,EBL,May 2 2025
,SBS,SBSmc2,SBSmc2/06,,Ac,3,,EBL,May 2 2025
,SBS,SBSmc2,SBSmc2/06,,At,2,,EBL,May 2 2025
,SBS,SBSmc2,SBSmc2/06,,Bl,1,,EBL,May 2 2025
,SBS,SBSmc2,SBSmc2/06,,Bl,1,,EBL,May 2 2025
,SBS,SBSmc2,SBSmc2/06,,Pl,1,,EBL,May 2 2025
,SBS,SBSmc2,SBSmc2/06,,Sx,1,,EBL,May 2 2025
,SBS,SBSmc2,SBSmc2/06,,Sx,1,,EBL,May 2 2025
,SBS,SBSmc2,SBSmc2/07,CA,At,3,,EBL,May 2 2025
,SBS,SBSmc2,SBSmc2/07,CA,Bl,3,2,EBL,May 2 2025
,SBS,SBSmc2,SBSmc2/07,CA,Pl,3,,EBL,May 2 2025
,SBS,SBSmc2,SBSmc2/07,CA,Sb,2,,EBL,May 2 2025
,SBS,SBSmc2,SBSmc2/07,CA,Sx,3,,EBL,May 2 2025
,SBS,SBSmc2,SBSmc2/08,CA,Ac,3,,EBL,May 2 2025
,SBS,SBSmc2,SBSmc2/08,CA,Bl,2,,EBL,May 2 2025
,SBS,SBSmc2,SBSmc2/08,CA,Bl,2,,EBL,May 2 2025
,SBS,SBSmc2,SBSmc2/08,CA,Pl,2,,EBL,May 2 2025
,SBS,SBSmc2,SBSmc2/08,CA,Pl,2,,EBL,May 2 2025
,SBS,SBSmc2,SBSmc2/08,CA,Sx,1,,EBL,May 2 2025
,SBS,SBSmc2,SBSmc2/09,,Ac,3,,EBL,May 2 2025
,SBS,SBSmc2,SBSmc2/09,,At,2,,EBL,May 2 2025
,SBS,SBSmc2,SBSmc2/09,,Bl,1,,EBL,May 2 2025
,SBS,SBSmc2,SBSmc2/09,,Pl,2,,EBL,May 2 2025
,SBS,SBSmc2,SBSmc2/09,,Sx,1,,EBL,May 2 2025
,SBS,SBSmc2,SBSmc2/09a,,Ac,3,,EBL,May 2 2025
,SBS,SBSmc2,SBSmc2/09a,,At,2,,EBL,May 2 2025
,SBS,SBSmc2,SBSmc2/09a,,Bl,1,,EBL,May 2 2025
,SBS,SBSmc2,SBSmc2/09a,,Pl,2,,EBL,May 2 2025
,SBS,SBSmc2,SBSmc2/09a,,Sx,1,,EBL,May 2 2025
,SBS,SBSmc2,SBSmc2/09b,,Ac,3,,EBL,May 2 2025
,SBS,SBSmc2,SBSmc2/09b,,At,2,,EBL,May 2 2025
,SBS,SBSmc2,SBSmc2/09b,,Bl,1,,EBL,May 2 2025
,SBS,SBSmc2,SBSmc2/09b,,Pl,2,,EBL,May 2 2025
,SBS,SBSmc2,SBSmc2/09b,,Sx,1,,EBL,May 2 2025
,SBS,SBSmc2,SBSmc2/10,,Ac,2,3,EBL,May 2 2025
,SBS,SBSmc2,SBSmc2/10,,At,3,,EBL,May 2 2025
,SBS,SBSmc2,SBSmc2/10,,Bl,1,,EBL,May 2 2025
,SBS,SBSmc2,SBSmc2/10,,Bl,1,,EBL,May 2 2025
,SBS,SBSmc2,SBSmc2/10,,Pl,2,,EBL,May 2 2025
,SBS,SBSmc2,SBSmc2/10,,Sx,1,,EBL,May 2 2025
,SBS,SBSmc2,SBSmc2/10a,,Ac,4,3,EBL,May 2 2025
,SBS,SBSmc2,SBSmc2/10a,,At,4,,EBL,May 2 2025
,SBS,SBSmc2,SBSmc2/10a,,Bl,1,,EBL,May 2 2025
,SBS,SBSmc2,SBSmc2/10a,,Pl,2,,EBL,May 2 2025
,SBS,SBSmc2,SBSmc2/10a,,Sx,1,,EBL,May 2 2025
,SBS,SBSmc2,SBSmc2/10b,,Ac,4,,EBL,May 2 2025
,SBS,SBSmc2,SBSmc2/10b,,Bl,1,2,EBL,May 2 2025
,SBS,SBSmc2,SBSmc2/10b,,Pl,2,3,EBL,May 2 2025
,SBS,SBSmc2,SBSmc2/10b,,Sx,1,2,EBL,May 2 2025
,SBS,SBSmc2,SBSmc2/11,,Ac,2,,EBL,May 2 2025
,SBS,SBSmc2,SBSmc2/12,CA,Ac,4,3,EBL,May 2 2025
,SBS,SBSmc2,SBSmc2/12,CA,Bl,4,,EBL,May 2 2025
,SBS,SBSmc2,SBSmc2/12,CA,Pl,3,,EBL,May 2 2025
,SBS,SBSmc2,SBSmc2/12,CA,Sb,3,,EBL,May 2 2025
,SBS,SBSmc2,SBSmc2/12,CA,Sx,3,,EBL,May 2 2025
,SBS,SBSvk,SBSvk/01,,Ac,3,3,DS,3/24/2025
,SBS,SBSvk,SBSvk/01,,At,3,3,DS,3/24/2025
,SBS,SBSvk,SBSvk/01,,Bl,1,1,DS,3/24/2025
,SBS,SBSvk,SBSvk/01,,Ep,3,3,DS,3/24/2025
,SBS,SBSvk,SBSvk/01,,Fd,3,3,DS,3/24/2025
,SBS,SBSvk,SBSvk/01,,Pl,3,3,DS,3/24/2025
,SBS,SBSvk,SBSvk/01,,Sx,1,1,DS,3/24/2025
,SBS,SBSvk,SBSvk/02,,At,3,3,DS,3/24/2025
,SBS,SBSvk,SBSvk/02,,Bl,3,3,DS,3/24/2025
,SBS,SBSvk,SBSvk/02,,Ep,4,4,DS,3/24/2025
,SBS,SBSvk,SBSvk/02,,Fd,4,4,DS,3/24/2025
,SBS,SBSvk,SBSvk/02,,Pl,2,1,DS,3/24/2025
,SBS,SBSvk,SBSvk/02,,Sx,3,2,DS,3/24/2025
,SBS,SBSvk,SBSvk/03,IN,At,3,3,DS,3/24/2025
,SBS,SBSvk,SBSvk/03,IN,Bl,2,2,DS,3/24/2025
,SBS,SBSvk,SBSvk/03,IN,Ep,3,3,DS,3/24/2025
,SBS,SBSvk,SBSvk/03,IN,Fd,2,1,DS,3/24/2025
,SBS,SBSvk,SBSvk/03,IN,Pl,2,2,DS,3/24/2025
,SBS,SBSvk,SBSvk/03,IN,Sx,2,1,DS,3/24/2025
,SBS,SBSvk,SBSvk/04,,Ac,3,3,DS,3/24/2025
,SBS,SBSvk,SBSvk/04,,At,3,3,DS,3/24/2025
,SBS,SBSvk,SBSvk/04,,Bl,2,2,DS,3/24/2025
,SBS,SBSvk,SBSvk/04,,Ep,3,3,DS,3/24/2025
,SBS,SBSvk,SBSvk/04,,Fd,3,3,DS,3/24/2025
,SBS,SBSvk,SBSvk/04,,Pl,2,2,DS,3/24/2025
,SBS,SBSvk,SBSvk/04,,Sx,1,1,DS,3/24/2025
,SBS,SBSvk,SBSvk/05,,Ac,3,3,DS,3/24/2025
,SBS,SBSvk,SBSvk/05,,At,3,3,DS,3/24/2025
,SBS,SBSvk,SBSvk/05,,Bl,1,1,DS,3/24/2025
,SBS,SBSvk,SBSvk/05,,Ep,4,4,DS,3/24/2025
,SBS,SBSvk,SBSvk/05,,Pl,3,3,DS,3/24/2025
,SBS,SBSvk,SBSvk/05,,Sx,1,1,DS,3/24/2025
,SBS,SBSvk,SBSvk/06,,Ac,3,3,DS,3/24/2025
,SBS,SBSvk,SBSvk/06,,At,3,3,DS,3/24/2025
,SBS,SBSvk,SBSvk/06,,Bl,1,1,DS,3/24/2025
,SBS,SBSvk,SBSvk/06,,Pl,3,3,DS,3/24/2025
,SBS,SBSvk,SBSvk/06,,Sx,1,1,DS,3/24/2025
,SBS,SBSvk,SBSvk/07,,Ac,3,2,DS,3/24/2025
,SBS,SBSvk,SBSvk/07,,Bl,1,1,DS,3/24/2025
,SBS,SBSvk,SBSvk/07,,Pl,3,3,DS,3/24/2025
,SBS,SBSvk,SBSvk/07,,Sx,1,1,DS,3/24/2025
,SBS,SBSvk,SBSvk/08,CA,Bl,4,4,DS,3/24/2025
,SBS,SBSvk,SBSvk/08,CA,Pl,3,3,DS,3/24/2025
,SBS,SBSvk,SBSvk/08,CA,Sb,3,3,DS,3/24/2025
,SBS,SBSvk,SBSvk/08,CA,Sx,3,3,DS,3/24/2025
,SBS,SBSvk,SBSvk/09,,At,4,4,DS,3/24/2025
,SBS,SBSvk,SBSvk/09,,Bl,3,3,DS,3/24/2025
,SBS,SBSvk,SBSvk/09,,Ep,4,4,DS,3/24/2025
,SBS,SBSvk,SBSvk/09,,Fd,4,4,DS,3/24/2025
,SBS,SBSvk,SBSvk/09,,Pl,1,1,DS,3/24/2025
,SBS,SBSvk,SBSvk/09,,Sx,3,3,DS,3/24/2025
,SBS,SBSvk,SBSvk/10,,Ac,4,4,DS,3/24/2025
,SBS,SBSvk,SBSvk/10,,Bl,1,1,DS,3/24/2025
,SBS,SBSvk,SBSvk/10,,Pl,4,4,DS,3/24/2025
,SBS,SBSvk,SBSvk/10,,Sx,1,1,DS,3/24/2025
,SBS,SBSwk2,SBSwk2/01,,Ac,3,3,DS,3/24/2025
,SBS,SBSwk2,SBSwk2/01,,At,3,2,DS,3/24/2025
,SBS,SBSwk2,SBSwk2/01,,Bl,1,1,DS,3/24/2025
,SBS,SBSwk2,SBSwk2/01,,Ep,2,2,DS,3/24/2025
,SBS,SBSwk2,SBSwk2/01,,Pl,1,1,DS,3/24/2025
,SBS,SBSwk2,SBSwk2/01,,Sx,1,1,DS,3/24/2025
,SBS,SBSwk2,SBSwk2/02,,At,4,4,DS,3/24/2025
,SBS,SBSwk2,SBSwk2/02,,Bl,3,3,DS,3/24/2025
,SBS,SBSwk2,SBSwk2/02,,Pl,2,2,DS,3/24/2025
,SBS,SBSwk2,SBSwk2/02,,Sx,3,3,DS,3/24/2025
,SBS,SBSwk2,SBSwk2/03,,At,3,3,DS,3/24/2025
,SBS,SBSwk2,SBSwk2/03,,Bl,2,2,DS,3/24/2025
,SBS,SBSwk2,SBSwk2/03,,Ep,2,3,DS,3/24/2025
,SBS,SBSwk2,SBSwk2/03,,Pl,1,1,DS,3/24/2025
,SBS,SBSwk2,SBSwk2/03,,Sx,1,1,DS,3/24/2025
,SBS,SBSwk2,SBSwk2/03,,Sx,1,1,DS,3/24/2025
,SBS,SBSwk2,SBSwk2/04,CA,At,3,3,DS,3/24/2025
,SBS,SBSwk2,SBSwk2/04,CA,Bl,4,3,DS,3/24/2025
,SBS,SBSwk2,SBSwk2/04,CA,Pl,1,1,DS,3/24/2025
,SBS,SBSwk2,SBSwk2/04,CA,Sb,1,2,DS,3/24/2025
,SBS,SBSwk2,SBSwk2/04,CA,Sx,3,2,DS,3/24/2025
,SBS,SBSwk2,SBSwk2/04,CA,Sx,3,2,DS,3/24/2025
,SBS,SBSwk2,SBSwk2/05,,Ac,3,3,DS,3/24/2025
,SBS,SBSwk2,SBSwk2/05,,At,3,2,DS,3/24/2025
,SBS,SBSwk2,SBSwk2/05,,Bl,1,1,DS,3/24/2025
,SBS,SBSwk2,SBSwk2/05,,Ep,2,2,DS,3/24/2025
,SBS,SBSwk2,SBSwk2/05,,Pl,2,2,DS,3/24/2025
,SBS,SBSwk2,SBSwk2/05,,Sx,1,1,DS,3/24/2025
,SBS,SBSwk2,SBSwk2/06,,Ac,3,2,DS,3/24/2025
,SBS,SBSwk2,SBSwk2/06,,At,3,2,DS,3/24/2025
,SBS,SBSwk2,SBSwk2/06,,Bl,1,2,DS,3/24/2025
,SBS,SBSwk2,SBSwk2/06,,Pl,2,2,DS,3/24/2025
,SBS,SBSwk2,SBSwk2/06,,Sx,1,1,DS,3/24/2025
,SBS,SBSwk2,SBSwk2/06,,Sx,1,1,DS,3/24/2025
,SBS,SBSwk3,SBSwk3/01,,Ac,3,3,DS,3/24/2025
,SBS,SBSwk3,SBSwk3/01,,At,2,2,DS,3/24/2025
,SBS,SBSwk3,SBSwk3/01,,Bl,1,1,DS,3/24/2025
,SBS,SBSwk3,SBSwk3/01,,Ep,2,2,DS,3/24/2025
,SBS,SBSwk3,SBSwk3/01,,Pl,1,1,DS,3/24/2025
,SBS,SBSwk3,SBSwk3/01,,Sx,1,1,DS,3/24/2025
,SBS,SBSwk3,SBSwk3/01,,Sx,1,1,DS,3/24/2025
,SBS,SBSwk3,SBSwk3/02,,At,4,4,DS,3/24/2025
,SBS,SBSwk3,SBSwk3/02,,Bl,3,3,DS,3/24/2025
,SBS,SBSwk3,SBSwk3/02,,Ep,4,4,DS,3/24/2025
,SBS,SBSwk3,SBSwk3/02,,Pl,2,2,DS,3/24/2025
,SBS,SBSwk3,SBSwk3/02,,Sx,3,3,DS,3/24/2025
,SBS,SBSwk3,SBSwk3/02,,Sx,3,3,DS,3/24/2025
,SBS,SBSwk3,SBSwk3/03,,At,3,3,DS,3/24/2025
,SBS,SBSwk3,SBSwk3/03,,Bl,4,4,DS,3/24/2025
,SBS,SBSwk3,SBSwk3/03,,Ep,2,2,DS,3/24/2025
,SBS,SBSwk3,SBSwk3/03,,Fd,2,1,DS,3/24/2025
,SBS,SBSwk3,SBSwk3/03,,Pl,1,1,DS,3/24/2025
,SBS,SBSwk3,SBSwk3/03,,Sx,2,2,DS,3/24/2025
,SBS,SBSwk3,SBSwk3/03,,Sx,2,2,DS,3/24/2025
,SBS,SBSwk3,SBSwk3/04,,At,2,2,DS,3/24/2025
,SBS,SBSwk3,SBSwk3/04,,Bl,2,2,DS,3/24/2025
,SBS,SBSwk3,SBSwk3/04,,Ep,2,2,DS,3/24/2025
,SBS,SBSwk3,SBSwk3/04,,Pl,1,1,DS,3/24/2025
,SBS,SBSwk3,SBSwk3/04,,Sx,1,1,DS,3/24/2025
,SBS,SBSwk3,SBSwk3/04,,Sx,1,1,DS,3/24/2025
,SBS,SBSwk3,SBSwk3/05,CA,At,3,3,DS,3/24/2025
,SBS,SBSwk3,SBSwk3/05,CA,Bl,4,4,DS,3/24/2025
,SBS,SBSwk3,SBSwk3/05,CA,Pl,1,2,DS,3/24/2025
,SBS,SBSwk3,SBSwk3/05,CA,Sb,2,2,DS,3/24/2025
,SBS,SBSwk3,SBSwk3/05,CA,Sx,3,3,DS,3/24/2025
,SBS,SBSwk3,SBSwk3/05,CA,Sx,3,3,DS,3/24/2025
,SBS,SBSwk3,SBSwk3/06,,Ac,3,3,DS,3/24/2025
,SBS,SBSwk3,SBSwk3/06,,At,2,2,DS,3/24/2025
,SBS,SBSwk3,SBSwk3/06,,Bl,1,1,DS,3/24/2025
,SBS,SBSwk3,SBSwk3/06,,Ep,3,2,DS,3/24/2025
,SBS,SBSwk3,SBSwk3/06,,Pl,1,1,DS,3/24/2025
,SBS,SBSwk3,SBSwk3/06,,Sx,1,1,DS,3/24/2025
,SBS,SBSwk3,SBSwk3/06,,Sx,1,1,DS,3/24/2025
,SBS,SBSwk3,SBSwk3/07,,Ac,3,3,DS,3/24/2025
,SBS,SBSwk3,SBSwk3/07,,At,2,2,DS,3/24/2025
,SBS,SBSwk3,SBSwk3/07,,Bl,1,1,DS,3/24/2025
,SBS,SBSwk3,SBSwk3/07,,Bl,1,1,DS,3/24/2025
,SBS,SBSwk3,SBSwk3/07,,Ep,3,2,DS,3/24/2025
,SBS,SBSwk3,SBSwk3/07,,Pl,2,2,DS,3/24/2025
,SBS,SBSwk3,SBSwk3/07,,Sx,1,1,DS,3/24/2025
,SBS,SBSwk3,SBSwk3/07,,Sx,1,1,DS,3/24/2025
,SBS,SBSwk3,SBSwk3/08,,Ac,2,2,DS,3/24/2025
,SBS,SBSwk3,SBSwk3/08,,At,3,3,DS,3/24/2025
,SBS,SBSwk3,SBSwk3/08,,Bl,2,2,DS,3/24/2025
,SBS,SBSwk3,SBSwk3/08,,Bl,2,2,DS,3/24/2025
,SBS,SBSwk3,SBSwk3/08,,Pl,2,2,DS,3/24/2025
,SBS,SBSwk3,SBSwk3/08,,Sx,1,1,DS,3/24/2025
,SBS,SBSwk3,SBSwk3/08,,Sx,1,1,DS,3/24/2025
,SBS,SBSwk3a,SBSwk3a/01,,Ac,3,3,DS,3/24/2025
,SBS,SBSwk3a,SBSwk3a/01,,At,2,2,DS,3/24/2025
,SBS,SBSwk3a,SBSwk3a/01,,Bl,1,1,DS,3/24/2025
,SBS,SBSwk3a,SBSwk3a/01,,Ep,2,2,DS,3/24/2025
,SBS,SBSwk3a,SBSwk3a/01,,Fd,2,2,DS,3/24/2025
,SBS,SBSwk3a,SBSwk3a/01,,Pl,1,1,DS,3/24/2025
,SBS,SBSwk3a,SBSwk3a/01,,Sx,1,1,DS,3/24/2025
,SBS,SBSwk3a,SBSwk3a/02,,At,4,4,DS,3/24/2025
,SBS,SBSwk3a,SBSwk3a/02,,Bl,3,3,DS,3/24/2025
,SBS,SBSwk3a,SBSwk3a/02,,Ep,4,4,DS,3/24/2025
,SBS,SBSwk3a,SBSwk3a/02,,Fd,4,4,DS,3/24/2025
,SBS,SBSwk3a,SBSwk3a/02,,Pl,2,2,DS,3/24/2025
,SBS,SBSwk3a,SBSwk3a/02,,Sx,3,3,DS,3/24/2025
,SBS,SBSwk3a,SBSwk3a/03,,At,3,3,DS,3/24/2025
,SBS,SBSwk3a,SBSwk3a/03,,Bl,4,4,DS,3/24/2025
,SBS,SBSwk3a,SBSwk3a/03,,Ep,2,2,DS,3/24/2025
,SBS,SBSwk3a,SBSwk3a/03,,Fd,2,1,DS,3/24/2025
,SBS,SBSwk3a,SBSwk3a/03,,Pl,1,1,DS,3/24/2025
,SBS,SBSwk3a,SBSwk3a/03,,Sx,2,2,DS,3/24/2025
,SBS,SBSwk3a,SBSwk3a/04,,At,2,2,DS,3/24/2025
,SBS,SBSwk3a,SBSwk3a/04,,Bl,2,2,DS,3/24/2025
,SBS,SBSwk3a,SBSwk3a/04,,Ep,2,2,DS,3/24/2025
,SBS,SBSwk3a,SBSwk3a/04,,Fd,2,2,DS,3/24/2025
,SBS,SBSwk3a,SBSwk3a/04,,Pl,1,1,DS,3/24/2025
,SBS,SBSwk3a,SBSwk3a/04,,Sx,1,1,DS,3/24/2025
,SBS,SBSwk3a,SBSwk3a/05,CA,At,3,3,DS,3/24/2025
,SBS,SBSwk3a,SBSwk3a/05,CA,Bl,4,4,DS,3/24/2025
,SBS,SBSwk3a,SBSwk3a/05,CA,Ep,4,4,DS,3/24/2025
,SBS,SBSwk3a,SBSwk3a/05,CA,Pl,1,1,DS,3/24/2025
,SBS,SBSwk3a,SBSwk3a/05,CA,Sb,1,1,DS,3/24/2025
,SBS,SBSwk3a,SBSwk3a/05,CA,Sx,3,3,DS,3/24/2025
,SBS,SBSwk3a,SBSwk3a/06,,Ac,3,3,DS,3/24/2025
,SBS,SBSwk3a,SBSwk3a/06,,At,2,2,DS,3/24/2025
,SBS,SBSwk3a,SBSwk3a/06,,Bl,1,1,DS,3/24/2025
,SBS,SBSwk3a,SBSwk3a/06,,Ep,3,2,DS,3/24/2025
,SBS,SBSwk3a,SBSwk3a/06,,Pl,1,2,DS,3/24/2025
,SBS,SBSwk3a,SBSwk3a/06,,Sx,1,1,DS,3/24/2025
,SBS,SBSwk3a,SBSwk3a/07,,Ac,3,3,DS,3/24/2025
,SBS,SBSwk3a,SBSwk3a/07,,At,2,2,DS,3/24/2025
,SBS,SBSwk3a,SBSwk3a/07,,Bl,1,1,DS,3/24/2025
,SBS,SBSwk3a,SBSwk3a/07,,Ep,3,2,DS,3/24/2025
,SBS,SBSwk3a,SBSwk3a/07,,Fd,2,2,DS,3/24/2025
,SBS,SBSwk3a,SBSwk3a/07,,Pl,2,2,DS,3/24/2025
,SBS,SBSwk3a,SBSwk3a/07,,Sx,1,1,DS,3/24/2025
,SBS,SBSwk3a,SBSwk3a/08,Fh,Ac,2,2,DS,3/24/2025
,SBS,SBSwk3a,SBSwk3a/08,Fh,At,3,3,DS,3/24/2025
,SBS,SBSwk3a,SBSwk3a/08,Fh,Bl,2,2,DS,3/24/2025
,SBS,SBSwk3a,SBSwk3a/08,Fh,Ep,4,4,DS,3/24/2025
,SBS,SBSwk3a,SBSwk3a/08,Fh,Pl,2,2,DS,3/24/2025
,SBS,SBSwk3a,SBSwk3a/08,Fh,Sx,1,1,DS,3/24/2025
