bgc,ss_nospace,spp,newsuit,mod,outrange
BGxh1,BGxh1/102,Py,3,MR,FALSE
BGxh1,BGxh1/102,Fd,5,MR,FALSE
BGxh1,BGxh1/103,Py,2,MR,FALSE
BGxh1,BGxh1/103,Fd,3,MR,FALSE
BGxh1,BGxh1/110,Py,2,MR,FALSE
BGxh1,BGxh1/110,Fd,3,MR,FALSE
BGxh2,BGxh2/102,Py,2,MR,FALSE
BGxh2,BGxh2/102,Fd,3,MR,FALSE
BGxh2,BGxh2/110,Fd,2,MR,FALSE
BGxh2,BGxh2/110,Py,3,MR,FALSE
BGxw1,BGxw1/102,Py,3,MR,FALSE
BGxw1,BGxw1/102,Fd,4,MR,FALSE
BGxw1,BGxw1/110,Py,2,MR,FALSE
BGxw1,BGxw1/110,Fd,2,MR,FALSE
BGxw1,BGxw1/111,Fd,2,MR,FALSE
BGxw1,BGxw1/111,Py,3,MR,FALSE
ESSFdc2,ESSFdc2/101,Se,1,MR,FALSE
ESSFdc2,ESSFdc2/101,Bl,1,MR,FALSE
ESSFdc2,ESSFdc2/101,Pl,2,MR,FALSE
ESSFdc2,ESSFdc2/102,Pl,3,MR,FALSE
ESSFdc2,ESSFdc2/102,Pa,3,MR,FALSE
ESSFdc2,ESSFdc2/102,Bl,3,MR,FALSE
ESSFdc2,ESSFdc2/102,Se,3,MR,FALSE
ESSFdc2,ESSFdc2/102,Fd,3,MR,FALSE
ESSFdc2,ESSFdc2/103,Pl,1,MR,FALSE
ESSFdc2,ESSFdc2/103,Fd,2,MR,FALSE
ESSFdc2,ESSFdc2/103,Bl,2,MR,FALSE
ESSFdc2,ESSFdc2/103,Se,2,MR,FALSE
ESSFdc2,ESSFdc2/104,Pl,1,MR,FALSE
ESSFdc2,ESSFdc2/104,Bl,2,MR,FALSE
ESSFdc2,ESSFdc2/104,Se,2,MR,FALSE
ESSFdc2,ESSFdc2/110,Bl,1,MR,FALSE
ESSFdc2,ESSFdc2/110,Se,1,MR,FALSE
ESSFdc2,ESSFdc2/110,Pl,2,MR,FALSE
ESSFdc2,ESSFdc2/111,Bl,1,MR,FALSE
ESSFdc2,ESSFdc2/111,Se,1,MR,FALSE
ESSFdc2,ESSFdc2/111,Pl,2,MR,FALSE
ESSFdc2,ESSFdc2/112,Se,2,MR,FALSE
ESSFdc2,ESSFdc2/112,Bl,3,MR,FALSE
ESSFdh1,ESSFdh1/101,Bl,1,MR,FALSE
ESSFdh1,ESSFdh1/101,Sx,1,MR,FALSE
ESSFdh1,ESSFdh1/101,Pl,2,MR,FALSE
ESSFdh1,ESSFdh1/101,Ba,2,MR,FALSE
ESSFdh1,ESSFdh1/101,Pw,3,MR,FALSE
ESSFdh1,ESSFdh1/101,Cw,3,MR,FALSE
ESSFdh1,ESSFdh1/101,Hw,3,MR,FALSE
ESSFdh1,ESSFdh1/101,Fd,3,MR,FALSE
ESSFdh1,ESSFdh1/101,Lw,3,MR,TRUE
ESSFdh1,ESSFdh1/102,Fd,2,MR,FALSE
ESSFdh1,ESSFdh1/102,Pw,3,MR,FALSE
ESSFdh1,ESSFdh1/102,Pl,3,MR,FALSE
ESSFdh1,ESSFdh1/102,Sx,3,MR,FALSE
ESSFdh1,ESSFdh1/102,Bl,3,MR,FALSE
ESSFdh1,ESSFdh1/102,Pw,3,MR,FALSE
ESSFdh1,ESSFdh1/103,Pl,2,MR,FALSE
ESSFdh1,ESSFdh1/103,Fd,3,MR,FALSE
ESSFdh1,ESSFdh1/103,Bl,3,MR,FALSE
ESSFdh1,ESSFdh1/103,Pw,3,MR,FALSE
ESSFdh1,ESSFdh1/103,Sx,3,MR,FALSE
ESSFdh1,ESSFdh1/103,Lw,3,MR,TRUE
ESSFdh1,ESSFdh1/104,Fd,1,MR,FALSE
ESSFdh1,ESSFdh1/104,Pw,1,MR,FALSE
ESSFdh1,ESSFdh1/104,Bl,1,MR,FALSE
ESSFdh1,ESSFdh1/104,Pl,1,MR,FALSE
ESSFdh1,ESSFdh1/104,Sx,2,MR,FALSE
ESSFdh1,ESSFdh1/104,Ba,3,MR,FALSE
ESSFdh1,ESSFdh1/104,Cw,3,MR,FALSE
ESSFdh1,ESSFdh1/104,Hw,3,MR,FALSE
ESSFdh1,ESSFdh1/104,Lw,3,MR,TRUE
ESSFdh1,ESSFdh1/104,At,4,MR,FALSE
ESSFdh1,ESSFdh1/110,Sx,1,MR,FALSE
ESSFdh1,ESSFdh1/110,Bl,1,MR,FALSE
ESSFdh1,ESSFdh1/110,Ba,2,MR,FALSE
ESSFdh1,ESSFdh1/110,Cw,2,MR,FALSE
ESSFdh1,ESSFdh1/110,Hw,2,MR,FALSE
ESSFdh1,ESSFdh1/110,Fd,3,MR,FALSE
ESSFdh1,ESSFdh1/110,Pl,3,MR,FALSE
ESSFdh1,ESSFdh1/110,Lw,3,MR,TRUE
ESSFdh1,ESSFdh1/110,At,3,MR,FALSE
ESSFdh1,ESSFdh1/110,Ac,4,MR,FALSE
ESSFdh1,ESSFdh1/111,Sx,2,MR,FALSE
ESSFdh1,ESSFdh1/111,Bl,2,MR,FALSE
ESSFdh1,ESSFdh1/111,Pl,2,MR,FALSE
ESSFdh1,ESSFdh1/111,Hw,3,MR,FALSE
ESSFdh1,ESSFdh1/111,Cw,3,MR,FALSE
ESSFdh1,ESSFdh1/111,Ba,3,MR,FALSE
ESSFmw1,ESSFmw1/101,Se,1,MR,FALSE
ESSFmw1,ESSFmw1/101,Bl,1,MR,FALSE
ESSFmw1,ESSFmw1/101,Ba,1,MR,FALSE
ESSFmw1,ESSFmw1/101,Pl,2,MR,FALSE
ESSFmw1,ESSFmw1/101,Pw,2,MR,FALSE
ESSFmw1,ESSFmw1/101,Hm,3,MR,FALSE
ESSFmw1,ESSFmw1/101,Hw,3,MR,FALSE
ESSFmw1,ESSFmw1/101,Cw,3,MR,FALSE
ESSFmw1,ESSFmw1/101,Fd,3,MR,FALSE
ESSFmw1,ESSFmw1/102,Pl,2,MR,FALSE
ESSFmw1,ESSFmw1/102,Pa,3,MR,FALSE
ESSFmw1,ESSFmw1/102,Bl,3,MR,FALSE
ESSFmw1,ESSFmw1/102,Se,3,MR,FALSE
ESSFmw1,ESSFmw1/102,Fd,3,MR,FALSE
ESSFmw1,ESSFmw1/103,Pl,1,MR,FALSE
ESSFmw1,ESSFmw1/103,Se,1,MR,FALSE
ESSFmw1,ESSFmw1/103,Bl,1,MR,FALSE
ESSFmw1,ESSFmw1/103,Ba,3,MR,FALSE
ESSFmw1,ESSFmw1/103,Hw,3,MR,FALSE
ESSFmw1,ESSFmw1/103,Pa,3,MR,FALSE
ESSFmw1,ESSFmw1/103,Lw,3,MR,TRUE
ESSFmw1,ESSFmw1/103,Fd,3,MR,FALSE
ESSFmw1,ESSFmw1/104,Pl,1,MR,FALSE
ESSFmw1,ESSFmw1/104,Fd,2,MR,FALSE
ESSFmw1,ESSFmw1/104,Bl,2,MR,FALSE
ESSFmw1,ESSFmw1/104,Se,2,MR,FALSE
ESSFmw1,ESSFmw1/104,Lw,2,MR,TRUE
ESSFmw1,ESSFmw1/105,Se,1,MR,FALSE
ESSFmw1,ESSFmw1/105,Bl,1,MR,FALSE
ESSFmw1,ESSFmw1/105,Ba,1,MR,FALSE
ESSFmw1,ESSFmw1/105,Pl,2,MR,FALSE
ESSFmw1,ESSFmw1/105,Hm,3,MR,FALSE
ESSFmw1,ESSFmw1/105,Hw,3,MR,FALSE
ESSFmw1,ESSFmw1/105,Pw,3,MR,FALSE
ESSFmw1,ESSFmw1/105,Cw,3,MR,FALSE
ESSFmw1,ESSFmw1/105,Fd,3,MR,FALSE
ESSFmw1,ESSFmw1/110,Bl,1,MR,FALSE
ESSFmw1,ESSFmw1/110,Se,1,MR,FALSE
ESSFmw1,ESSFmw1/110,Pl,2,MR,FALSE
ESSFmw1,ESSFmw1/111,Bl,2,MR,FALSE
ESSFmw1,ESSFmw1/111,Se,2,MR,FALSE
ESSFmw1,ESSFmw1/111,Pl,2,MR,FALSE
ESSFmw1,ESSFmw1/111,Pw,3,MR,FALSE
ESSFxc1,ESSFxc1/101,Se,1,MR,FALSE
ESSFxc1,ESSFxc1/101,Bl,1,MR,FALSE
ESSFxc1,ESSFxc1/101,Pl,2,MR,FALSE
ESSFxc1,ESSFxc1/102,Pl,3,MR,FALSE
ESSFxc1,ESSFxc1/102,Pa,3,MR,FALSE
ESSFxc1,ESSFxc1/102,Bl,3,MR,FALSE
ESSFxc1,ESSFxc1/102,Sx,3,MR,FALSE
ESSFxc1,ESSFxc1/103,Pl,1,MR,FALSE
ESSFxc1,ESSFxc1/103,Fd,2,MR,FALSE
ESSFxc1,ESSFxc1/103,Lw,2,MR,TRUE
ESSFxc1,ESSFxc1/103,Pa,2,MR,FALSE
ESSFxc1,ESSFxc1/103,Se,3,MR,FALSE
ESSFxc1,ESSFxc1/103,Bl,3,MR,FALSE
ESSFxc1,ESSFxc1/104,Pl,1,MR,FALSE
ESSFxc1,ESSFxc1/104,Se,2,MR,FALSE
ESSFxc1,ESSFxc1/104,Bl,2,MR,FALSE
ESSFxc1,ESSFxc1/105,Pl,1,MR,FALSE
ESSFxc1,ESSFxc1/105,Se,1,MR,FALSE
ESSFxc1,ESSFxc1/105,Bl,2,MR,FALSE
ESSFxc1,ESSFxc1/110,Pl,1,MR,FALSE
ESSFxc1,ESSFxc1/110,Se,1,MR,FALSE
ESSFxc1,ESSFxc1/110,Bl,1,MR,FALSE
ESSFxc1,ESSFxc1/111,Pl,1,MR,FALSE
ESSFxc1,ESSFxc1/111,Se,1,MR,FALSE
ESSFxc1,ESSFxc1/111,Bl,1,MR,FALSE
ESSFxc1,ESSFxc1/112,Se,2,MR,FALSE
ESSFxc1,ESSFxc1/112,Bl,2,MR,FALSE
ESSFxc1,ESSFxc1/112,Pl,3,MR,FALSE
ESSFxc1,ESSFxc1/113,Se,2,MR,FALSE
ESSFxc1,ESSFxc1/113,Bl,2,MR,FALSE
ESSFxc1,ESSFxc1/113,Pl,3,MR,FALSE
ESSFxc2,ESSFxc2/101,Se,1,MR,FALSE
ESSFxc2,ESSFxc2/101,Bl,1,MR,FALSE
ESSFxc2,ESSFxc2/101,Pl,2,MR,FALSE
ESSFxc2,ESSFxc2/102,Pl,3,MR,FALSE
ESSFxc2,ESSFxc2/102,Bl,3,MR,FALSE
ESSFxc2,ESSFxc2/102,Fd,3,MR,FALSE
ESSFxc2,ESSFxc2/102,Lw,3,MR,TRUE
ESSFxc2,ESSFxc2/103,Bl,1,MR,FALSE
ESSFxc2,ESSFxc2/103,Se,1,MR,FALSE
ESSFxc2,ESSFxc2/103,Pl,2,MR,FALSE
ESSFxc2,ESSFxc2/110,Bl,1,MR,FALSE
ESSFxc2,ESSFxc2/110,Se,1,MR,FALSE
ESSFxc2,ESSFxc2/110,Pl,2,MR,FALSE
ESSFxc2,ESSFxc2/111,Bl,1,MR,FALSE
ESSFxc2,ESSFxc2/111,Se,1,MR,FALSE
ESSFxc2,ESSFxc2/112,Se,3,MR,FALSE
ESSFxc2,ESSFxc2/112,Bl,3,MR,FALSE
ESSFxc2,ESSFxc2/112,Pl,3,MR,FALSE
IDFdk1,IDFdk1/101,Fd,1,MR,FALSE
IDFdk1,IDFdk1/101,Lw,1,MR,TRUE
IDFdk1,IDFdk1/101,Pl,2,MR,FALSE
IDFdk1,IDFdk1/101,At,2,MR,FALSE
IDFdk1,IDFdk1/101,Sx,3,MR,FALSE
IDFdk1,IDFdk1/101,Py,4,MR,FALSE
IDFdk1,IDFdk1/102,Fd,3,MR,FALSE
IDFdk1,IDFdk1/102,Pl,3,MR,FALSE
IDFdk1,IDFdk1/102,Py,3,MR,FALSE
IDFdk1,IDFdk1/103,Fd,2,MR,FALSE
IDFdk1,IDFdk1/103,Py,2,MR,FALSE
IDFdk1,IDFdk1/103,Pl,3,MR,FALSE
IDFdk1,IDFdk1/104,Fd,1,MR,FALSE
IDFdk1,IDFdk1/104,Lw,1,MR,TRUE
IDFdk1,IDFdk1/104,Pl,2,MR,FALSE
IDFdk1,IDFdk1/104,At,3,MR,FALSE
IDFdk1,IDFdk1/104,Sx,3,MR,FALSE
IDFdk1,IDFdk1/104,Py,4,MR,FALSE
IDFdk1,IDFdk1/105,Pl,1,MR,FALSE
IDFdk1,IDFdk1/105,Fd,2,MR,FALSE
IDFdk1,IDFdk1/105,Lw,2,MR,TRUE
IDFdk1,IDFdk1/105,Sx,2,MR,FALSE
IDFdk1,IDFdk1/105,At,2,MR,FALSE
IDFdk1,IDFdk1/105,Bl,3,MR,FALSE
IDFdk1,IDFdk1/110,Sx,1,MR,FALSE
IDFdk1,IDFdk1/110,Fd,2,MR,FALSE
IDFdk1,IDFdk1/110,Lw,2,MR,TRUE
IDFdk1,IDFdk1/110,Pl,2,MR,FALSE
IDFdk1,IDFdk1/110,At,2,MR,FALSE
IDFdk1,IDFdk1/110,Bl,3,MR,FALSE
IDFdk1,IDFdk1/110,Ep,3,MR,FALSE
IDFdk1,IDFdk1/111,Sx,2,MR,FALSE
IDFdk1,IDFdk1/111,Fd,3,MR,FALSE
IDFdk1,IDFdk1/111,Pl,3,MR,FALSE
IDFdk1,IDFdk1/111,Bl,3,MR,FALSE
IDFdk1,IDFdk1/111,At,3,MR,FALSE
IDFdk1,IDFdk1/111,Ep,3,MR,FALSE
IDFdk1,IDFdk1/111,Ac,3,MR,FALSE
IDFdk2,IDFdk2/101,Fd,1,MR,FALSE
IDFdk2,IDFdk2/101,Lw,1,MR,TRUE
IDFdk2,IDFdk2/101,Pl,2,MR,FALSE
IDFdk2,IDFdk2/101,At,2,MR,FALSE
IDFdk2,IDFdk2/101,Sx,3,MR,FALSE
IDFdk2,IDFdk2/101,Py,4,MR,FALSE
IDFdk2,IDFdk2/102,Fd,3,MR,FALSE
IDFdk2,IDFdk2/102,Pl,3,MR,FALSE
IDFdk2,IDFdk2/102,Py,3,MR,FALSE
IDFdk2,IDFdk2/103,Fd,2,MR,FALSE
IDFdk2,IDFdk2/103,Py,2,MR,FALSE
IDFdk2,IDFdk2/103,Pl,3,MR,FALSE
IDFdk2,IDFdk2/104,Fd,1,MR,FALSE
IDFdk2,IDFdk2/104,Lw,1,MR,TRUE
IDFdk2,IDFdk2/104,Pl,2,MR,FALSE
IDFdk2,IDFdk2/104,At,3,MR,FALSE
IDFdk2,IDFdk2/104,Py,4,MR,FALSE
IDFdk2,IDFdk2/104,Sx,4,MR,FALSE
IDFdk2,IDFdk2/105,Pl,1,MR,FALSE
IDFdk2,IDFdk2/105,Fd,2,MR,FALSE
IDFdk2,IDFdk2/105,Lw,2,MR,TRUE
IDFdk2,IDFdk2/105,Sx,2,MR,FALSE
IDFdk2,IDFdk2/105,At,2,MR,FALSE
IDFdk2,IDFdk2/105,Bl,3,MR,FALSE
IDFdk2,IDFdk2/110,Sx,1,MR,FALSE
IDFdk2,IDFdk2/110,Fd,2,MR,FALSE
IDFdk2,IDFdk2/110,Lw,2,MR,TRUE
IDFdk2,IDFdk2/110,Pl,2,MR,FALSE
IDFdk2,IDFdk2/110,At,2,MR,FALSE
IDFdk2,IDFdk2/110,Bl,3,MR,FALSE
IDFdk2,IDFdk2/110,Ep,3,MR,FALSE
IDFdk2,IDFdk2/111,Sx,2,MR,FALSE
IDFdk2,IDFdk2/111,Fd,3,MR,FALSE
IDFdk2,IDFdk2/111,Pl,3,MR,FALSE
IDFdk2,IDFdk2/111,Bl,3,MR,FALSE
IDFdk2,IDFdk2/111,At,3,MR,FALSE
IDFdk2,IDFdk2/111,Ep,3,MR,FALSE
IDFdk2,IDFdk2/111,Ac,3,MR,FALSE
IDFxh1,IDFxh1/101,Fd,1,MR,FALSE
IDFxh1,IDFxh1/101,Py,2,MR,FALSE
IDFxh1,IDFxh1/102,Py,3,MR,FALSE
IDFxh1,IDFxh1/102,Fd,3,MR,FALSE
IDFxh1,IDFxh1/103,Py,2,MR,FALSE
IDFxh1,IDFxh1/103,Fd,2,MR,FALSE
IDFxh1,IDFxh1/104,Py,1,MR,FALSE
IDFxh1,IDFxh1/104,Fd,2,MR,FALSE
IDFxh1,IDFxh1/105,Py,1,MR,FALSE
IDFxh1,IDFxh1/105,Fd,1,MR,FALSE
IDFxh1,IDFxh1/106,Py,1,MR,FALSE
IDFxh1,IDFxh1/106,Fd,1,MR,FALSE
IDFxh1,IDFxh1/110,Fd,1,MR,FALSE
IDFxh1,IDFxh1/110,Py,3,MR,FALSE
IDFxh1,IDFxh1/110,At,3,MR,FALSE
IDFxh1,IDFxh1/110,Ep,3,MR,FALSE
IDFxh1,IDFxh1/111.1,Fd,2,MR,FALSE
IDFxh1,IDFxh1/111.1,Sx,2,MR,FALSE
IDFxh1,IDFxh1/111.1,Pl,3,MR,FALSE
IDFxh1,IDFxh1/111.1,At,3,MR,FALSE
IDFxh1,IDFxh1/111.1,Ep,3,MR,FALSE
IDFxh1,IDFxh1/111.1,Ac,3,MR,FALSE
IDFxh1,IDFxh1/111.1,Cw,4,MR,FALSE
IDFxh1,IDFxh1/111.2,Fd,2,MR,FALSE
IDFxh1,IDFxh1/111.2,Cw,2,MR,FALSE
IDFxh1,IDFxh1/111.2,Sx,3,MR,FALSE
IDFxh1,IDFxh1/111.2,At,3,MR,FALSE
IDFxh1,IDFxh1/111.2,Ep,3,MR,FALSE
IDFxh1,IDFxh1/111.2,Ac,3,MR,FALSE
IDFxh1,IDFxh1/112,Sx,3,MR,FALSE
IDFxh1,IDFxh1/112,Fd,4,MR,FALSE
IDFxh1,IDFxh1/112,Pl,4,MR,FALSE
IDFxh1,IDFxh1/112,Cw,4,MR,FALSE
IDFxh1,IDFxh1/112,Ac,4,MR,FALSE
IDFxh1,IDFxh1/112,At,4,MR,FALSE
IDFxh1,IDFxh1/112,Ep,4,MR,FALSE
IDFxh2,IDFxh2/101,Fd,1,MR,FALSE
IDFxh2,IDFxh2/101,Py,3,MR,FALSE
IDFxh2,IDFxh2/101,At,4,MR,FALSE
IDFxh2,IDFxh2/102,Py,3,MR,FALSE
IDFxh2,IDFxh2/102,Fd,3,MR,FALSE
IDFxh2,IDFxh2/103,Py,1,MR,FALSE
IDFxh2,IDFxh2/103,Fd,2,MR,FALSE
IDFxh2,IDFxh2/104,Fd,2,MR,FALSE
IDFxh2,IDFxh2/104,Py,2,MR,FALSE
IDFxh2,IDFxh2/110,Fd,1,MR,FALSE
IDFxh2,IDFxh2/110,At,3,MR,FALSE
IDFxh2,IDFxh2/111,Fd,1,MR,FALSE
IDFxh2,IDFxh2/111,At,3,MR,FALSE
IDFxh2,IDFxh2/111,Ep,3,MR,FALSE
IDFxh2,IDFxh2/112,Fd,1,MR,FALSE
IDFxh2,IDFxh2/112,Sx,2,MR,FALSE
IDFxh2,IDFxh2/112,Cw,2,MR,FALSE
IDFxh2,IDFxh2/112,Pl,3,MR,FALSE
IDFxh2,IDFxh2/112,At,3,MR,FALSE
IDFxh2,IDFxh2/112,Ep,3,MR,FALSE
IDFxh2,IDFxh2/112,Ac,3,MR,FALSE
IDFxh2,IDFxh2/113,Sx,3,MR,FALSE
IDFxh2,IDFxh2/113,Fd,4,MR,FALSE
IDFxh2,IDFxh2/113,Pl,4,MR,FALSE
IDFxh2,IDFxh2/113,Cw,4,MR,FALSE
IDFxh2,IDFxh2/113,Ac,4,MR,FALSE
IDFxh2,IDFxh2/113,At,4,MR,FALSE
IDFxh2,IDFxh2/113,Ep,4,MR,FALSE
MSdm2,MSdm2/101,Pl,1,MR,FALSE
MSdm2,MSdm2/101,Sx,1,MR,FALSE
MSdm2,MSdm2/101,Bl,1,MR,FALSE
MSdm2,MSdm2/101,At,2,MR,FALSE
MSdm2,MSdm2/101,Fd,3,MR,FALSE
MSdm2,MSdm2/102,Pl,3,MR,FALSE
MSdm2,MSdm2/102,Fd,3,MR,FALSE
MSdm2,MSdm2/102,Sx,4,MR,FALSE
MSdm2,MSdm2/102,Bl,4,MR,FALSE
MSdm2,MSdm2/103,Fd,1,MR,FALSE
MSdm2,MSdm2/103,Pl,1,MR,FALSE
MSdm2,MSdm2/103,Lw,1,MR,TRUE
MSdm2,MSdm2/103,Bl,3,MR,FALSE
MSdm2,MSdm2/103,Sx,3,MR,FALSE
MSdm2,MSdm2/103,At,3,MR,FALSE
MSdm2,MSdm2/104,Pl,1,MR,FALSE
MSdm2,MSdm2/104,Sx,2,MR,FALSE
MSdm2,MSdm2/104,Bl,2,MR,FALSE
MSdm2,MSdm2/104,At,2,MR,FALSE
MSdm2,MSdm2/104,Fd,4,MR,FALSE
MSdm2,MSdm2/105,Pl,1,MR,FALSE
MSdm2,MSdm2/105,Sx,1,MR,FALSE
MSdm2,MSdm2/105,Bl,1,MR,FALSE
MSdm2,MSdm2/110,Sx,1,MR,FALSE
MSdm2,MSdm2/110,Bl,1,MR,FALSE
MSdm2,MSdm2/110,Pl,2,MR,FALSE
MSdm2,MSdm2/111,Sx,1,MR,FALSE
MSdm2,MSdm2/111,Bl,1,MR,FALSE
MSdm2,MSdm2/111,Pl,2,MR,FALSE
MSdm2,MSdm2/111,At,3,MR,FALSE
MSdm2,MSdm2/111,Fd,4,MR,FALSE
MSdm2,MSdm2/111,Lw,4,MR,TRUE
MSdm2,MSdm2/112,Sx,1,MR,FALSE
MSdm2,MSdm2/112,Bl,2,MR,FALSE
MSdm2,MSdm2/112,Pl,3,MR,FALSE
MSdm2,MSdm2/112,At,3,MR,FALSE
MSdm2,MSdm2/112,Fd,4,MR,FALSE
MSdm2,MSdm2/112,Lw,4,MR,TRUE
MSdm2,MSdm2/113,Pl,3,MR,FALSE
MSdm2,MSdm2/113,Sx,3,MR,FALSE
MSdm2,MSdm2/113,Bl,3,MR,FALSE
MSxk1,MSxk1/101,Pl,1,MR,FALSE
MSxk1,MSxk1/101,Sx,2,MR,FALSE
MSxk1,MSxk1/101,Bl,2,MR,FALSE
MSxk1,MSxk1/101,At,2,MR,FALSE
MSxk1,MSxk1/101,Fd,3,MR,FALSE
MSxk1,MSxk1/101,Lw,3,MR,TRUE
MSxk1,MSxk1/102,Pl,3,MR,FALSE
MSxk1,MSxk1/102,Fd,3,MR,FALSE
MSxk1,MSxk1/102,Lw,3,MR,TRUE
MSxk1,MSxk1/102,Bl,4,MR,FALSE
MSxk1,MSxk1/102,Sx,4,MR,FALSE
MSxk1,MSxk1/103,Pl,2,MR,FALSE
MSxk1,MSxk1/103,Fd,3,MR,FALSE
MSxk1,MSxk1/103,Lw,3,MR,TRUE
MSxk1,MSxk1/103,Bl,4,MR,FALSE
MSxk1,MSxk1/104,Pl,1,MR,FALSE
MSxk1,MSxk1/104,Sx,2,MR,FALSE
MSxk1,MSxk1/104,At,2,MR,FALSE
MSxk1,MSxk1/104,Bl,3,MR,FALSE
MSxk1,MSxk1/104,Fd,4,MR,FALSE
MSxk1,MSxk1/104,Lw,4,MR,TRUE
MSxk1,MSxk1/105,Pl,1,MR,FALSE
MSxk1,MSxk1/105,Sx,2,MR,FALSE
MSxk1,MSxk1/105,Bl,2,MR,FALSE
MSxk1,MSxk1/105,At,2,MR,FALSE
MSxk1,MSxk1/105,Fd,3,MR,FALSE
MSxk1,MSxk1/105,Lw,3,MR,TRUE
MSxk1,MSxk1/110,Pl,1,MR,FALSE
MSxk1,MSxk1/110,Sx,1,MR,FALSE
MSxk1,MSxk1/110,Bl,1,MR,FALSE
MSxk1,MSxk1/110,At,2,MR,FALSE
MSxk1,MSxk1/110,Bl,3,MR,FALSE
MSxk1,MSxk1/110,Lw,3,MR,TRUE
MSxk1,MSxk1/111,Pl,1,MR,FALSE
MSxk1,MSxk1/111,Sx,1,MR,FALSE
MSxk1,MSxk1/111,Bl,1,MR,FALSE
MSxk1,MSxk1/111,At,2,MR,FALSE
MSxk1,MSxk1/112,Pl,1,MR,FALSE
MSxk1,MSxk1/112,Sx,1,MR,FALSE
MSxk1,MSxk1/112,Bl,2,MR,FALSE
MSxk1,MSxk1/113,Pl,3,MR,FALSE
MSxk1,MSxk1/113,Sx,3,MR,FALSE
MSxk1,MSxk1/113,Bl,3,MR,FALSE
MSxk2,MSxk2/101,Pl,1,MR,FALSE
MSxk2,MSxk2/101,Sx,2,MR,FALSE
MSxk2,MSxk2/101,Bl,2,MR,FALSE
MSxk2,MSxk2/101,At,2,MR,FALSE
MSxk2,MSxk2/101,Fd,4,MR,FALSE
MSxk2,MSxk2/101,Lw,4,MR,TRUE
MSxk2,MSxk2/102,Pl,3,MR,FALSE
MSxk2,MSxk2/102,Fd,4,MR,FALSE
MSxk2,MSxk2/102,Lw,4,MR,TRUE
MSxk2,MSxk2/102,Bl,4,MR,FALSE
MSxk2,MSxk2/102,Sx,4,MR,FALSE
MSxk2,MSxk2/103,Pl,3,MR,FALSE
MSxk2,MSxk2/103,Fd,4,MR,FALSE
MSxk2,MSxk2/103,Bl,4,MR,FALSE
MSxk2,MSxk2/103,Sx,4,MR,FALSE
MSxk2,MSxk2/103,Lw,4,MR,TRUE
MSxk2,MSxk2/104,Fd,1,MR,FALSE
MSxk2,MSxk2/104,Pl,1,MR,FALSE
MSxk2,MSxk2/104,Lw,1,MR,TRUE
MSxk2,MSxk2/104,Bl,4,MR,FALSE
MSxk2,MSxk2/104,Sx,4,MR,FALSE
MSxk2,MSxk2/105,Pl,1,MR,FALSE
MSxk2,MSxk2/105,Fd,2,MR,FALSE
MSxk2,MSxk2/105,Lw,2,MR,TRUE
MSxk2,MSxk2/105,At,2,MR,FALSE
MSxk2,MSxk2/105,Sx,3,MR,FALSE
MSxk2,MSxk2/105,Bl,3,MR,FALSE
MSxk2,MSxk2/106,Pl,1,MR,FALSE
MSxk2,MSxk2/106,Sx,2,MR,FALSE
MSxk2,MSxk2/106,Bl,2,MR,FALSE
MSxk2,MSxk2/106,At,2,MR,FALSE
MSxk2,MSxk2/106,Fd,3,MR,FALSE
MSxk2,MSxk2/106,Lw,3,MR,TRUE
MSxk2,MSxk2/110,Pl,1,MR,FALSE
MSxk2,MSxk2/110,Sx,1,MR,FALSE
MSxk2,MSxk2/110,Bl,2,MR,FALSE
MSxk2,MSxk2/110,At,2,MR,FALSE
MSxk2,MSxk2/111,Pl,1,MR,FALSE
MSxk2,MSxk2/111,Sx,1,MR,FALSE
MSxk2,MSxk2/111,Bl,2,MR,FALSE
MSxk2,MSxk2/111,At,2,MR,FALSE
MSxk2,MSxk2/112,Pl,3,MR,FALSE
MSxk2,MSxk2/112,Sx,3,MR,FALSE
MSxk2,MSxk2/112,Bl,3,MR,FALSE
PPxh1,PPxh1/101,Py,1,MR,FALSE
PPxh1,PPxh1/101,Fd,3,MR,FALSE
PPxh1,PPxh1/102,Py,3,MR,FALSE
PPxh1,PPxh1/102,Fd,4,MR,FALSE
PPxh1,PPxh1/103,Py,3,MR,FALSE
PPxh1,PPxh1/103,Fd,4,MR,FALSE
PPxh1,PPxh1/104,Py,2,MR,FALSE
PPxh1,PPxh1/104,Fd,4,MR,FALSE
PPxh1,PPxh1/110,Fd,2,MR,FALSE
PPxh1,PPxh1/110,Py,2,MR,FALSE
PPxh1,PPxh1/111,Fd,1,MR,FALSE
PPxh1,PPxh1/111,Py,2,MR,FALSE
PPxh2,PPxh2/101,Py,2,MR,FALSE
PPxh2,PPxh2/101,Fd,2,MR,FALSE
PPxh2,PPxh2/102,Py,3,MR,FALSE
PPxh2,PPxh2/102,Fd,3,MR,FALSE
PPxh2,PPxh2/103,Fd,2,MR,FALSE
PPxh2,PPxh2/103,Py,3,MR,FALSE
PPxh2,PPxh2/110.1,Fd,2,MR,FALSE
PPxh2,PPxh2/110.1,Py,3,MR,FALSE
PPxh2,PPxh2/110.2,Fd,2,MR,FALSE
PPxh2,PPxh2/110.2,Py,3,MR,FALSE
PPxh2,PPxh2/111,Fd,1,MR,FALSE
PPxh2,PPxh2/111,Py,3,MR,FALSE
ESSFdc3,ESSFdc3/01,Se,1,MR,FALSE
ESSFdc3,ESSFdc3/01,Bl,1,MR,FALSE
ESSFdc3,ESSFdc3/01,Pl,2,MR,FALSE
ESSFdc3,ESSFdc3/02,Pl,2,MR,FALSE
ESSFdc3,ESSFdc3/02,Bl,3,MR,FALSE
ESSFdc3,ESSFdc3/02,Se,3,MR,FALSE
ESSFdc3,ESSFdc3/03,Pl,1,MR,FALSE
ESSFdc3,ESSFdc3/03,Se,1,MR,FALSE
ESSFdc3,ESSFdc3/03,Bl,1,MR,FALSE
ESSFdc3,ESSFdc3/05,Se,1,MR,FALSE
ESSFdc3,ESSFdc3/05,Bl,1,MR,FALSE
ESSFdc3,ESSFdc3/05,Pl,2,MR,FALSE
ESSFdc3,ESSFdc3/06,Se,1,MR,FALSE
ESSFdc3,ESSFdc3/06,Bl,1,MR,FALSE
ESSFdc3,ESSFdc3/06,Pl,3,MR,FALSE
ESSFdc3,ESSFdc3/07,Se,1,MR,FALSE
ESSFdc3,ESSFdc3/07,Bl,1,MR,FALSE
ESSFdc3,ESSFdc3/07,Pl,3,MR,FALSE
ESSFdc3,ESSFdc3/08,Se,2,MR,FALSE
ESSFdc3,ESSFdc3/08,Bl,2,MR,FALSE
ESSFdc3,ESSFdc3/09,X,NA,MR,FALSE
ESSFdh2,ESSFdh2/01,Sx,1,MR,FALSE
ESSFdh2,ESSFdh2/01,Bl,1,MR,FALSE
ESSFdh2,ESSFdh2/01,Ba,2,MR,FALSE
ESSFdh2,ESSFdh2/01,Pw,2,MR,FALSE
ESSFdh2,ESSFdh2/01,Hw,3,MR,FALSE
ESSFdh2,ESSFdh2/01,Cw,3,MR,FALSE
ESSFdh2,ESSFdh2/02,Bl,2,MR,FALSE
ESSFdh2,ESSFdh2/02,Sx,2,MR,FALSE
ESSFdh2,ESSFdh2/02,Pl,2,MR,FALSE
ESSFdh2,ESSFdh2/02,Pw,2,MR,FALSE
ESSFdh2,ESSFdh2/02,Fd,3,MR,FALSE
ESSFdh2,ESSFdh2/02,Lw,3,MR,TRUE
ESSFdh2,ESSFdh2/03,Pl,2,MR,FALSE
ESSFdh2,ESSFdh2/03,Fd,2,MR,FALSE
ESSFdh2,ESSFdh2/03,Pw,2,MR,FALSE
ESSFdh2,ESSFdh2/03,Lw,2,MR,TRUE
ESSFdh2,ESSFdh2/03,Sx,3,MR,FALSE
ESSFdh2,ESSFdh2/03,Bl,3,MR,FALSE
ESSFdh2,ESSFdh2/03,At,3,MR,FALSE
ESSFdh2,ESSFdh2/04,Sx,1,MR,FALSE
ESSFdh2,ESSFdh2/04,Bl,1,MR,FALSE
ESSFdh2,ESSFdh2/04,Fd,2,MR,FALSE
ESSFdh2,ESSFdh2/04,Pl,2,MR,FALSE
ESSFdh2,ESSFdh2/04,Pw,2,MR,FALSE
ESSFdh2,ESSFdh2/04,Lw,2,MR,TRUE
ESSFdh2,ESSFdh2/04,Cw,3,MR,FALSE
ESSFdh2,ESSFdh2/04,Hw,3,MR,FALSE
ESSFdh2,ESSFdh2/05,Sx,1,MR,FALSE
ESSFdh2,ESSFdh2/05,Bl,1,MR,FALSE
ESSFdh2,ESSFdh2/05,Ba,2,MR,FALSE
ESSFdh2,ESSFdh2/05,Pw,2,MR,FALSE
ESSFdh2,ESSFdh2/05,Hw,3,MR,FALSE
ESSFdh2,ESSFdh2/05,Cw,3,MR,FALSE
ESSFdh2,ESSFdh2/06,Bl,1,MR,FALSE
ESSFdh2,ESSFdh2/06,Sx,1,MR,FALSE
ESSFdh2,ESSFdh2/06,Ba,2,MR,FALSE
ESSFdh2,ESSFdh2/06,Hw,3,MR,FALSE
ESSFdh2,ESSFdh2/06,Cw,3,MR,FALSE
ESSFdh2,ESSFdh2/07,Bl,1,MR,FALSE
ESSFdh2,ESSFdh2/07,Sx,1,MR,FALSE
ESSFdh2,ESSFdh2/07,Ba,2,MR,FALSE
ESSFdh2,ESSFdh2/07,Cw,2,MR,FALSE
ESSFdh2,ESSFdh2/07,Pw,2,MR,FALSE
ESSFdh2,ESSFdh2/07,Hw,3,MR,FALSE
ESSFdh2,ESSFdh2/07,Fd,3,MR,FALSE
ESSFdh2,ESSFdh2/08,Sx,2,MR,FALSE
ESSFdh2,ESSFdh2/08,Bl,2,MR,FALSE
ESSFdh2,ESSFdh2/08,Pl,2,MR,FALSE
ESSFdh2,ESSFdh2/08,Hw,3,MR,FALSE
ESSFdh2,ESSFdh2/08,Cw,3,MR,FALSE
ESSFdv1,ESSFdv1/01,Se,1,MR,FALSE
ESSFdv1,ESSFdv1/01,Bl,1,MR,FALSE
ESSFdv1,ESSFdv1/01,Pl,1,MR,FALSE
ESSFdv1,ESSFdv1/01,Pa,1,MR,FALSE
ESSFdv1,ESSFdv1/02,Pl,2,MR,FALSE
ESSFdv1,ESSFdv1/02,Pa,3,MR,FALSE
ESSFdv1,ESSFdv1/02,Bl,3,MR,FALSE
ESSFdv1,ESSFdv1/02,Se,3,MR,FALSE
ESSFdv1,ESSFdv1/03,Pl,1,MR,FALSE
ESSFdv1,ESSFdv1/03,Pa,1,MR,FALSE
ESSFdv1,ESSFdv1/03,Fd,2,MR,FALSE
ESSFdv1,ESSFdv1/03,Lw,2,MR,TRUE
ESSFdv1,ESSFdv1/03,Bl,3,MR,FALSE
ESSFdv1,ESSFdv1/03,Sx,3,MR,FALSE
ESSFdv1,ESSFdv1/04,Bl,1,MR,FALSE
ESSFdv1,ESSFdv1/04,Se,1,MR,FALSE
ESSFdv1,ESSFdv1/04,Pa,1,MR,FALSE
ESSFdv1,ESSFdv1/04,Pl,1,MR,FALSE
ESSFdv1,ESSFdv1/04,Fd,3,MR,FALSE
ESSFdv1,ESSFdv1/04,Lw,3,MR,TRUE
ESSFdv1,ESSFdv1/04,At,3,MR,FALSE
ESSFdv1,ESSFdv1/05,Se,1,MR,FALSE
ESSFdv1,ESSFdv1/05,Bl,1,MR,FALSE
ESSFdv1,ESSFdv1/05,Pa,2,MR,FALSE
ESSFdv1,ESSFdv1/06,Se,2,MR,FALSE
ESSFdv1,ESSFdv1/06,Bl,2,MR,FALSE
ESSFdv1,ESSFdv1/06,Pl,3,MR,FALSE
ESSFdv2,ESSFdv2/01,Se,1,MR,FALSE
ESSFdv2,ESSFdv2/01,Bl,1,MR,FALSE
ESSFdv2,ESSFdv2/01,Pl,2,MR,FALSE
ESSFdv2,ESSFdv2/01,Pa,2,MR,FALSE
ESSFdv2,ESSFdv2/02,Pl,2,MR,FALSE
ESSFdv2,ESSFdv2/02,Pa,2,MR,FALSE
ESSFdv2,ESSFdv2/02,Se,3,MR,FALSE
ESSFdv2,ESSFdv2/02,Bl,3,MR,FALSE
ESSFdv2,ESSFdv2/03,Pl,1,MR,FALSE
ESSFdv2,ESSFdv2/03,Pa,1,MR,FALSE
ESSFdv2,ESSFdv2/03,Bl,2,MR,FALSE
ESSFdv2,ESSFdv2/03,Se,2,MR,FALSE
ESSFdv2,ESSFdv2/04,Pl,1,MR,FALSE
ESSFdv2,ESSFdv2/04,Pa,1,MR,FALSE
ESSFdv2,ESSFdv2/04,Bl,1,MR,FALSE
ESSFdv2,ESSFdv2/04,Se,2,MR,FALSE
ESSFdv2,ESSFdv2/05,Se,1,MR,FALSE
ESSFdv2,ESSFdv2/05,Bl,1,MR,FALSE
ESSFdv2,ESSFdv2/05,Pa,2,MR,FALSE
ESSFdv2,ESSFdv2/05,Pl,2,MR,FALSE
ESSFdv2,ESSFdv2/06,Se,2,MR,FALSE
ESSFdv2,ESSFdv2/06,Bl,2,MR,FALSE
ESSFdv2,ESSFdv2/06,Pl,3,MR,FALSE
ESSFmw2,ESSFmw2/01,Se,1,MR,FALSE
ESSFmw2,ESSFmw2/01,Bl,1,MR,FALSE
ESSFmw2,ESSFmw2/01,Ba,1,MR,FALSE
ESSFmw2,ESSFmw2/01,Hm,2,MR,FALSE
ESSFmw2,ESSFmw2/01,Hw,3,MR,FALSE
ESSFmw2,ESSFmw2/01,Pw,3,MR,FALSE
ESSFmw2,ESSFmw2/01,Pl,3,MR,FALSE
ESSFmw2,ESSFmw2/01,Cw,4,MR,FALSE
ESSFmw2,ESSFmw2/01,Fd,4,MR,FALSE
ESSFmw2,ESSFmw2/02,Pl,3,MR,FALSE
ESSFmw2,ESSFmw2/02,Pa,3,MR,FALSE
ESSFmw2,ESSFmw2/02,Bl,3,MR,FALSE
ESSFmw2,ESSFmw2/02,Se,4,MR,FALSE
ESSFmw2,ESSFmw2/03,Bl,1,MR,FALSE
ESSFmw2,ESSFmw2/03,Se,1,MR,FALSE
ESSFmw2,ESSFmw2/03,Pl,2,MR,FALSE
ESSFmw2,ESSFmw2/03,Fd,3,MR,FALSE
ESSFmw2,ESSFmw2/03,Lw,3,MR,TRUE
ESSFmw2,ESSFmw2/03,Ba,3,MR,FALSE
ESSFmw2,ESSFmw2/04,Bl,1,MR,FALSE
ESSFmw2,ESSFmw2/04,Se,1,MR,FALSE
ESSFmw2,ESSFmw2/04,Pa,1,MR,FALSE
ESSFmw2,ESSFmw2/04,Pl,2,MR,FALSE
ESSFmw2,ESSFmw2/04,Ba,3,MR,FALSE
ESSFmw2,ESSFmw2/05,Se,1,MR,FALSE
ESSFmw2,ESSFmw2/05,Bl,1,MR,FALSE
ESSFmw2,ESSFmw2/05,Ba,1,MR,FALSE
ESSFmw2,ESSFmw2/05,Hm,2,MR,FALSE
ESSFmw2,ESSFmw2/05,Hw,3,MR,FALSE
ESSFmw2,ESSFmw2/05,Pw,3,MR,FALSE
ESSFmw2,ESSFmw2/05,Cw,3,MR,FALSE
ESSFmw2,ESSFmw2/05,Fd,3,MR,FALSE
ESSFmw2,ESSFmw2/05,Lw,3,MR,TRUE
ESSFmw2,ESSFmw2/05,Pl,3,MR,FALSE
ESSFmw2,ESSFmw2/06,Se,1,MR,FALSE
ESSFmw2,ESSFmw2/06,Bl,1,MR,FALSE
ESSFmw2,ESSFmw2/06,Hm,2,MR,FALSE
ESSFmw2,ESSFmw2/06,Ba,3,MR,FALSE
ESSFmw2,ESSFmw2/06,Hw,3,MR,FALSE
ESSFmw2,ESSFmw2/07,Se,1,MR,FALSE
ESSFmw2,ESSFmw2/07,Bl,1,MR,FALSE
ESSFmw2,ESSFmw2/07,Ba,1,MR,FALSE
ESSFmw2,ESSFmw2/07,Hm,2,MR,FALSE
ESSFmw2,ESSFmw2/07,Hw,3,MR,FALSE
ESSFmw2,ESSFmw2/07,Cw,3,MR,FALSE
ESSFmw2,ESSFmw2/08,Bl,1,MR,FALSE
ESSFmw2,ESSFmw2/08,Se,1,MR,FALSE
ESSFmw2,ESSFmw2/08,Pl,2,MR,FALSE
ESSFmw2,ESSFmw2/08,Ba,2,MR,FALSE
ESSFmw2,ESSFmw2/08,Pw,3,MR,FALSE
ESSFwc2,ESSFwc2/01,Bl,1,MR,FALSE
ESSFwc2,ESSFwc2/01,Se,1,MR,FALSE
ESSFwc2,ESSFwc2/02,Se,3,MR,FALSE
ESSFwc2,ESSFwc2/02,Bl,3,MR,FALSE
ESSFwc2,ESSFwc2/02,Pl,3,MR,FALSE
ESSFwc2,ESSFwc2/03,Bl,1,MR,FALSE
ESSFwc2,ESSFwc2/03,Se,1,MR,FALSE
ESSFwc2,ESSFwc2/03,Pl,2,MR,FALSE
ESSFwc2,ESSFwc2/04,Bl,1,MR,FALSE
ESSFwc2,ESSFwc2/04,Se,1,MR,FALSE
ESSFwc2,ESSFwc2/04,Pl,2,MR,FALSE
ESSFwc2,ESSFwc2/05,Bl,1,MR,FALSE
ESSFwc2,ESSFwc2/05,Se,1,MR,FALSE
ESSFwc2,ESSFwc2/05,Pl,2,MR,FALSE
ESSFwc2,ESSFwc2/06,Bl,1,MR,FALSE
ESSFwc2,ESSFwc2/06,Se,1,MR,FALSE
ESSFwc2,ESSFwc2/06,Pl,3,MR,FALSE
ESSFwc2,ESSFwc2/07,Bl,1,MR,FALSE
ESSFwc2,ESSFwc2/07,Se,1,MR,FALSE
ESSFwc2,ESSFwc2/08,Bl,1,MR,FALSE
ESSFwc2,ESSFwc2/08,Se,2,MR,FALSE
ESSFwc2,ESSFwc2/09,Pl,1,MR,FALSE
ESSFwc2,ESSFwc2/09,Bl,1,MR,FALSE
ESSFwc2,ESSFwc2/09,Se,2,MR,FALSE
ESSFwc2,ESSFwc2/10,X,NA,MR,FALSE
ESSFxc3,ESSFxc3/01,Bl,1,MR,FALSE
ESSFxc3,ESSFxc3/01,Se,1,MR,FALSE
ESSFxc3,ESSFxc3/01,Pl,1,MR,FALSE
ESSFxc3,ESSFxc3/02,Pl,3,MR,FALSE
ESSFxc3,ESSFxc3/02,Pa,3,MR,FALSE
ESSFxc3,ESSFxc3/02,Bl,3,MR,FALSE
ESSFxc3,ESSFxc3/02,Se,4,MR,FALSE
ESSFxc3,ESSFxc3/02,Fd,4,MR,FALSE
ESSFxc3,ESSFxc3/02,Lw,4,MR,TRUE
ESSFxc3,ESSFxc3/03,X,NA,MR,FALSE
ESSFxc3,ESSFxc3/04,X,NA,MR,FALSE
ESSFxc3,ESSFxc3/05,Pl,1,MR,FALSE
ESSFxc3,ESSFxc3/05,Pa,1,MR,FALSE
ESSFxc3,ESSFxc3/05,Bl,2,MR,FALSE
ESSFxc3,ESSFxc3/05,Se,2,MR,FALSE
ESSFxc3,ESSFxc3/05,Fd,3,MR,FALSE
ESSFxc3,ESSFxc3/05,Lw,3,MR,TRUE
ESSFxc3,ESSFxc3/06,Bl,1,MR,FALSE
ESSFxc3,ESSFxc3/06,Se,1,MR,FALSE
ESSFxc3,ESSFxc3/06,Pl,1,MR,FALSE
ESSFxc3,ESSFxc3/06,Pa,2,MR,FALSE
ESSFxc3,ESSFxc3/07,Pl,1,MR,FALSE
ESSFxc3,ESSFxc3/07,Se,1,MR,FALSE
ESSFxc3,ESSFxc3/07,Bl,1,MR,FALSE
ESSFxc3,ESSFxc3/08,Bl,2,MR,FALSE
ESSFxc3,ESSFxc3/08,Pl,2,MR,FALSE
ESSFxc3,ESSFxc3/08,Se,2,MR,FALSE
ESSFxc3,ESSFxc3/09,X,NA,MR,FALSE
ESSFxc3,ESSFxc3/10,X,NA,MR,FALSE
ICHdw3,ICHdw3/01,Fd,1,MR,FALSE
ICHdw3,ICHdw3/01,Cw,1,MR,FALSE
ICHdw3,ICHdw3/01,Hw,1,MR,FALSE
ICHdw3,ICHdw3/01,Lw,1,MR,TRUE
ICHdw3,ICHdw3/01,Sx,2,MR,FALSE
ICHdw3,ICHdw3/01,Pw,2,MR,FALSE
ICHdw3,ICHdw3/01,Pl,2,MR,FALSE
ICHdw3,ICHdw3/01,At,2,MR,FALSE
ICHdw3,ICHdw3/01,Ep,2,MR,FALSE
ICHdw3,ICHdw3/01,Bl,3,MR,FALSE
ICHdw3,ICHdw3/02,Fd,3,MR,FALSE
ICHdw3,ICHdw3/02,Pl,3,MR,FALSE
ICHdw3,ICHdw3/02,Py,4,MR,FALSE
ICHdw3,ICHdw3/02,Cw,4,MR,FALSE
ICHdw3,ICHdw3/02,Pw,4,MR,FALSE
ICHdw3,ICHdw3/03,Fd,1,MR,FALSE
ICHdw3,ICHdw3/03,Pl,1,MR,FALSE
ICHdw3,ICHdw3/03,Pw,1,MR,FALSE
ICHdw3,ICHdw3/03,Lw,1,MR,TRUE
ICHdw3,ICHdw3/03,Ep,2,MR,FALSE
ICHdw3,ICHdw3/03,At,2,MR,FALSE
ICHdw3,ICHdw3/03,Py,3,MR,FALSE
ICHdw3,ICHdw3/03,Cw,4,MR,FALSE
ICHdw3,ICHdw3/03,Sx,4,MR,FALSE
ICHdw3,ICHdw3/04,Fd,1,MR,FALSE
ICHdw3,ICHdw3/04,Pl,1,MR,FALSE
ICHdw3,ICHdw3/04,Pw,1,MR,FALSE
ICHdw3,ICHdw3/04,Lw,1,MR,TRUE
ICHdw3,ICHdw3/04,Cw,2,MR,FALSE
ICHdw3,ICHdw3/04,Sx,2,MR,FALSE
ICHdw3,ICHdw3/04,Ep,2,MR,FALSE
ICHdw3,ICHdw3/04,At,3,MR,FALSE
ICHdw3,ICHdw3/04,Hw,4,MR,FALSE
ICHdw3,ICHdw3/05,Fd,1,MR,FALSE
ICHdw3,ICHdw3/05,Cw,1,MR,FALSE
ICHdw3,ICHdw3/05,Pl,1,MR,FALSE
ICHdw3,ICHdw3/05,Pw,1,MR,FALSE
ICHdw3,ICHdw3/05,Lw,1,MR,TRUE
ICHdw3,ICHdw3/05,Ep,1,MR,FALSE
ICHdw3,ICHdw3/05,At,2,MR,FALSE
ICHdw3,ICHdw3/05,Sx,2,MR,FALSE
ICHdw3,ICHdw3/05,Hw,2,MR,FALSE
ICHdw3,ICHdw3/06,Cw,1,MR,FALSE
ICHdw3,ICHdw3/06,Hw,1,MR,FALSE
ICHdw3,ICHdw3/06,Sx,2,MR,FALSE
ICHdw3,ICHdw3/06,Pw,2,MR,FALSE
ICHdw3,ICHdw3/06,Bl,3,MR,FALSE
ICHdw3,ICHdw3/06,Ac,3,MR,FALSE
ICHdw3,ICHdw3/06,At,3,MR,FALSE
ICHdw3,ICHdw3/06,Fd,3,MR,FALSE
ICHdw3,ICHdw3/06,Ep,3,MR,FALSE
ICHdw3,ICHdw3/06,Lw,3,MR,TRUE
ICHdw3,ICHdw3/06,Ac,3,MR,FALSE
ICHdw3,ICHdw3/07,Cw,1,MR,FALSE
ICHdw3,ICHdw3/07,Sx,1,MR,FALSE
ICHdw3,ICHdw3/07,Hw,2,MR,FALSE
ICHdw3,ICHdw3/07,Fd,2,MR,FALSE
ICHdw3,ICHdw3/07,Lw,2,MR,TRUE
ICHdw3,ICHdw3/07,Bl,3,MR,FALSE
ICHdw3,ICHdw3/07,Pw,3,MR,FALSE
ICHdw3,ICHdw3/07,Hw,3,MR,FALSE
ICHdw3,ICHdw3/07,Ep,3,MR,FALSE
ICHdw3,ICHdw3/07,At,3,MR,FALSE
ICHdw3,ICHdw3/07,Ac,3,MR,FALSE
ICHdw3,ICHdw3/08,Cw,2,MR,FALSE
ICHdw3,ICHdw3/08,Hw,2,MR,FALSE
ICHdw3,ICHdw3/08,Bl,3,MR,FALSE
ICHdw3,ICHdw3/08,Sx,3,MR,FALSE
ICHdw3,ICHdw3/09,X,NA,MR,FALSE
ICHmk2,ICHmk2/01,Cw,1,MR,FALSE
ICHmk2,ICHmk2/01,Sx,1,MR,FALSE
ICHmk2,ICHmk2/01,Bl,1,MR,FALSE
ICHmk2,ICHmk2/01,Fd,2,MR,FALSE
ICHmk2,ICHmk2/01,Pl,2,MR,FALSE
ICHmk2,ICHmk2/01,Lw,2,MR,TRUE
ICHmk2,ICHmk2/01,Ep,2,MR,FALSE
ICHmk2,ICHmk2/01,At,2,MR,FALSE
ICHmk2,ICHmk2/01,Ac,3,MR,FALSE
ICHmk2,ICHmk2/02,Fd,3,MR,FALSE
ICHmk2,ICHmk2/02,Pl,3,MR,FALSE
ICHmk2,ICHmk2/02,Bl,4,MR,FALSE
ICHmk2,ICHmk2/02,Sx,4,MR,FALSE
ICHmk2,ICHmk2/02,Lw,4,MR,TRUE
ICHmk2,ICHmk2/03,Fd,1,MR,FALSE
ICHmk2,ICHmk2/03,Pl,1,MR,FALSE
ICHmk2,ICHmk2/03,Lw,1,MR,TRUE
ICHmk2,ICHmk2/03,At,2,MR,FALSE
ICHmk2,ICHmk2/03,Bl,2,MR,FALSE
ICHmk2,ICHmk2/03,Sx,2,MR,FALSE
ICHmk2,ICHmk2/03,Ep,2,MR,FALSE
ICHmk2,ICHmk2/04,Fd,1,MR,FALSE
ICHmk2,ICHmk2/04,Pl,1,MR,FALSE
ICHmk2,ICHmk2/04,Lw,1,MR,TRUE
ICHmk2,ICHmk2/04,Bl,2,MR,FALSE
ICHmk2,ICHmk2/04,Sx,2,MR,FALSE
ICHmk2,ICHmk2/04,Cw,2,MR,FALSE
ICHmk2,ICHmk2/04,At,2,MR,FALSE
ICHmk2,ICHmk2/04,Ep,2,MR,FALSE
ICHmk2,ICHmk2/05,Sx,1,MR,FALSE
ICHmk2,ICHmk2/05,Cw,1,MR,FALSE
ICHmk2,ICHmk2/05,Fd,2,MR,FALSE
ICHmk2,ICHmk2/05,Bl,2,MR,FALSE
ICHmk2,ICHmk2/05,Lw,2,MR,TRUE
ICHmk2,ICHmk2/05,Pl,2,MR,FALSE
ICHmk2,ICHmk2/05,At,2,MR,FALSE
ICHmk2,ICHmk2/05,Ep,2,MR,FALSE
ICHmk2,ICHmk2/05,Ac,3,MR,FALSE
ICHmk2,ICHmk2/06,Sx,2,MR,FALSE
ICHmk2,ICHmk2/06,Cw,2,MR,FALSE
ICHmk2,ICHmk2/06,Pl,2,MR,FALSE
ICHmk2,ICHmk2/06,Bl,2,MR,FALSE
ICHmk2,ICHmk2/06,At,2,MR,FALSE
ICHmk2,ICHmk2/06,Ep,2,MR,FALSE
ICHmk2,ICHmk2/06,Ac,3,MR,FALSE
ICHmw3,ICHmw3/01,Cw,1,MR,FALSE
ICHmw3,ICHmw3/01,Hw,1,MR,FALSE
ICHmw3,ICHmw3/01,Fd,1,MR,FALSE
ICHmw3,ICHmw3/01,Lw,1,MR,TRUE
ICHmw3,ICHmw3/01,Sx,2,MR,FALSE
ICHmw3,ICHmw3/01,Pw,2,MR,FALSE
ICHmw3,ICHmw3/01,Bl,3,MR,FALSE
ICHmw3,ICHmw3/01,Pl,3,MR,FALSE
ICHmw3,ICHmw3/01,At,3,MR,FALSE
ICHmw3,ICHmw3/01,Ep,3,MR,FALSE
ICHmw3,ICHmw3/02,Fd,3,MR,FALSE
ICHmw3,ICHmw3/02,Pl,3,MR,FALSE
ICHmw3,ICHmw3/02,Lw,3,MR,TRUE
ICHmw3,ICHmw3/02,Py,4,MR,FALSE
ICHmw3,ICHmw3/03,Fd,1,MR,FALSE
ICHmw3,ICHmw3/03,Pl,1,MR,FALSE
ICHmw3,ICHmw3/03,Cw,3,MR,FALSE
ICHmw3,ICHmw3/03,Sx,3,MR,FALSE
ICHmw3,ICHmw3/03,Py,3,MR,FALSE
ICHmw3,ICHmw3/03,Ep,4,MR,FALSE
ICHmw3,ICHmw3/03,At,4,MR,FALSE
ICHmw3,ICHmw3/04,Fd,1,MR,FALSE
ICHmw3,ICHmw3/04,Cw,1,MR,FALSE
ICHmw3,ICHmw3/04,Pl,1,MR,FALSE
ICHmw3,ICHmw3/04,Lw,1,MR,TRUE
ICHmw3,ICHmw3/04,Pw,2,MR,FALSE
ICHmw3,ICHmw3/04,At,2,MR,FALSE
ICHmw3,ICHmw3/04,Ep,2,MR,FALSE
ICHmw3,ICHmw3/04,Sx,3,MR,FALSE
ICHmw3,ICHmw3/05,Fd,1,MR,FALSE
ICHmw3,ICHmw3/05,Cw,1,MR,FALSE
ICHmw3,ICHmw3/05,Pl,1,MR,FALSE
ICHmw3,ICHmw3/05,Lw,1,MR,TRUE
ICHmw3,ICHmw3/05,Pw,2,MR,FALSE
ICHmw3,ICHmw3/05,At,2,MR,FALSE
ICHmw3,ICHmw3/05,Ep,2,MR,FALSE
ICHmw3,ICHmw3/05,Sx,3,MR,FALSE
ICHmw3,ICHmw3/06,Cw,1,MR,FALSE
ICHmw3,ICHmw3/06,Hw,1,MR,FALSE
ICHmw3,ICHmw3/06,Fd,2,MR,FALSE
ICHmw3,ICHmw3/06,Lw,2,MR,TRUE
ICHmw3,ICHmw3/06,Ep,2,MR,FALSE
ICHmw3,ICHmw3/06,At,2,MR,FALSE
ICHmw3,ICHmw3/06,Sx,3,MR,FALSE
ICHmw3,ICHmw3/06,Bl,3,MR,FALSE
ICHmw3,ICHmw3/07,Cw,1,MR,FALSE
ICHmw3,ICHmw3/07,Sx,1,MR,FALSE
ICHmw3,ICHmw3/07,Hw,2,MR,FALSE
ICHmw3,ICHmw3/07,Fd,2,MR,FALSE
ICHmw3,ICHmw3/07,Lw,2,MR,TRUE
ICHmw3,ICHmw3/07,Ep,2,MR,FALSE
ICHmw3,ICHmw3/07,At,2,MR,FALSE
ICHmw3,ICHmw3/07,Ac,3,MR,FALSE
ICHmw3,ICHmw3/07,Bl,3,MR,FALSE
ICHmw3,ICHmw3/07,Pw,3,MR,FALSE
ICHmw3,ICHmw3/08,Cw,1,MR,FALSE
ICHmw3,ICHmw3/08,Sx,1,MR,FALSE
ICHmw3,ICHmw3/08,Bl,2,MR,FALSE
ICHmw3,ICHmw3/08,Hw,2,MR,FALSE
ICHmw3,ICHmw3/08,Ac,2,MR,FALSE
ICHmw3,ICHmw3/08,At,2,MR,FALSE
ICHmw3,ICHmw3/08,Ep,2,MR,FALSE
ICHvk1,ICHvk1/01,Cw,1,MR,FALSE
ICHvk1,ICHvk1/01,Hw,1,MR,FALSE
ICHvk1,ICHvk1/01,Sx,2,MR,FALSE
ICHvk1,ICHvk1/01,Bl,3,MR,FALSE
ICHvk1,ICHvk1/01,Pw,3,MR,FALSE
ICHvk1,ICHvk1/02,Cw,3,MR,FALSE
ICHvk1,ICHvk1/02,Hw,3,MR,FALSE
ICHvk1,ICHvk1/02,Fd,3,MR,FALSE
ICHvk1,ICHvk1/02,Sx,4,MR,FALSE
ICHvk1,ICHvk1/02,Bl,4,MR,FALSE
ICHvk1,ICHvk1/03,Cw,1,MR,FALSE
ICHvk1,ICHvk1/03,Hw,1,MR,FALSE
ICHvk1,ICHvk1/03,Sx,2,MR,FALSE
ICHvk1,ICHvk1/03,Bl,2,MR,FALSE
ICHvk1,ICHvk1/03,Fd,3,MR,FALSE
ICHvk1,ICHvk1/03,Pw,3,MR,FALSE
ICHvk1,ICHvk1/03,At,3,MR,FALSE
ICHvk1,ICHvk1/03,Ep,3,MR,FALSE
ICHvk1,ICHvk1/04,Cw,1,MR,FALSE
ICHvk1,ICHvk1/04,Hw,1,MR,FALSE
ICHvk1,ICHvk1/04,Sx,2,MR,FALSE
ICHvk1,ICHvk1/04,Bl,2,MR,FALSE
ICHvk1,ICHvk1/04,Pw,3,MR,FALSE
ICHvk1,ICHvk1/04,At,3,MR,FALSE
ICHvk1,ICHvk1/04,Ep,3,MR,FALSE
ICHvk1,ICHvk1/05,Bl,1,MR,FALSE
ICHvk1,ICHvk1/05,Sx,1,MR,FALSE
ICHvk1,ICHvk1/05,Cw,2,MR,FALSE
ICHvk1,ICHvk1/05,Hw,2,MR,FALSE
ICHvk1,ICHvk1/05,Ep,3,MR,FALSE
ICHvk1,ICHvk1/05,At,3,MR,FALSE
ICHvk1,ICHvk1/05,Ac,3,MR,FALSE
ICHvk1,ICHvk1/06,Cw,2,MR,FALSE
ICHvk1,ICHvk1/06,Hw,2,MR,FALSE
ICHvk1,ICHvk1/06,Sx,2,MR,FALSE
ICHvk1,ICHvk1/06,Bl,3,MR,FALSE
ICHvk1,ICHvk1/06,Ac,3,MR,FALSE
ICHvk1,ICHvk1/06,At,3,MR,FALSE
ICHvk1,ICHvk1/06,Ep,3,MR,FALSE
ICHwk1,ICHwk1/01,Cw,1,MR,FALSE
ICHwk1,ICHwk1/01,Hw,1,MR,FALSE
ICHwk1,ICHwk1/01,Fd,2,MR,FALSE
ICHwk1,ICHwk1/01,Pw,2,MR,FALSE
ICHwk1,ICHwk1/01,Bl,3,MR,FALSE
ICHwk1,ICHwk1/01,Lw,3,MR,TRUE
ICHwk1,ICHwk1/01,Sx,3,MR,FALSE
ICHwk1,ICHwk1/01,At,3,MR,FALSE
ICHwk1,ICHwk1/01,Ep,3,MR,FALSE
ICHwk1,ICHwk1/02,Pl,3,MR,FALSE
ICHwk1,ICHwk1/02,Cw,3,MR,FALSE
ICHwk1,ICHwk1/02,Pw,3,MR,FALSE
ICHwk1,ICHwk1/02,Lw,3,MR,TRUE
ICHwk1,ICHwk1/02,Fd,3,MR,FALSE
ICHwk1,ICHwk1/02,Hw,4,MR,FALSE
ICHwk1,ICHwk1/02,Sx,4,MR,FALSE
ICHwk1,ICHwk1/03,Fd,1,MR,FALSE
ICHwk1,ICHwk1/03,Cw,1,MR,FALSE
ICHwk1,ICHwk1/03,Lw,1,MR,TRUE
ICHwk1,ICHwk1/03,Hw,1,MR,FALSE
ICHwk1,ICHwk1/03,Pw,2,MR,FALSE
ICHwk1,ICHwk1/03,At,2,MR,FALSE
ICHwk1,ICHwk1/03,Ep,2,MR,FALSE
ICHwk1,ICHwk1/03,Pl,2,MR,FALSE
ICHwk1,ICHwk1/03,Bl,3,MR,FALSE
ICHwk1,ICHwk1/03,Sx,3,MR,FALSE
ICHwk1,ICHwk1/04,Cw,1,MR,FALSE
ICHwk1,ICHwk1/04,Hw,1,MR,FALSE
ICHwk1,ICHwk1/04,Fd,2,MR,FALSE
ICHwk1,ICHwk1/04,Lw,2,MR,TRUE
ICHwk1,ICHwk1/04,Pw,2,MR,FALSE
ICHwk1,ICHwk1/04,Ep,2,MR,FALSE
ICHwk1,ICHwk1/04,At,2,MR,FALSE
ICHwk1,ICHwk1/04,Sx,3,MR,FALSE
ICHwk1,ICHwk1/04,Bl,3,MR,FALSE
ICHwk1,ICHwk1/05,Cw,1,MR,FALSE
ICHwk1,ICHwk1/05,Hw,1,MR,FALSE
ICHwk1,ICHwk1/05,Sx,2,MR,FALSE
ICHwk1,ICHwk1/05,Pw,2,MR,FALSE
ICHwk1,ICHwk1/05,At,2,MR,FALSE
ICHwk1,ICHwk1/05,Ep,2,MR,FALSE
ICHwk1,ICHwk1/05,Ac,2,MR,FALSE
ICHwk1,ICHwk1/05,Bl,3,MR,FALSE
ICHwk1,ICHwk1/06,Sx,2,MR,FALSE
ICHwk1,ICHwk1/06,Bl,3,MR,FALSE
ICHwk1,ICHwk1/06,Cw,3,MR,FALSE
ICHwk1,ICHwk1/06,Hw,3,MR,FALSE
ICHwk1,ICHwk1/06,Ac,3,MR,FALSE
ICHwk1,ICHwk1/06,Ep,3,MR,FALSE
ICHwk1,ICHwk1/06,At,3,MR,FALSE
ICHwk1,ICHwk1/07,Cw,2,MR,FALSE
ICHwk1,ICHwk1/07,Hw,2,MR,FALSE
ICHwk1,ICHwk1/07,Sx,2,MR,FALSE
ICHwk1,ICHwk1/07,Bl,3,MR,FALSE
ICHwk1,ICHwk1/07,Ac,3,MR,FALSE
ICHwk1,ICHwk1/07,Ep,3,MR,FALSE
ICHwk1,ICHwk1/07,At,3,MR,FALSE
IDFdc,IDFdc/01,Fd,1,MR,FALSE
IDFdc,IDFdc/01,Pl,1,MR,FALSE
IDFdc,IDFdc/01,Lw,1,MR,TRUE
IDFdc,IDFdc/01,Py,3,MR,FALSE
IDFdc,IDFdc/01,Sx,4,MR,FALSE
IDFdc,IDFdc/02,Fd,3,MR,FALSE
IDFdc,IDFdc/02,Py,3,MR,FALSE
IDFdc,IDFdc/03,Fd,1,MR,FALSE
IDFdc,IDFdc/03,Py,2,MR,FALSE
IDFdc,IDFdc/03,Pl,3,MR,FALSE
IDFdc,IDFdc/04,Fd,1,MR,FALSE
IDFdc,IDFdc/04,Lw,1,MR,TRUE
IDFdc,IDFdc/04,Py,2,MR,FALSE
IDFdc,IDFdc/04,Pl,3,MR,FALSE
IDFdc,IDFdc/04,At,3,MR,FALSE
IDFdc,IDFdc/05,Fd,2,MR,FALSE
IDFdc,IDFdc/05,Lw,2,MR,TRUE
IDFdc,IDFdc/05,At,2,MR,FALSE
IDFdc,IDFdc/05,Ep,2,MR,FALSE
IDFdc,IDFdc/05,Sx,3,MR,FALSE
IDFdc,IDFdc/05,Pl,3,MR,FALSE
IDFdc,IDFdc/05,Cw,3,MR,FALSE
IDFdc,IDFdc/05,Bl,4,MR,FALSE
IDFdc,IDFdc/06,Pl,2,MR,FALSE
IDFdc,IDFdc/06,Sx,2,MR,FALSE
IDFdc,IDFdc/06,Fd,3,MR,FALSE
IDFdc,IDFdc/06,At,3,MR,FALSE
IDFdc,IDFdc/06,Ep,3,MR,FALSE
IDFdc,IDFdc/06,Ac,3,MR,FALSE
IDFdc,IDFdc/06,Bl,4,MR,FALSE
IDFdc,IDFdc/06,Cw,4,MR,FALSE
IDFdc,IDFdc/07,X,NA,MR,FALSE
IDFdc,IDFdc/08,X,NA,MR,FALSE
IDFmw2,IDFmw2/01,Fd,1,MR,FALSE
IDFmw2,IDFmw2/01,Lw,1,MR,TRUE
IDFmw2,IDFmw2/01,Ep,1,MR,FALSE
IDFmw2,IDFmw2/01,Cw,2,MR,FALSE
IDFmw2,IDFmw2/01,Pl,2,MR,FALSE
IDFmw2,IDFmw2/01,Pw,2,MR,FALSE
IDFmw2,IDFmw2/01,At,2,MR,FALSE
IDFmw2,IDFmw2/01,Sx,3,MR,FALSE
IDFmw2,IDFmw2/01,Bl,4,MR,FALSE
IDFmw2,IDFmw2/01,Hw,4,MR,FALSE
IDFmw2,IDFmw2/02,Fd,3,MR,FALSE
IDFmw2,IDFmw2/02,Pl,3,MR,FALSE
IDFmw2,IDFmw2/02,Py,3,MR,FALSE
IDFmw2,IDFmw2/02,Pw,4,MR,FALSE
IDFmw2,IDFmw2/03,Fd,1,MR,FALSE
IDFmw2,IDFmw2/03,Lw,1,MR,TRUE
IDFmw2,IDFmw2/03,Pl,2,MR,FALSE
IDFmw2,IDFmw2/03,Pw,2,MR,FALSE
IDFmw2,IDFmw2/03,At,2,MR,FALSE
IDFmw2,IDFmw2/03,Ep,2,MR,FALSE
IDFmw2,IDFmw2/03,Py,3,MR,FALSE
IDFmw2,IDFmw2/04,Fd,1,MR,FALSE
IDFmw2,IDFmw2/04,Lw,1,MR,TRUE
IDFmw2,IDFmw2/04,Pw,1,MR,FALSE
IDFmw2,IDFmw2/04,Cw,1,MR,FALSE
IDFmw2,IDFmw2/04,Ep,1,MR,FALSE
IDFmw2,IDFmw2/04,Sx,2,MR,FALSE
IDFmw2,IDFmw2/04,Pl,2,MR,FALSE
IDFmw2,IDFmw2/04,At,2,MR,FALSE
IDFmw2,IDFmw2/04,Bl,3,MR,FALSE
IDFmw2,IDFmw2/04,Ac,3,MR,FALSE
IDFmw2,IDFmw2/05,Cw,2,MR,FALSE
IDFmw2,IDFmw2/05,Hw,2,MR,FALSE
IDFmw2,IDFmw2/05,Ac,2,MR,FALSE
IDFmw2,IDFmw2/05,Ep,2,MR,FALSE
IDFxc,IDFxc/01,Fd,1,MR,FALSE
IDFxc,IDFxc/01,Py,2,MR,FALSE
IDFxc,IDFxc/02,Fd,3,MR,FALSE
IDFxc,IDFxc/02,Py,3,MR,FALSE
IDFxc,IDFxc/03,Fd,1,MR,FALSE
IDFxc,IDFxc/03,Py,1,MR,FALSE
IDFxc,IDFxc/04,Fd,1,MR,FALSE
IDFxc,IDFxc/04,Py,1,MR,FALSE
IDFxc,IDFxc/05,Fd,1,MR,FALSE
IDFxc,IDFxc/05,Py,1,MR,FALSE
IDFxc,IDFxc/06,Fd,1,MR,FALSE
IDFxc,IDFxc/06,Py,2,MR,FALSE
IDFxc,IDFxc/07,Fd,1,MR,FALSE
IDFxc,IDFxc/07,Sx,2,MR,FALSE
IDFxc,IDFxc/07,Cw,2,MR,FALSE
IDFxc,IDFxc/07,Ep,2,MR,FALSE
IDFxc,IDFxc/07,At,2,MR,FALSE
IDFxc,IDFxc/07,Py,3,MR,FALSE
IDFxc,IDFxc/07,Ac,3,MR,FALSE
IDFxc,IDFxc/08,Sx,1,MR,FALSE
IDFxc,IDFxc/08,Cw,2,MR,FALSE
IDFxc,IDFxc/08,Fd,2,MR,FALSE
IDFxc,IDFxc/08,Ep,2,MR,FALSE
IDFxc,IDFxc/08,At,2,MR,FALSE
IDFxc,IDFxc/08,Ac,2,MR,FALSE
MSdc1,MSdc1/01,Sx,1,MR,FALSE
MSdc1,MSdc1/01,Bl,1,MR,FALSE
MSdc1,MSdc1/01,Pl,2,MR,FALSE
MSdc1,MSdc1/01,Fd,2,MR,FALSE
MSdc1,MSdc1/01,Lw,2,MR,TRUE
MSdc1,MSdc1/01,Pw,3,MR,FALSE
MSdc1,MSdc1/01,At,3,MR,FALSE
MSdc1,MSdc1/02,Pl,3,MR,FALSE
MSdc1,MSdc1/02,Fd,3,MR,FALSE
MSdc1,MSdc1/02,Lw,3,MR,TRUE
MSdc1,MSdc1/02,Py,4,MR,FALSE
MSdc1,MSdc1/03,Pl,1,MR,FALSE
MSdc1,MSdc1/03,Fd,2,MR,FALSE
MSdc1,MSdc1/03,Lw,2,MR,TRUE
MSdc1,MSdc1/03,Sx,3,MR,FALSE
MSdc1,MSdc1/03,Bl,3,MR,FALSE
MSdc1,MSdc1/03,Pw,3,MR,FALSE
MSdc1,MSdc1/03,Pa,3,MR,FALSE
MSdc1,MSdc1/03,At,3,MR,FALSE
MSdc1,MSdc1/04,Sx,1,MR,FALSE
MSdc1,MSdc1/04,Bl,1,MR,FALSE
MSdc1,MSdc1/04,Pl,2,MR,FALSE
MSdc1,MSdc1/04,Pw,2,MR,FALSE
MSdc1,MSdc1/04,At,2,MR,FALSE
MSdc1,MSdc1/04,Fd,5,MR,FALSE
MSdc1,MSdc1/05,X,NA,MR,FALSE
MSdc3,MSdc3/01,Pl,1,MR,FALSE
MSdc3,MSdc3/01,Sx,1,MR,FALSE
MSdc3,MSdc3/01,Bl,1,MR,FALSE
MSdc3,MSdc3/01,Fd,2,MR,FALSE
MSdc3,MSdc3/01,Lw,2,MR,TRUE
MSdc3,MSdc3/01,At,2,MR,FALSE
MSdc3,MSdc3/02,Pl,3,MR,FALSE
MSdc3,MSdc3/02,Fd,3,MR,FALSE
MSdc3,MSdc3/02,Pa,3,MR,FALSE
MSdc3,MSdc3/02,Py,4,MR,FALSE
MSdc3,MSdc3/03,Pl,1,MR,FALSE
MSdc3,MSdc3/03,Fd,2,MR,FALSE
MSdc3,MSdc3/03,Lw,2,MR,TRUE
MSdc3,MSdc3/03,Pa,2,MR,FALSE
MSdc3,MSdc3/03,Py,3,MR,FALSE
MSdc3,MSdc3/04,Sx,1,MR,FALSE
MSdc3,MSdc3/04,Bl,1,MR,FALSE
MSdc3,MSdc3/04,Pl,1,MR,FALSE
MSdc3,MSdc3/04,Fd,4,MR,FALSE
MSdc3,MSdc3/04,Lw,4,MR,TRUE
MSdc3,MSdc3/05,Sx,2,MR,FALSE
MSdc3,MSdc3/05,Bl,3,MR,FALSE
MSdc3,MSdc3/05,Pl,3,MR,FALSE
MSdm3,MSdm3/01,Bl,1,MR,FALSE
MSdm3,MSdm3/01,Sx,1,MR,FALSE
MSdm3,MSdm3/01,Pl,1,MR,FALSE
MSdm3,MSdm3/01,At,3,MR,FALSE
MSdm3,MSdm3/01,Fd,4,MR,FALSE
MSdm3,MSdm3/01,Lw,4,MR,TRUE
MSdm3,MSdm3/02,X,NA,MR,FALSE
MSdm3,MSdm3/03,Pl,3,MR,FALSE
MSdm3,MSdm3/03,Fd,3,MR,FALSE
MSdm3,MSdm3/03,Py,4,MR,FALSE
MSdm3,MSdm3/04,Pl,1,MR,FALSE
MSdm3,MSdm3/04,Fd,2,MR,FALSE
MSdm3,MSdm3/04,Pa,2,MR,FALSE
MSdm3,MSdm3/04,Lw,2,MR,TRUE
MSdm3,MSdm3/04,Sx,2,MR,FALSE
MSdm3,MSdm3/04,Bl,3,MR,FALSE
MSdm3,MSdm3/04,At,3,MR,FALSE
MSdm3,MSdm3/04,Py,4,MR,FALSE
MSdm3,MSdm3/05,Sx,1,MR,FALSE
MSdm3,MSdm3/05,Bl,1,MR,FALSE
MSdm3,MSdm3/05,Pl,2,MR,FALSE
MSdm3,MSdm3/05,At,3,MR,FALSE
MSdm3,MSdm3/05,Fd,4,MR,FALSE
MSdm3,MSdm3/05,Lw,4,MR,TRUE
MSdm3,MSdm3/06,Sx,1,MR,FALSE
MSdm3,MSdm3/06,Bl,1,MR,FALSE
MSdm3,MSdm3/06,Pl,2,MR,FALSE
MSdm3,MSdm3/06,At,3,MR,FALSE
MSdm3,MSdm3/06,Fd,4,MR,FALSE
MSdm3,MSdm3/06,Lw,4,MR,TRUE
MSdm3,MSdm3/07,Sx,2,MR,FALSE
MSdm3,MSdm3/07,Pl,3,MR,FALSE
MSdm3,MSdm3/07,Bl,3,MR,FALSE
MSdm3,MSdm3/07,At,3,MR,FALSE
MSdm3,MSdm3/07,Ac,3,MR,FALSE
MSxk3,MSxk3/01,Pl,1,MR,FALSE
MSxk3,MSxk3/01,Sx,3,MR,FALSE
MSxk3,MSxk3/01,Bl,3,MR,FALSE
MSxk3,MSxk3/01,Fd,4,MR,FALSE
MSxk3,MSxk3/01,Lw,4,MR,TRUE
MSxk3,MSxk3/02,Pl,3,MR,FALSE
MSxk3,MSxk3/02,Fd,3,MR,FALSE
MSxk3,MSxk3/02,Bl,4,MR,FALSE
MSxk3,MSxk3/03,X,NA,MR,FALSE
MSxk3,MSxk3/04,X,NA,MR,FALSE
MSxk3,MSxk3/05,Pl,1,MR,FALSE
MSxk3,MSxk3/05,Fd,2,MR,FALSE
MSxk3,MSxk3/05,Lw,2,MR,TRUE
MSxk3,MSxk3/05,Py,3,MR,FALSE
MSxk3,MSxk3/05,Sx,4,MR,FALSE
MSxk3,MSxk3/05,Bl,4,MR,FALSE
MSxk3,MSxk3/06,Pl,1,MR,FALSE
MSxk3,MSxk3/06,Sx,2,MR,FALSE
MSxk3,MSxk3/06,Bl,2,MR,FALSE
MSxk3,MSxk3/06,Fd,3,MR,FALSE
MSxk3,MSxk3/06,Lw,3,MR,TRUE
MSxk3,MSxk3/08,Sx,1,MR,FALSE
MSxk3,MSxk3/08,Bl,1,MR,FALSE
MSxk3,MSxk3/08,Pl,2,MR,FALSE
MSxk3,MSxk3/08,At,3,MR,FALSE
MSxk3,MSxk3/09,Sx,2,MR,FALSE
MSxk3,MSxk3/09,Bl,2,MR,FALSE
MSxk3,MSxk3/09,Pl,2,MR,FALSE
MSxk3,MSxk3/09,At,3,MR,FALSE
MSxk3,MSxk3/09,Ac,3,MR,FALSE
SBSmm,SBSmm/01,Sx,1,MR,FALSE
SBSmm,SBSmm/01,Bl,1,MR,FALSE
SBSmm,SBSmm/01,Pl,1,MR,FALSE
SBSmm,SBSmm/01,Fd,3,MR,FALSE
SBSmm,SBSmm/01,Lw,3,MR,TRUE
SBSmm,SBSmm/01,At,3,MR,FALSE
SBSmm,SBSmm/02,Pl,3,MR,FALSE
SBSmm,SBSmm/02,Sx,4,MR,FALSE
SBSmm,SBSmm/02,Bl,4,MR,FALSE
SBSmm,SBSmm/02,Fd,4,MR,FALSE
SBSmm,SBSmm/03,Pl,1,MR,FALSE
SBSmm,SBSmm/03,Sx,2,MR,FALSE
SBSmm,SBSmm/03,Bl,3,MR,FALSE
SBSmm,SBSmm/03,At,3,MR,FALSE
SBSmm,SBSmm/03,Fd,4,MR,FALSE
SBSmm,SBSmm/03,Lw,4,MR,TRUE
SBSmm,SBSmm/04,Pl,1,MR,FALSE
SBSmm,SBSmm/04,Sx,2,MR,FALSE
SBSmm,SBSmm/04,Bl,2,MR,FALSE
SBSmm,SBSmm/04,Fd,3,MR,FALSE
SBSmm,SBSmm/04,Lw,3,MR,TRUE
SBSmm,SBSmm/05,Sx,1,MR,FALSE
SBSmm,SBSmm/05,Bl,1,MR,FALSE
SBSmm,SBSmm/05,Pl,1,MR,FALSE
SBSmm,SBSmm/05,Fd,3,MR,FALSE
SBSmm,SBSmm/05,Lw,3,MR,TRUE
SBSmm,SBSmm/05,At,3,MR,FALSE
SBSmm,SBSmm/06,Sx,1,MR,FALSE
SBSmm,SBSmm/06,Bl,1,MR,FALSE
SBSmm,SBSmm/06,Pl,1,MR,FALSE
SBSmm,SBSmm/06,Fd,3,MR,FALSE
SBSmm,SBSmm/06,Lw,3,MR,TRUE
SBSmm,SBSmm/06,At,3,MR,FALSE
SBSmm,SBSmm/07,Sx,1,MR,FALSE
SBSmm,SBSmm/07,Bl,1,MR,FALSE
SBSmm,SBSmm/07,Pl,2,MR,FALSE
SBSmm,SBSmm/07,At,3,MR,FALSE
SBSmm,SBSmm/07,Cw,4,MR,FALSE
SBSmm,SBSmm/07,Fd,4,MR,FALSE
SBSmm,SBSmm/07,Sx,1,MR,FALSE
SBSmm,SBSmm/07,Bl,2,MR,FALSE
SBSmm,SBSmm/07,Pl,2,MR,FALSE
SBSmm,SBSmm/07,At,3,MR,FALSE
SBSmm,SBSmm/08,Pl,3,MR,FALSE
SBSmm,SBSmm/08,At,4,MR,FALSE
SBSmm,SBSmm/08,Ac,4,MR,FALSE
SBSmm,SBSmm/09,Bl,2,MR,FALSE
SBSmm,SBSmm/09,Sx,2,MR,FALSE
SBSmm,SBSmm/09,Pl,3,MR,FALSE
SBSmm,SBSmm/09,At,4,MR,FALSE
SBSmm,SBSmm/09,Ac,4,MR,FALSE
