BGC,Missing
BGdh_OR,C0
BGdh_OR,D0
BGdh_OR,E0
BGdh_OR,E1
BGdh_OR,E2
BGdh_OR,A3
BGdh_OR,E3
BGdh_OR,A4
BGdh_OR,E4
BGdh_OR,A5
BGdh_OR,A6
BGdh_OR,A7
BGdh_OR,B7
BGdh_OR,C7
BGdh_OR,D7
BGdh_OR,E7
BGdw_OR,C0
BGdw_OR,D0
BGdw_OR,E0
BGdw_OR,E1
BGdw_OR,E2
BGdw_OR,A3
BGdw_OR,E3
BGdw_OR,A4
BGdw_OR,E4
BGdw_OR,A5
BGdw_OR,A6
BGdw_OR,A7
BGdw_OR,B7
BGdw_OR,C7
BGdw_OR,D7
BGdw_OR,E7
BGdw_WA,C0
BGdw_WA,D0
BGdw_WA,E0
BGdw_WA,E1
BGdw_WA,E2
BGdw_WA,A3
BGdw_WA,E3
BGdw_WA,A4
BGdw_WA,E4
BGdw_WA,A5
BGdw_WA,A6
BGdw_WA,A7
BGdw_WA,B7
BGdw_WA,C7
BGdw_WA,D7
BGdw_WA,E7
BGmk_ID,C0
BGmk_ID,D0
BGmk_ID,E0
BGmk_ID,E1
BGmk_ID,E2
BGmk_ID,A3
BGmk_ID,E3
BGmk_ID,A4
BGmk_ID,E4
BGmk_ID,A5
BGmk_ID,A6
BGmk_ID,A7
BGmk_ID,B7
BGmk_ID,C7
BGmk_ID,D7
BGmk_ID,E7
BGmk_MT,C0
BGmk_MT,D0
BGmk_MT,E0
BGmk_MT,E1
BGmk_MT,E2
BGmk_MT,A3
BGmk_MT,E3
BGmk_MT,A4
BGmk_MT,E4
BGmk_MT,A5
BGmk_MT,A6
BGmk_MT,A7
BGmk_MT,B7
BGmk_MT,C7
BGmk_MT,D7
BGmk_MT,E7
BGmk_NV,C0
BGmk_NV,D0
BGmk_NV,E0
BGmk_NV,E1
BGmk_NV,E2
BGmk_NV,A3
BGmk_NV,E3
BGmk_NV,A4
BGmk_NV,E4
BGmk_NV,A5
BGmk_NV,A6
BGmk_NV,A7
BGmk_NV,B7
BGmk_NV,C7
BGmk_NV,D7
BGmk_NV,E7
BGmm_MT,C0
BGmm_MT,D0
BGmm_MT,E0
BGmm_MT,E1
BGmm_MT,E2
BGmm_MT,A3
BGmm_MT,E3
BGmm_MT,A4
BGmm_MT,E4
BGmm_MT,A5
BGmm_MT,A6
BGmm_MT,A7
BGmm_MT,B7
BGmm_MT,C7
BGmm_MT,D7
BGmm_MT,E7
BGmw_OR,C0
BGmw_OR,D0
BGmw_OR,E0
BGmw_OR,E1
BGmw_OR,E2
BGmw_OR,A3
BGmw_OR,E3
BGmw_OR,A4
BGmw_OR,E4
BGmw_OR,A5
BGmw_OR,A6
BGmw_OR,A7
BGmw_OR,B7
BGmw_OR,C7
BGmw_OR,D7
BGmw_OR,E7
BGmw_WA,C0
BGmw_WA,D0
BGmw_WA,E0
BGmw_WA,E1
BGmw_WA,E2
BGmw_WA,A3
BGmw_WA,E3
BGmw_WA,A4
BGmw_WA,E4
BGmw_WA,A5
BGmw_WA,A6
BGmw_WA,A7
BGmw_WA,B7
BGmw_WA,C7
BGmw_WA,D7
BGmw_WA,E7
BGwm_WA,C0
BGwm_WA,D0
BGwm_WA,E0
BGwm_WA,E1
BGwm_WA,E2
BGwm_WA,A3
BGwm_WA,E3
BGwm_WA,A4
BGwm_WA,E4
BGwm_WA,A5
BGwm_WA,A6
BGwm_WA,A7
BGwm_WA,B7
BGwm_WA,C7
BGwm_WA,D7
BGwm_WA,E7
BGxh1,D0
BGxh1,E0
BGxh1,E1
BGxh1,E2
BGxh1,A5
BGxh1,B5
BGxh1,A6
BGxh1,B6
BGxh1,A7
BGxh1,B7
BGxh1,C7
BGxh1,D7
BGxh1,E7
BGxh2,C0
BGxh2,D0
BGxh2,E0
BGxh2,E1
BGxh2,A2
BGxh2,E2
BGxh2,A3
BGxh2,E3
BGxh2,A4
BGxh2,A5
BGxh2,B5
BGxh2,A6
BGxh2,B6
BGxh2,C6
BGxh2,A7
BGxh2,B7
BGxh2,C7
BGxh2,D7
BGxh2,E7
BGxh3,C0
BGxh3,D0
BGxh3,E0
BGxh3,A1
BGxh3,B1
BGxh3,C1
BGxh3,D1
BGxh3,E1
BGxh3,A2
BGxh3,D2
BGxh3,E2
BGxh3,A3
BGxh3,D3
BGxh3,E3
BGxh3,A4
BGxh3,E4
BGxh3,A5
BGxh3,B5
BGxh3,A6
BGxh3,B6
BGxh3,A7
BGxh3,B7
BGxh3,C7
BGxh3,D7
BGxh3,E7
BGxh_WA,C0
BGxh_WA,D0
BGxh_WA,E0
BGxh_WA,E1
BGxh_WA,E2
BGxh_WA,A3
BGxh_WA,E3
BGxh_WA,A4
BGxh_WA,E4
BGxh_WA,A5
BGxh_WA,A6
BGxh_WA,A7
BGxh_WA,B7
BGxh_WA,C7
BGxh_WA,D7
BGxh_WA,E7
BGxw1,C0
BGxw1,D0
BGxw1,E0
BGxw1,E1
BGxw1,E2
BGxw1,A3
BGxw1,A4
BGxw1,A5
BGxw1,B5
BGxw1,A6
BGxw1,B6
BGxw1,C6
BGxw1,A7
BGxw1,B7
BGxw1,C7
BGxw1,D7
BGxw1,E7
BGxw2,C0
BGxw2,D0
BGxw2,E0
BGxw2,A1
BGxw2,B1
BGxw2,C1
BGxw2,D1
BGxw2,E1
BGxw2,A2
BGxw2,D2
BGxw2,E2
BGxw2,A3
BGxw2,E3
BGxw2,A4
BGxw2,E4
BGxw2,A5
BGxw2,B5
BGxw2,A6
BGxw2,B6
BGxw2,A7
BGxw2,B7
BGxw2,C7
BGxw2,D7
BGxw2,E7
BGxx_WY,C0
BGxx_WY,D0
BGxx_WY,E0
BGxx_WY,E1
BGxx_WY,E2
BGxx_WY,A3
BGxx_WY,E3
BGxx_WY,A4
BGxx_WY,E4
BGxx_WY,A5
BGxx_WY,A6
BGxx_WY,A7
BGxx_WY,B7
BGxx_WY,C7
BGxx_WY,D7
BGxx_WY,E7
BGxxx_WY,C0
BGxxx_WY,D0
BGxxx_WY,E0
BGxxx_WY,E1
BGxxx_WY,E2
BGxxx_WY,A3
BGxxx_WY,E3
BGxxx_WY,A4
BGxxx_WY,E4
BGxxx_WY,A5
BGxxx_WY,A6
BGxxx_WY,A7
BGxxx_WY,B7
BGxxx_WY,C7
BGxxx_WY,D7
BGxxx_WY,E7
BSJPap,C0
BSJPap,D0
BSJPap,E0
BSJPap,C1
BSJPap,D1
BSJPap,E1
BSJPap,D2
BSJPap,E2
BSJPap,E3
BSJPap,E4
BSJPku,C0
BSJPku,D0
BSJPku,E0
BSJPku,C1
BSJPku,D1
BSJPku,E1
BSJPku,C2
BSJPku,D2
BSJPku,E2
BSJPku,E3
BSJPku,E4
BSJPpa,C0
BSJPpa,D0
BSJPpa,E0
BSJPpa,A1
BSJPpa,C1
BSJPpa,D1
BSJPpa,E1
BSJPpa,D2
BSJPpa,E2
BSJPpa,E3
BSJPpa,E4
BWBScmC,C0
BWBScmC,D0
BWBScmC,E0
BWBScmC,C1
BWBScmC,D1
BWBScmC,E1
BWBScmC,D2
BWBScmC,E2
BWBScmC,D3
BWBScmC,E3
BWBScmC,E4
BWBScmE,C0
BWBScmE,D0
BWBScmE,E0
BWBScmE,C1
BWBScmE,D1
BWBScmE,E1
BWBScmE,D2
BWBScmE,E2
BWBScmE,D3
BWBScmE,E3
BWBScmE,E4
BWBScmNW,C0
BWBScmNW,D0
BWBScmNW,E0
BWBScmNW,C1
BWBScmNW,D1
BWBScmNW,E1
BWBScmNW,D2
BWBScmNW,E2
BWBScmNW,D3
BWBScmNW,E3
BWBScmNW,E4
BWBScmW,C0
BWBScmW,D0
BWBScmW,E0
BWBScmW,C1
BWBScmW,D1
BWBScmW,E1
BWBScmW,D2
BWBScmW,E2
BWBScmW,D3
BWBScmW,E3
BWBScmW,E4
BWBSdk,E0
BWBSdk,D2
BWBSdk,E2
BWBSdk,E3
BWBSdk,E4
BWBSdk,A7
BWBSdk,B7
BWBSdk,C7
BWBSdk,D7
BWBSdk,E7
BWBSdmN,C0
BWBSdmN,D0
BWBSdmN,E0
BWBSdmN,C1
BWBSdmN,D1
BWBSdmN,E1
BWBSdmN,D2
BWBSdmN,E2
BWBSdmN,D3
BWBSdmN,E3
BWBSdmN,E4
BWBSdmS,C0
BWBSdmS,D0
BWBSdmS,E0
BWBSdmS,C1
BWBSdmS,D1
BWBSdmS,E1
BWBSdmS,D2
BWBSdmS,E2
BWBSdmS,D3
BWBSdmS,E3
BWBSdmS,E4
BWBSlbE,C0
BWBSlbE,D0
BWBSlbE,E0
BWBSlbE,A1
BWBSlbE,C1
BWBSlbE,D1
BWBSlbE,E1
BWBSlbE,D2
BWBSlbE,E2
BWBSlbE,A3
BWBSlbE,D3
BWBSlbE,E3
BWBSlbE,E4
BWBSlbE,A5
BWBSlbN,C0
BWBSlbN,D0
BWBSlbN,E0
BWBSlbN,A1
BWBSlbN,C1
BWBSlbN,D1
BWBSlbN,E1
BWBSlbN,D2
BWBSlbN,E2
BWBSlbN,A3
BWBSlbN,D3
BWBSlbN,E3
BWBSlbN,E4
BWBSlbN,A5
BWBSlbW,C0
BWBSlbW,D0
BWBSlbW,E0
BWBSlbW,A1
BWBSlbW,C1
BWBSlbW,D1
BWBSlbW,E1
BWBSlbW,D2
BWBSlbW,E2
BWBSlbW,A3
BWBSlbW,D3
BWBSlbW,E3
BWBSlbW,E4
BWBSlbW,A5
BWBSlf,C0
BWBSlf,D0
BWBSlf,E0
BWBSlf,D1
BWBSlf,E1
BWBSlf,D2
BWBSlf,E2
BWBSlf,D3
BWBSlf,E3
BWBSlf,E4
BWBSmk,C0
BWBSmk,E0
BWBSmk,C1
BWBSmk,D2
BWBSmk,E2
BWBSmk,E3
BWBSmk,E4
BWBSmk,A7
BWBSmk,B7
BWBSmk,C7
BWBSmk,D7
BWBSmk,E7
BWBSmw,C0
BWBSmw,E0
BWBSmw,C1
BWBSmw,D2
BWBSmw,E2
BWBSmw,D3
BWBSmw,E3
BWBSmw,E4
BWBSmw,A7
BWBSmw,B7
BWBSmw,C7
BWBSmw,D7
BWBSmw,E7
BWBSnm,C0
BWBSnm,D0
BWBSnm,E0
BWBSnm,C1
BWBSnm,D1
BWBSnm,E1
BWBSnm,D2
BWBSnm,E2
BWBSnm,D3
BWBSnm,E3
BWBSnm,E4
BWBSpp,A0
BWBSpp,B0
BWBSpp,C0
BWBSpp,D0
BWBSpp,E0
BWBSpp,C1
BWBSpp,D1
BWBSpp,E1
BWBSpp,D2
BWBSpp,E2
BWBSpp,D3
BWBSpp,E3
BWBSpp,E4
BWBSub,C0
BWBSub,D0
BWBSub,E0
BWBSub,A1
BWBSub,C1
BWBSub,D1
BWBSub,E1
BWBSub,D2
BWBSub,E2
BWBSub,A3
BWBSub,D3
BWBSub,E3
BWBSub,E4
BWBSub,A5
BWBSuf,C0
BWBSuf,D0
BWBSuf,E0
BWBSuf,A1
BWBSuf,D1
BWBSuf,E1
BWBSuf,D2
BWBSuf,E2
BWBSuf,E3
BWBSvk,A5
BWBSvk,A6
BWBSvk,A7
BWBSwk1,C0
BWBSwk1,D0
BWBSwk1,E0
BWBSwk1,C1
BWBSwk1,D1
BWBSwk1,E1
BWBSwk1,D2
BWBSwk1,E2
BWBSwk1,E3
BWBSwk1,E4
BWBSwk1,E5
BWBSwk1,E6
BWBSwk1,A7
BWBSwk1,B7
BWBSwk1,C7
BWBSwk1,D7
BWBSwk1,E7
BWBSwk2,C0
BWBSwk2,E0
BWBSwk2,D2
BWBSwk2,E2
BWBSwk2,E3
BWBSwk2,E4
BWBSwk2,E5
BWBSwk2,E6
BWBSwk2,A7
BWBSwk2,B7
BWBSwk2,C7
BWBSwk2,D7
BWBSwk2,E7
BWBSwk3,C0
BWBSwk3,D0
BWBSwk3,E0
BWBSwk3,C1
BWBSwk3,D1
BWBSwk3,E1
BWBSwk3,D2
BWBSwk3,E2
BWBSwk3,D3
BWBSwk3,E3
BWBSwk3,E4
BWBSwk3,E5
BWBSwk3,E6
BWBSwk3,A7
BWBSwk3,B7
BWBSwk3,C7
BWBSwk3,D7
BWBSwk3,E7
CCHun_CA,C0
CCHun_CA,D0
CCHun_CA,E0
CCHun_CA,E1
CCHun_CA,E2
CCHun_CA,A3
CCHun_CA,E3
CCHun_CA,A4
CCHun_CA,E4
CCHun_CA,A5
CCHun_CA,A6
CCHun_CA,A7
CCHun_CA,B7
CCHun_CA,C7
CCHun_CA,D7
CCHun_CA,E7
CDFmm_OR,C0
CDFmm_OR,D0
CDFmm_OR,E0
CDFmm_OR,E1
CDFmm_OR,E2
CDFmm_OR,A3
CDFmm_OR,E3
CDFmm_OR,A4
CDFmm_OR,E4
CDFmm_OR,A5
CDFmm_OR,A6
CDFmm_OR,A7
CDFmm_OR,B7
CDFmm_OR,C7
CDFmm_OR,D7
CDFmm_OR,E7
CDFmm_WA,C0
CDFmm_WA,D0
CDFmm_WA,E0
CDFmm_WA,E1
CDFmm_WA,E2
CDFmm_WA,A3
CDFmm_WA,E3
CDFmm_WA,A4
CDFmm_WA,E4
CDFmm_WA,A5
CDFmm_WA,A6
CDFmm_WA,A7
CDFmm_WA,B7
CDFmm_WA,C7
CDFmm_WA,D7
CDFmm_WA,E7
CDFxm_CA,C0
CDFxm_CA,D0
CDFxm_CA,E0
CDFxm_CA,E1
CDFxm_CA,E2
CDFxm_CA,A3
CDFxm_CA,E3
CDFxm_CA,A4
CDFxm_CA,E4
CDFxm_CA,A5
CDFxm_CA,A6
CDFxm_CA,A7
CDFxm_CA,B7
CDFxm_CA,C7
CDFxm_CA,D7
CDFxm_CA,E7
CMXdm_OR,C0
CMXdm_OR,D0
CMXdm_OR,E0
CMXdm_OR,E1
CMXdm_OR,E2
CMXdm_OR,A3
CMXdm_OR,E3
CMXdm_OR,A4
CMXdm_OR,E4
CMXdm_OR,A5
CMXdm_OR,A6
CMXdm_OR,A7
CMXdm_OR,B7
CMXdm_OR,C7
CMXdm_OR,D7
CMXdm_OR,E7
CMXmm_OR,C0
CMXmm_OR,D0
CMXmm_OR,E0
CMXmm_OR,E1
CMXmm_OR,E2
CMXmm_OR,A3
CMXmm_OR,E3
CMXmm_OR,A4
CMXmm_OR,E4
CMXmm_OR,A5
CMXmm_OR,A6
CMXmm_OR,A7
CMXmm_OR,B7
CMXmm_OR,C7
CMXmm_OR,D7
CMXmm_OR,E7
CMXwm_OR,C0
CMXwm_OR,D0
CMXwm_OR,E0
CMXwm_OR,E1
CMXwm_OR,E2
CMXwm_OR,A3
CMXwm_OR,E3
CMXwm_OR,A4
CMXwm_OR,E4
CMXwm_OR,A5
CMXwm_OR,A6
CMXwm_OR,A7
CMXwm_OR,B7
CMXwm_OR,C7
CMXwm_OR,D7
CMXwm_OR,E7
CMXxm_CA,C0
CMXxm_CA,D0
CMXxm_CA,E0
CMXxm_CA,E1
CMXxm_CA,E2
CMXxm_CA,A3
CMXxm_CA,E3
CMXxm_CA,A4
CMXxm_CA,E4
CMXxm_CA,A5
CMXxm_CA,A6
CMXxm_CA,A7
CMXxm_CA,B7
CMXxm_CA,C7
CMXxm_CA,D7
CMXxm_CA,E7
CRFdh_CA,C0
CRFdh_CA,D0
CRFdh_CA,E0
CRFdh_CA,E1
CRFdh_CA,E2
CRFdh_CA,A3
CRFdh_CA,E3
CRFdh_CA,A4
CRFdh_CA,E4
CRFdh_CA,A5
CRFdh_CA,A6
CRFdh_CA,A7
CRFdh_CA,B7
CRFdh_CA,C7
CRFdh_CA,D7
CRFdh_CA,E7
CVGdm_CA,C0
CVGdm_CA,D0
CVGdm_CA,E0
CVGdm_CA,E1
CVGdm_CA,E2
CVGdm_CA,A3
CVGdm_CA,E3
CVGdm_CA,A4
CVGdm_CA,E4
CVGdm_CA,A5
CVGdm_CA,A6
CVGdm_CA,A7
CVGdm_CA,B7
CVGdm_CA,C7
CVGdm_CA,D7
CVGdm_CA,E7
CWFdm_OR,C0
CWFdm_OR,D0
CWFdm_OR,E0
CWFdm_OR,E1
CWFdm_OR,E2
CWFdm_OR,A3
CWFdm_OR,E3
CWFdm_OR,A4
CWFdm_OR,E4
CWFdm_OR,A5
CWFdm_OR,A6
CWFdm_OR,A7
CWFdm_OR,B7
CWFdm_OR,C7
CWFdm_OR,D7
CWFdm_OR,E7
CWFds_CA,C0
CWFds_CA,D0
CWFds_CA,E0
CWFds_CA,E1
CWFds_CA,E2
CWFds_CA,A3
CWFds_CA,E3
CWFds_CA,A4
CWFds_CA,E4
CWFds_CA,A5
CWFds_CA,A6
CWFds_CA,A7
CWFds_CA,B7
CWFds_CA,C7
CWFds_CA,D7
CWFds_CA,E7
CWFmm_OR,C0
CWFmm_OR,D0
CWFmm_OR,E0
CWFmm_OR,E1
CWFmm_OR,E2
CWFmm_OR,A3
CWFmm_OR,E3
CWFmm_OR,A4
CWFmm_OR,E4
CWFmm_OR,A5
CWFmm_OR,A6
CWFmm_OR,A7
CWFmm_OR,B7
CWFmm_OR,C7
CWFmm_OR,D7
CWFmm_OR,E7
CWFwm_OR,C0
CWFwm_OR,D0
CWFwm_OR,E0
CWFwm_OR,E1
CWFwm_OR,E2
CWFwm_OR,A3
CWFwm_OR,E3
CWFwm_OR,A4
CWFwm_OR,E4
CWFwm_OR,A5
CWFwm_OR,A6
CWFwm_OR,A7
CWFwm_OR,B7
CWFwm_OR,C7
CWFwm_OR,D7
CWFwm_OR,E7
CWHdm1,D0
CWHdm1,E0
CWHdm2,D0
CWHdm2,E0
CWHdm3,D0
CWHdm3,E0
CWHdm_OC,C0
CWHdm_OC,D0
CWHdm_OC,E0
CWHdm_OC,E1
CWHdm_OC,E2
CWHdm_OC,A3
CWHdm_OC,E3
CWHdm_OC,A4
CWHdm_OC,E4
CWHdm_OC,A5
CWHdm_OC,A6
CWHdm_OC,A7
CWHdm_OC,B7
CWHdm_OC,C7
CWHdm_OC,D7
CWHdm_OC,E7
CWHdm_OR,C0
CWHdm_OR,D0
CWHdm_OR,E0
CWHdm_OR,E1
CWHdm_OR,E2
CWHdm_OR,A3
CWHdm_OR,E3
CWHdm_OR,A4
CWHdm_OR,E4
CWHdm_OR,A5
CWHdm_OR,A6
CWHdm_OR,A7
CWHdm_OR,B7
CWHdm_OR,C7
CWHdm_OR,D7
CWHdm_OR,E7
CWHdm_WA,C0
CWHdm_WA,D0
CWHdm_WA,E0
CWHdm_WA,E1
CWHdm_WA,E2
CWHdm_WA,A3
CWHdm_WA,E3
CWHdm_WA,A4
CWHdm_WA,E4
CWHdm_WA,A5
CWHdm_WA,A6
CWHdm_WA,A7
CWHdm_WA,B7
CWHdm_WA,C7
CWHdm_WA,D7
CWHdm_WA,E7
CWHdm_WC,C0
CWHdm_WC,D0
CWHdm_WC,E0
CWHdm_WC,E1
CWHdm_WC,E2
CWHdm_WC,A3
CWHdm_WC,E3
CWHdm_WC,A4
CWHdm_WC,E4
CWHdm_WC,A5
CWHdm_WC,A6
CWHdm_WC,A7
CWHdm_WC,B7
CWHdm_WC,C7
CWHdm_WC,D7
CWHdm_WC,E7
CWHds1,D0
CWHds1,E0
CWHds1,D1
CWHds1,E1
CWHds1,D2
CWHds1,E2
CWHds1,A5
CWHds1,B5
CWHds1,C5
CWHds1,A6
CWHds1,B6
CWHds1,C6
CWHds2,D0
CWHds2,E0
CWHds2,D1
CWHds2,E1
CWHds2,D2
CWHds2,E2
CWHds2,A5
CWHds2,B5
CWHds2,A6
CWHds2,B6
CWHds_WA,C0
CWHds_WA,D0
CWHds_WA,E0
CWHds_WA,E1
CWHds_WA,E2
CWHds_WA,A3
CWHds_WA,E3
CWHds_WA,A4
CWHds_WA,E4
CWHds_WA,A5
CWHds_WA,A6
CWHds_WA,A7
CWHds_WA,B7
CWHds_WA,C7
CWHds_WA,D7
CWHds_WA,E7
CWHmh_OR,C0
CWHmh_OR,D0
CWHmh_OR,E0
CWHmh_OR,E1
CWHmh_OR,E2
CWHmh_OR,A3
CWHmh_OR,E3
CWHmh_OR,A4
CWHmh_OR,E4
CWHmh_OR,A5
CWHmh_OR,A6
CWHmh_OR,A7
CWHmh_OR,B7
CWHmh_OR,C7
CWHmh_OR,D7
CWHmh_OR,E7
CWHmm1,D0
CWHmm1,E0
CWHmm1,D1
CWHmm1,E1
CWHmm2,D0
CWHmm2,E0
CWHmm2,D1
CWHmm2,E1
CWHmm2,D2
CWHmm2,E2
CWHms3,D0
CWHms3,E0
CWHms3,D1
CWHms3,E1
CWHms3,D2
CWHms3,E2
CWHms4,D0
CWHms4,E0
CWHms4,D1
CWHms4,E1
CWHms4,D2
CWHms4,E2
CWHms5,D0
CWHms5,E0
CWHms5,D1
CWHms5,E1
CWHms5,D2
CWHms5,E2
CWHms_OR,C0
CWHms_OR,D0
CWHms_OR,E0
CWHms_OR,E1
CWHms_OR,E2
CWHms_OR,A3
CWHms_OR,E3
CWHms_OR,A4
CWHms_OR,E4
CWHms_OR,A5
CWHms_OR,A6
CWHms_OR,A7
CWHms_OR,B7
CWHms_OR,C7
CWHms_OR,D7
CWHms_OR,E7
CWHms_WA,C0
CWHms_WA,D0
CWHms_WA,E0
CWHms_WA,E1
CWHms_WA,E2
CWHms_WA,A3
CWHms_WA,E3
CWHms_WA,A4
CWHms_WA,E4
CWHms_WA,A5
CWHms_WA,A6
CWHms_WA,A7
CWHms_WA,B7
CWHms_WA,C7
CWHms_WA,D7
CWHms_WA,E7
CWHvh3,D0
CWHvh3,E0
CWHvh3,D1
CWHvh3,E1
CWHvh3,C7
CWHvh_WA,C0
CWHvh_WA,D0
CWHvh_WA,E0
CWHvh_WA,E1
CWHvh_WA,E2
CWHvh_WA,A3
CWHvh_WA,E3
CWHvh_WA,A4
CWHvh_WA,E4
CWHvh_WA,A5
CWHvh_WA,A6
CWHvh_WA,A7
CWHvh_WA,B7
CWHvh_WA,C7
CWHvh_WA,D7
CWHvh_WA,E7
CWHvm1,D0
CWHvm1,E0
CWHvm1,D1
CWHvm1,E1
CWHvm2,D0
CWHvm2,E0
CWHvm2,D1
CWHvm2,E1
CWHvm2,D2
CWHvm2,E2
CWHvm3,D0
CWHvm3,E0
CWHvm3,D1
CWHvm3,E1
CWHvm4,C0
CWHvm4,D0
CWHvm4,E0
CWHvm4,D1
CWHvm4,E1
CWHvm4,D2
CWHvm4,E2
CWHvm_OR,C0
CWHvm_OR,D0
CWHvm_OR,E0
CWHvm_OR,E1
CWHvm_OR,E2
CWHvm_OR,A3
CWHvm_OR,E3
CWHvm_OR,A4
CWHvm_OR,E4
CWHvm_OR,A5
CWHvm_OR,A6
CWHvm_OR,A7
CWHvm_OR,B7
CWHvm_OR,C7
CWHvm_OR,D7
CWHvm_OR,E7
CWHvm_WA,C0
CWHvm_WA,D0
CWHvm_WA,E0
CWHvm_WA,E1
CWHvm_WA,E2
CWHvm_WA,A3
CWHvm_WA,E3
CWHvm_WA,A4
CWHvm_WA,E4
CWHvm_WA,A5
CWHvm_WA,A6
CWHvm_WA,A7
CWHvm_WA,B7
CWHvm_WA,C7
CWHvm_WA,D7
CWHvm_WA,E7
CWHwh1,D0
CWHwh1,E0
CWHwh1,D1
CWHwh1,E1
CWHwh2,C0
CWHwh2,D0
CWHwh2,E0
CWHwh2,D1
CWHwh2,E1
CWHwh2,D2
CWHwh2,E2
CWHwh2,D3
CWHwh2,E3
CWHwh2,A7
CWHwh2,B7
CWHwh_OR,C0
CWHwh_OR,D0
CWHwh_OR,E0
CWHwh_OR,E1
CWHwh_OR,E2
CWHwh_OR,A3
CWHwh_OR,E3
CWHwh_OR,A4
CWHwh_OR,E4
CWHwh_OR,A5
CWHwh_OR,A6
CWHwh_OR,A7
CWHwh_OR,B7
CWHwh_OR,C7
CWHwh_OR,D7
CWHwh_OR,E7
CWHwh_WA,C0
CWHwh_WA,D0
CWHwh_WA,E0
CWHwh_WA,E1
CWHwh_WA,E2
CWHwh_WA,A3
CWHwh_WA,E3
CWHwh_WA,A4
CWHwh_WA,E4
CWHwh_WA,A5
CWHwh_WA,A6
CWHwh_WA,A7
CWHwh_WA,B7
CWHwh_WA,C7
CWHwh_WA,D7
CWHwh_WA,E7
CWHwm,D0
CWHwm,E0
CWHwm,D1
CWHwm,E1
CWHwm,D2
CWHwm,E2
CWHws1,D0
CWHws1,E0
CWHws1,D1
CWHws1,E1
CWHws1,D2
CWHws1,E2
CWHws2,D0
CWHws2,E0
CWHws2,D1
CWHws2,E1
CWHws2,D2
CWHws2,E2
CWHws3,D0
CWHws3,E0
CWHws3,D1
CWHws3,E1
CWHws3,D2
CWHws3,E2
CWHxm_OR,C0
CWHxm_OR,D0
CWHxm_OR,E0
CWHxm_OR,E1
CWHxm_OR,E2
CWHxm_OR,A3
CWHxm_OR,E3
CWHxm_OR,A4
CWHxm_OR,E4
CWHxm_OR,A5
CWHxm_OR,A6
CWHxm_OR,A7
CWHxm_OR,B7
CWHxm_OR,C7
CWHxm_OR,D7
CWHxm_OR,E7
CWHxm_WA,C0
CWHxm_WA,D0
CWHxm_WA,E0
CWHxm_WA,E1
CWHxm_WA,E2
CWHxm_WA,A3
CWHxm_WA,E3
CWHxm_WA,A4
CWHxm_WA,E4
CWHxm_WA,A5
CWHxm_WA,A6
CWHxm_WA,A7
CWHxm_WA,B7
CWHxm_WA,C7
CWHxm_WA,D7
CWHxm_WA,E7
CWHxs,C0
CWHxs,D0
CWHxs,E0
CWHxs,D1
CWHxs,E1
CWHxs,D2
CWHxs,E2
CWHxs,A6
CWHxs,B6
CWHxs,A7
CWHxs,B7
ESSFabC,C0
ESSFabC,D0
ESSFabC,E0
ESSFabC,D1
ESSFabC,E1
ESSFabC,E2
ESSFabC,E3
ESSFabE,C0
ESSFabE,D0
ESSFabE,E0
ESSFabE,D1
ESSFabE,E1
ESSFabE,E2
ESSFabE,E3
ESSFabN,C0
ESSFabN,D0
ESSFabN,E0
ESSFabN,D1
ESSFabN,E1
ESSFabN,E2
ESSFabN,E3
ESSFabS,C0
ESSFabS,D0
ESSFabS,E0
ESSFabS,D1
ESSFabS,E1
ESSFabS,E2
ESSFabS,E3
ESSFdc1,C0
ESSFdc1,D0
ESSFdc1,E0
ESSFdc1,C1
ESSFdc1,D1
ESSFdc1,E1
ESSFdc1,D2
ESSFdc1,E2
ESSFdc1,A3
ESSFdc1,D3
ESSFdc1,E3
ESSFdc1,A4
ESSFdc1,E4
ESSFdc1,A5
ESSFdc1,B5
ESSFdc1,A6
ESSFdc1,B6
ESSFdc1,A7
ESSFdc1,B7
ESSFdc2,C0
ESSFdc2,D0
ESSFdc2,E0
ESSFdc2,D1
ESSFdc2,E1
ESSFdc2,A2
ESSFdc2,D2
ESSFdc2,E2
ESSFdc2,A3
ESSFdc2,E3
ESSFdc2,A4
ESSFdc2,E4
ESSFdc2,A5
ESSFdc2,B5
ESSFdc2,A6
ESSFdc2,B6
ESSFdc2,A7
ESSFdc3,E0
ESSFdc3,E1
ESSFdc3,E2
ESSFdc3,E3
ESSFdc3,A5
ESSFdc3,A6
ESSFdc3,A7
ESSFdc3,E7
ESSFdcw,C0
ESSFdcw,D0
ESSFdcw,E0
ESSFdcw,C1
ESSFdcw,D1
ESSFdcw,E1
ESSFdcw,C2
ESSFdcw,D2
ESSFdcw,E2
ESSFdcw,A3
ESSFdcw,D3
ESSFdcw,E3
ESSFdcw,A4
ESSFdcw,E4
ESSFdcw,A5
ESSFdcw,B5
ESSFdcw,E5
ESSFdcw,A6
ESSFdcw,B6
ESSFdcw,E6
ESSFdcw,A7
ESSFdcw,B7
ESSFdcw,C7
ESSFdcw,D7
ESSFdcw,E7
ESSFdh1,D0
ESSFdh1,E0
ESSFdh1,D1
ESSFdh1,E1
ESSFdh1,E2
ESSFdh1,A3
ESSFdh1,E3
ESSFdh1,A4
ESSFdh1,E4
ESSFdh1,A5
ESSFdh1,B5
ESSFdh1,A6
ESSFdh1,B6
ESSFdh1,A7
ESSFdh1,B7
ESSFdh2,E0
ESSFdh2,E1
ESSFdh2,E2
ESSFdh2,E3
ESSFdh2,A6
ESSFdh2,B6
ESSFdh2,A7
ESSFdh2,B7
ESSFdh_WA,C0
ESSFdh_WA,D0
ESSFdh_WA,E0
ESSFdh_WA,E1
ESSFdh_WA,E2
ESSFdh_WA,A3
ESSFdh_WA,E3
ESSFdh_WA,A4
ESSFdh_WA,E4
ESSFdh_WA,A5
ESSFdh_WA,A6
ESSFdh_WA,A7
ESSFdh_WA,B7
ESSFdh_WA,C7
ESSFdh_WA,D7
ESSFdh_WA,E7
ESSFdk1,D0
ESSFdk1,E0
ESSFdk1,D1
ESSFdk1,E1
ESSFdk1,E2
ESSFdk1,A3
ESSFdk1,E3
ESSFdk1,A4
ESSFdk1,E4
ESSFdk1,A5
ESSFdk1,B5
ESSFdk1,A6
ESSFdk1,B6
ESSFdk1,A7
ESSFdk1,B7
ESSFdk2,E0
ESSFdk2,D1
ESSFdk2,E1
ESSFdk2,A2
ESSFdk2,E2
ESSFdk2,A3
ESSFdk2,E3
ESSFdk2,A4
ESSFdk2,E4
ESSFdk2,A5
ESSFdk2,B5
ESSFdk2,A6
ESSFdk2,B6
ESSFdk2,A7
ESSFdk2,B7
ESSFdk_MT,C0
ESSFdk_MT,D0
ESSFdk_MT,E0
ESSFdk_MT,E1
ESSFdk_MT,E2
ESSFdk_MT,A3
ESSFdk_MT,E3
ESSFdk_MT,A4
ESSFdk_MT,E4
ESSFdk_MT,A5
ESSFdk_MT,A6
ESSFdk_MT,A7
ESSFdk_MT,B7
ESSFdk_MT,C7
ESSFdk_MT,D7
ESSFdk_MT,E7
ESSFdkp_MT,C0
ESSFdkp_MT,D0
ESSFdkp_MT,E0
ESSFdkp_MT,E1
ESSFdkp_MT,E2
ESSFdkp_MT,A3
ESSFdkp_MT,E3
ESSFdkp_MT,A4
ESSFdkp_MT,E4
ESSFdkp_MT,A5
ESSFdkp_MT,A6
ESSFdkp_MT,A7
ESSFdkp_MT,B7
ESSFdkp_MT,C7
ESSFdkp_MT,D7
ESSFdkp_MT,E7
ESSFdkw,D0
ESSFdkw,E0
ESSFdkw,D1
ESSFdkw,E1
ESSFdkw,A2
ESSFdkw,E2
ESSFdkw,A3
ESSFdkw,E3
ESSFdkw,A4
ESSFdkw,E4
ESSFdkw,A5
ESSFdkw,B5
ESSFdkw,E5
ESSFdkw,A6
ESSFdkw,B6
ESSFdkw,E6
ESSFdkw,A7
ESSFdkw,B7
ESSFdkw,C7
ESSFdkw,D7
ESSFdkw,E7
ESSFdm_ID,C0
ESSFdm_ID,D0
ESSFdm_ID,E0
ESSFdm_ID,E1
ESSFdm_ID,E2
ESSFdm_ID,A3
ESSFdm_ID,E3
ESSFdm_ID,A4
ESSFdm_ID,E4
ESSFdm_ID,A5
ESSFdm_ID,A6
ESSFdm_ID,A7
ESSFdm_ID,B7
ESSFdm_ID,C7
ESSFdm_ID,D7
ESSFdm_ID,E7
ESSFdmp_ID,C0
ESSFdmp_ID,D0
ESSFdmp_ID,E0
ESSFdmp_ID,E1
ESSFdmp_ID,E2
ESSFdmp_ID,A3
ESSFdmp_ID,E3
ESSFdmp_ID,A4
ESSFdmp_ID,E4
ESSFdmp_ID,A5
ESSFdmp_ID,A6
ESSFdmp_ID,A7
ESSFdmp_ID,B7
ESSFdmp_ID,C7
ESSFdmp_ID,D7
ESSFdmp_ID,E7
ESSFdv1,E0
ESSFdv1,E1
ESSFdv1,E2
ESSFdv2,E0
ESSFdv2,E1
ESSFdv2,E2
ESSFdvw,E0
ESSFdvw,E1
ESSFdvw,E2
ESSFdw_ID,C0
ESSFdw_ID,D0
ESSFdw_ID,E0
ESSFdw_ID,E1
ESSFdw_ID,E2
ESSFdw_ID,A3
ESSFdw_ID,E3
ESSFdw_ID,A4
ESSFdw_ID,E4
ESSFdw_ID,A5
ESSFdw_ID,A6
ESSFdw_ID,A7
ESSFdw_ID,B7
ESSFdw_ID,C7
ESSFdw_ID,D7
ESSFdw_ID,E7
ESSFmc,D0
ESSFmc,E0
ESSFmc,D1
ESSFmc,E1
ESSFmc,D2
ESSFmc,E2
ESSFmc,D3
ESSFmc,E3
ESSFmc,A5
ESSFmcw,C0
ESSFmcw,D0
ESSFmcw,E0
ESSFmcw,C1
ESSFmcw,D1
ESSFmcw,E1
ESSFmcw,D2
ESSFmcw,E2
ESSFmcw,A5
ESSFmcw,A6
ESSFmcw,A7
ESSFmcw,B7
ESSFmcw,C7
ESSFmcw,D7
ESSFmcw,E7
ESSFmh,C0
ESSFmh,D0
ESSFmh,E0
ESSFmh,D1
ESSFmh,E1
ESSFmh,D2
ESSFmh,E2
ESSFmh,D3
ESSFmh,E3
ESSFmh,A4
ESSFmh,E4
ESSFmh,A5
ESSFmh,B5
ESSFmh,A6
ESSFmh,B6
ESSFmh,A7
ESSFmh,B7
ESSFmh,C7
ESSFmh,D7
ESSFmh,E7
ESSFmk,D0
ESSFmk,E0
ESSFmk,D1
ESSFmk,E1
ESSFmk,D2
ESSFmk,E2
ESSFmk,D3
ESSFmk,E3
ESSFmk,A5
ESSFmk,A6
ESSFmk,A7
ESSFmkw,C0
ESSFmkw,D0
ESSFmkw,E0
ESSFmkw,D1
ESSFmkw,E1
ESSFmkw,D2
ESSFmkw,E2
ESSFmkw,A5
ESSFmkw,A6
ESSFmkw,A7
ESSFmkw,B7
ESSFmkw,C7
ESSFmkw,D7
ESSFmkw,E7
ESSFmm1,C0
ESSFmm1,D0
ESSFmm1,E0
ESSFmm1,C1
ESSFmm1,D1
ESSFmm1,E1
ESSFmm1,D2
ESSFmm1,E2
ESSFmm1,A3
ESSFmm1,E3
ESSFmm1,A4
ESSFmm1,E4
ESSFmm1,A5
ESSFmm1,E5
ESSFmm1,A6
ESSFmm1,E6
ESSFmm1,C7
ESSFmm1,D7
ESSFmm1,E7
ESSFmm2,C0
ESSFmm2,D0
ESSFmm2,E0
ESSFmm3,D0
ESSFmm3,E0
ESSFmm3,E1
ESSFmm3,A2
ESSFmm3,E2
ESSFmm3,A3
ESSFmm3,E3
ESSFmm3,A4
ESSFmm3,E4
ESSFmm3,A5
ESSFmm3,B5
ESSFmm3,E5
ESSFmm3,A6
ESSFmm3,B6
ESSFmm3,A7
ESSFmm3,B7
ESSFmmw,C0
ESSFmmw,D0
ESSFmmw,E0
ESSFmmw,C1
ESSFmmw,D1
ESSFmmw,E1
ESSFmmw,D2
ESSFmmw,E2
ESSFmmw,A3
ESSFmmw,E3
ESSFmmw,A4
ESSFmmw,E4
ESSFmmw,A5
ESSFmmw,E5
ESSFmmw,A6
ESSFmmw,E6
ESSFmmw,C7
ESSFmmw,D7
ESSFmmw,E7
ESSFmv1,C0
ESSFmv1,D0
ESSFmv1,E0
ESSFmv1,C1
ESSFmv1,D1
ESSFmv1,E1
ESSFmv1,C2
ESSFmv1,D2
ESSFmv1,E2
ESSFmv1,A3
ESSFmv1,D3
ESSFmv1,E3
ESSFmv1,A4
ESSFmv1,E4
ESSFmv1,A5
ESSFmv1,B5
ESSFmv1,E5
ESSFmv1,A6
ESSFmv1,B6
ESSFmv1,E6
ESSFmv1,A7
ESSFmv1,B7
ESSFmv1,E7
ESSFmv2,C0
ESSFmv2,D0
ESSFmv2,E0
ESSFmv2,A1
ESSFmv2,B1
ESSFmv2,C1
ESSFmv2,D1
ESSFmv2,E1
ESSFmv2,A2
ESSFmv2,D2
ESSFmv2,E2
ESSFmv2,D3
ESSFmv2,E3
ESSFmv2,E4
ESSFmv2,B6
ESSFmv2,E6
ESSFmv2,A7
ESSFmv2,B7
ESSFmv2,C7
ESSFmv2,D7
ESSFmv2,E7
ESSFmv3,C0
ESSFmv3,D0
ESSFmv3,E0
ESSFmv3,A1
ESSFmv3,B1
ESSFmv3,C1
ESSFmv3,D1
ESSFmv3,E1
ESSFmv3,D2
ESSFmv3,E2
ESSFmv3,E3
ESSFmv3,E4
ESSFmv3,E5
ESSFmv3,A6
ESSFmv3,B6
ESSFmv3,E6
ESSFmv3,A7
ESSFmv3,B7
ESSFmv3,C7
ESSFmv3,D7
ESSFmv3,E7
ESSFmv4,C0
ESSFmv4,D0
ESSFmv4,E0
ESSFmv4,A1
ESSFmv4,B1
ESSFmv4,C1
ESSFmv4,D1
ESSFmv4,E1
ESSFmv4,A2
ESSFmv4,C2
ESSFmv4,D2
ESSFmv4,E2
ESSFmv4,E3
ESSFmv4,E4
ESSFmv4,E6
ESSFmv4,A7
ESSFmv4,B7
ESSFmv4,C7
ESSFmv4,D7
ESSFmv4,E7
ESSFmw,E0
ESSFmw,E1
ESSFmw,E2
ESSFmw,E3
ESSFmw,A6
ESSFmw,B6
ESSFmw,A7
ESSFmw,B7
ESSFmw1,C0
ESSFmw1,D0
ESSFmw1,E0
ESSFmw1,D1
ESSFmw1,E1
ESSFmw1,A2
ESSFmw1,E2
ESSFmw1,A3
ESSFmw1,E3
ESSFmw1,A4
ESSFmw1,E4
ESSFmw1,A5
ESSFmw1,B5
ESSFmw1,E5
ESSFmw1,A6
ESSFmw1,B6
ESSFmw1,C6
ESSFmw1,A7
ESSFmw1,B7
ESSFmw1,C7
ESSFmw2,E0
ESSFmw2,E1
ESSFmw2,E2
ESSFmw2,E3
ESSFmw2,A6
ESSFmw2,B6
ESSFmw2,A7
ESSFmw2,B7
ESSFmw_WA,C0
ESSFmw_WA,D0
ESSFmw_WA,E0
ESSFmw_WA,E1
ESSFmw_WA,E2
ESSFmw_WA,A3
ESSFmw_WA,E3
ESSFmw_WA,A4
ESSFmw_WA,E4
ESSFmw_WA,A5
ESSFmw_WA,A6
ESSFmw_WA,A7
ESSFmw_WA,B7
ESSFmw_WA,C7
ESSFmw_WA,D7
ESSFmw_WA,E7
ESSFmww,E0
ESSFmww,E1
ESSFmww,E2
ESSFmww,E3
ESSFmww,E4
ESSFmww,A5
ESSFmww,B5
ESSFmww,A6
ESSFmww,B6
ESSFmww,A7
ESSFmww,B7
ESSFmww,C7
ESSFmww,D7
ESSFmww,E7
ESSFvc,D0
ESSFvc,E0
ESSFvc,E1
ESSFvc,E2
ESSFvc,E3
ESSFvc,A5
ESSFvc,A6
ESSFvcw,D0
ESSFvcw,E0
ESSFvcw,E1
ESSFvcw,E2
ESSFvcw,E3
ESSFvcw,A5
ESSFvcw,A6
ESSFwc2,C0
ESSFwc2,D0
ESSFwc2,E0
ESSFwc2,C1
ESSFwc2,D1
ESSFwc2,E1
ESSFwc2,E2
ESSFwc2,A3
ESSFwc2,D3
ESSFwc2,E3
ESSFwc2,A4
ESSFwc2,E4
ESSFwc2,A5
ESSFwc2,E5
ESSFwc2,A6
ESSFwc2,E6
ESSFwc2,A7
ESSFwc2,E7
ESSFwc3,C0
ESSFwc3,D0
ESSFwc3,E0
ESSFwc3,E1
ESSFwc3,E2
ESSFwc3,E3
ESSFwc3,A4
ESSFwc3,E4
ESSFwc3,A5
ESSFwc3,A6
ESSFwc3,A7
ESSFwc4,C0
ESSFwc4,D0
ESSFwc4,E0
ESSFwc4,C1
ESSFwc4,D1
ESSFwc4,E1
ESSFwc4,D2
ESSFwc4,E2
ESSFwc4,A3
ESSFwc4,D3
ESSFwc4,E3
ESSFwc4,A4
ESSFwc4,E4
ESSFwc4,A5
ESSFwc4,B5
ESSFwc4,E5
ESSFwc4,A6
ESSFwc4,B6
ESSFwc4,A7
ESSFwc4,B7
ESSFwcw,C0
ESSFwcw,D0
ESSFwcw,E0
ESSFwcw,C1
ESSFwcw,D1
ESSFwcw,E1
ESSFwcw,D2
ESSFwcw,E2
ESSFwcw,E3
ESSFwcw,E4
ESSFwcw,A5
ESSFwcw,B5
ESSFwcw,A6
ESSFwcw,B6
ESSFwcw,A7
ESSFwcw,B7
ESSFwcw,C7
ESSFwcw,D7
ESSFwcw,E7
ESSFwh1,C0
ESSFwh1,D0
ESSFwh1,E0
ESSFwh1,D1
ESSFwh1,E1
ESSFwh1,A2
ESSFwh1,D2
ESSFwh1,E2
ESSFwh1,A3
ESSFwh1,D3
ESSFwh1,E3
ESSFwh1,A4
ESSFwh1,E4
ESSFwh1,A5
ESSFwh1,B5
ESSFwh1,E5
ESSFwh1,A6
ESSFwh1,B6
ESSFwh1,A7
ESSFwh1,B7
ESSFwh2,C0
ESSFwh2,D0
ESSFwh2,E0
ESSFwh2,D1
ESSFwh2,E1
ESSFwh2,D2
ESSFwh2,E2
ESSFwh2,A3
ESSFwh2,E3
ESSFwh2,A4
ESSFwh2,E4
ESSFwh2,A5
ESSFwh2,B5
ESSFwh2,E5
ESSFwh2,A6
ESSFwh2,B6
ESSFwh2,A7
ESSFwh2,B7
ESSFwh3,C0
ESSFwh3,D0
ESSFwh3,E0
ESSFwh3,C1
ESSFwh3,D1
ESSFwh3,E1
ESSFwh3,D2
ESSFwh3,E2
ESSFwh3,A3
ESSFwh3,D3
ESSFwh3,E3
ESSFwh3,A4
ESSFwh3,E4
ESSFwh3,A5
ESSFwh3,B5
ESSFwh3,A6
ESSFwh3,B6
ESSFwh3,A7
ESSFwh3,B7
ESSFwh_MT,C0
ESSFwh_MT,D0
ESSFwh_MT,E0
ESSFwh_MT,E1
ESSFwh_MT,E2
ESSFwh_MT,A3
ESSFwh_MT,E3
ESSFwh_MT,A4
ESSFwh_MT,E4
ESSFwh_MT,A5
ESSFwh_MT,A6
ESSFwh_MT,A7
ESSFwh_MT,B7
ESSFwh_MT,C7
ESSFwh_MT,D7
ESSFwh_MT,E7
ESSFwk1,C0
ESSFwk1,D0
ESSFwk1,E0
ESSFwk1,E1
ESSFwk1,A2
ESSFwk1,E2
ESSFwk1,A3
ESSFwk1,E3
ESSFwk1,A4
ESSFwk1,E4
ESSFwk1,E6
ESSFwk1,E7
ESSFwk2,C0
ESSFwk2,D0
ESSFwk2,E0
ESSFwk2,A1
ESSFwk2,B1
ESSFwk2,C1
ESSFwk2,D1
ESSFwk2,E1
ESSFwk2,A2
ESSFwk2,D2
ESSFwk2,E2
ESSFwk2,A3
ESSFwk2,E3
ESSFwk2,A4
ESSFwk2,E4
ESSFwk2,A5
ESSFwk2,A6
ESSFwk2,E6
ESSFwk2,A7
ESSFwk2,B7
ESSFwk2,C7
ESSFwk2,D7
ESSFwk2,E7
ESSFwm1,D0
ESSFwm1,E0
ESSFwm1,D1
ESSFwm1,E1
ESSFwm1,E2
ESSFwm1,A3
ESSFwm1,E3
ESSFwm1,A4
ESSFwm1,E4
ESSFwm1,A5
ESSFwm1,B5
ESSFwm1,A6
ESSFwm1,B6
ESSFwm1,A7
ESSFwm1,B7
ESSFwm2,C0
ESSFwm2,D0
ESSFwm2,E0
ESSFwm2,C1
ESSFwm2,D1
ESSFwm2,E1
ESSFwm2,D2
ESSFwm2,E2
ESSFwm2,D3
ESSFwm2,E3
ESSFwm2,A4
ESSFwm2,E4
ESSFwm2,A5
ESSFwm2,B5
ESSFwm2,E5
ESSFwm2,A6
ESSFwm2,B6
ESSFwm2,A7
ESSFwm2,B7
ESSFwm3,C0
ESSFwm3,D0
ESSFwm3,E0
ESSFwm3,C1
ESSFwm3,D1
ESSFwm3,E1
ESSFwm3,D2
ESSFwm3,E2
ESSFwm3,E3
ESSFwm3,E4
ESSFwm3,A5
ESSFwm3,B5
ESSFwm3,E5
ESSFwm3,A6
ESSFwm3,B6
ESSFwm3,A7
ESSFwm3,B7
ESSFwm4,C0
ESSFwm4,D0
ESSFwm4,E0
ESSFwm4,C1
ESSFwm4,D1
ESSFwm4,E1
ESSFwm4,D2
ESSFwm4,E2
ESSFwm4,D3
ESSFwm4,E3
ESSFwm4,E4
ESSFwm4,A5
ESSFwm4,B5
ESSFwm4,E5
ESSFwm4,A6
ESSFwm4,B6
ESSFwm4,A7
ESSFwm4,B7
ESSFwm_MT,C0
ESSFwm_MT,D0
ESSFwm_MT,E0
ESSFwm_MT,E1
ESSFwm_MT,E2
ESSFwm_MT,A3
ESSFwm_MT,E3
ESSFwm_MT,A4
ESSFwm_MT,E4
ESSFwm_MT,A5
ESSFwm_MT,A6
ESSFwm_MT,A7
ESSFwm_MT,B7
ESSFwm_MT,C7
ESSFwm_MT,D7
ESSFwm_MT,E7
ESSFwmw,C0
ESSFwmw,D0
ESSFwmw,E0
ESSFwmw,D1
ESSFwmw,E1
ESSFwmw,D2
ESSFwmw,E2
ESSFwmw,A3
ESSFwmw,D3
ESSFwmw,E3
ESSFwmw,A4
ESSFwmw,E4
ESSFwmw,A5
ESSFwmw,B5
ESSFwmw,E5
ESSFwmw,A6
ESSFwmw,B6
ESSFwmw,E6
ESSFwmw,A7
ESSFwmw,B7
ESSFwmw,C7
ESSFwmw,D7
ESSFwmw,E7
ESSFwv,D0
ESSFwv,E0
ESSFwv,D1
ESSFwv,E1
ESSFwv,D2
ESSFwv,E2
ESSFwv,D3
ESSFwv,E3
ESSFwv,A5
ESSFwvw,C0
ESSFwvw,D0
ESSFwvw,E0
ESSFwvw,D1
ESSFwvw,E1
ESSFwvw,D2
ESSFwvw,E2
ESSFwvw,A5
ESSFwvw,A6
ESSFwvw,A7
ESSFwvw,B7
ESSFwvw,C7
ESSFwvw,D7
ESSFwvw,E7
ESSFxc1,C0
ESSFxc1,D0
ESSFxc1,E0
ESSFxc1,E1
ESSFxc1,A2
ESSFxc1,E2
ESSFxc1,E3
ESSFxc1,E4
ESSFxc1,A5
ESSFxc1,B5
ESSFxc1,A6
ESSFxc1,B6
ESSFxc1,A7
ESSFxc2,D0
ESSFxc2,E0
ESSFxc2,E1
ESSFxc2,A2
ESSFxc2,E2
ESSFxc2,A3
ESSFxc2,E3
ESSFxc2,A4
ESSFxc2,E4
ESSFxc2,A5
ESSFxc2,B5
ESSFxc2,A6
ESSFxc2,A7
ESSFxc2,B7
ESSFxc3,D0
ESSFxc3,E0
ESSFxc3,E1
ESSFxc3,E2
ESSFxc3,E3
ESSFxc3,E4
ESSFxc3,A6
ESSFxc3,A7
ESSFxc3,E7
ESSFxc_CO,C0
ESSFxc_CO,D0
ESSFxc_CO,E0
ESSFxc_CO,E1
ESSFxc_CO,E2
ESSFxc_CO,A3
ESSFxc_CO,E3
ESSFxc_CO,A4
ESSFxc_CO,E4
ESSFxc_CO,A5
ESSFxc_CO,A6
ESSFxc_CO,A7
ESSFxc_CO,B7
ESSFxc_CO,C7
ESSFxc_CO,D7
ESSFxc_CO,E7
ESSFxc_WA,C0
ESSFxc_WA,D0
ESSFxc_WA,E0
ESSFxc_WA,E1
ESSFxc_WA,E2
ESSFxc_WA,A3
ESSFxc_WA,E3
ESSFxc_WA,A4
ESSFxc_WA,E4
ESSFxc_WA,A5
ESSFxc_WA,A6
ESSFxc_WA,A7
ESSFxc_WA,B7
ESSFxc_WA,C7
ESSFxc_WA,D7
ESSFxc_WA,E7
ESSFxcp_CO,C0
ESSFxcp_CO,D0
ESSFxcp_CO,E0
ESSFxcp_CO,E1
ESSFxcp_CO,E2
ESSFxcp_CO,A3
ESSFxcp_CO,E3
ESSFxcp_CO,A4
ESSFxcp_CO,E4
ESSFxcp_CO,A5
ESSFxcp_CO,A6
ESSFxcp_CO,A7
ESSFxcp_CO,B7
ESSFxcp_CO,C7
ESSFxcp_CO,D7
ESSFxcp_CO,E7
ESSFxcw,D0
ESSFxcw,E0
ESSFxcw,E1
ESSFxcw,A2
ESSFxcw,E2
ESSFxcw,A3
ESSFxcw,E3
ESSFxcw,A4
ESSFxcw,E4
ESSFxcw,A5
ESSFxcw,E5
ESSFxcw,A6
ESSFxcw,B6
ESSFxcw,A7
ESSFxcw,B7
ESSFxh_WA,C0
ESSFxh_WA,D0
ESSFxh_WA,E0
ESSFxh_WA,E1
ESSFxh_WA,E2
ESSFxh_WA,A3
ESSFxh_WA,E3
ESSFxh_WA,A4
ESSFxh_WA,E4
ESSFxh_WA,A5
ESSFxh_WA,A6
ESSFxh_WA,A7
ESSFxh_WA,B7
ESSFxh_WA,C7
ESSFxh_WA,D7
ESSFxh_WA,E7
ESSFxk_MT,C0
ESSFxk_MT,D0
ESSFxk_MT,E0
ESSFxk_MT,E1
ESSFxk_MT,E2
ESSFxk_MT,A3
ESSFxk_MT,E3
ESSFxk_MT,A4
ESSFxk_MT,E4
ESSFxk_MT,A5
ESSFxk_MT,A6
ESSFxk_MT,A7
ESSFxk_MT,B7
ESSFxk_MT,C7
ESSFxk_MT,D7
ESSFxk_MT,E7
ESSFxk_UT,C0
ESSFxk_UT,D0
ESSFxk_UT,E0
ESSFxk_UT,E1
ESSFxk_UT,E2
ESSFxk_UT,A3
ESSFxk_UT,E3
ESSFxk_UT,A4
ESSFxk_UT,E4
ESSFxk_UT,A5
ESSFxk_UT,A6
ESSFxk_UT,A7
ESSFxk_UT,B7
ESSFxk_UT,C7
ESSFxk_UT,D7
ESSFxk_UT,E7
ESSFxk_WY,C0
ESSFxk_WY,D0
ESSFxk_WY,E0
ESSFxk_WY,E1
ESSFxk_WY,E2
ESSFxk_WY,A3
ESSFxk_WY,E3
ESSFxk_WY,A4
ESSFxk_WY,E4
ESSFxk_WY,A5
ESSFxk_WY,A6
ESSFxk_WY,A7
ESSFxk_WY,B7
ESSFxk_WY,C7
ESSFxk_WY,D7
ESSFxk_WY,E7
ESSFxkp_MT,C0
ESSFxkp_MT,D0
ESSFxkp_MT,E0
ESSFxkp_MT,E1
ESSFxkp_MT,E2
ESSFxkp_MT,A3
ESSFxkp_MT,E3
ESSFxkp_MT,A4
ESSFxkp_MT,E4
ESSFxkp_MT,A5
ESSFxkp_MT,A6
ESSFxkp_MT,A7
ESSFxkp_MT,B7
ESSFxkp_MT,C7
ESSFxkp_MT,D7
ESSFxkp_MT,E7
ESSFxkp_UT,C0
ESSFxkp_UT,D0
ESSFxkp_UT,E0
ESSFxkp_UT,E1
ESSFxkp_UT,E2
ESSFxkp_UT,A3
ESSFxkp_UT,E3
ESSFxkp_UT,A4
ESSFxkp_UT,E4
ESSFxkp_UT,A5
ESSFxkp_UT,A6
ESSFxkp_UT,A7
ESSFxkp_UT,B7
ESSFxkp_UT,C7
ESSFxkp_UT,D7
ESSFxkp_UT,E7
ESSFxkp_WY,C0
ESSFxkp_WY,D0
ESSFxkp_WY,E0
ESSFxkp_WY,E1
ESSFxkp_WY,E2
ESSFxkp_WY,A3
ESSFxkp_WY,E3
ESSFxkp_WY,A4
ESSFxkp_WY,E4
ESSFxkp_WY,A5
ESSFxkp_WY,A6
ESSFxkp_WY,A7
ESSFxkp_WY,B7
ESSFxkp_WY,C7
ESSFxkp_WY,D7
ESSFxkp_WY,E7
ESSFxv1,E0
ESSFxv1,E1
ESSFxv1,E2
ESSFxv1,A3
ESSFxv1,E3
ESSFxv1,A4
ESSFxv1,E4
ESSFxv1,A5
ESSFxv1,E5
ESSFxv1,A6
ESSFxv1,A7
ESSFxv2,C0
ESSFxv2,D0
ESSFxv2,E0
ESSFxv2,E1
ESSFxv2,E2
ESSFxv2,A3
ESSFxv2,E3
ESSFxv2,A4
ESSFxv2,E4
ESSFxv2,A5
ESSFxv2,E5
ESSFxvw,E0
ESSFxvw,E1
ESSFxvw,E2
ESSFxvw,A3
ESSFxvw,E3
ESSFxvw,A4
ESSFxvw,E4
ESSFxvw,A5
ESSFxvw,E5
ESSFxvw,A6
ESSFxvw,A7
ESSFxw_OR,C0
ESSFxw_OR,D0
ESSFxw_OR,E0
ESSFxw_OR,E1
ESSFxw_OR,E2
ESSFxw_OR,A3
ESSFxw_OR,E3
ESSFxw_OR,A4
ESSFxw_OR,E4
ESSFxw_OR,A5
ESSFxw_OR,A6
ESSFxw_OR,A7
ESSFxw_OR,B7
ESSFxw_OR,C7
ESSFxw_OR,D7
ESSFxw_OR,E7
ESSFxx_WY,C0
ESSFxx_WY,D0
ESSFxx_WY,E0
ESSFxx_WY,E1
ESSFxx_WY,E2
ESSFxx_WY,A3
ESSFxx_WY,E3
ESSFxx_WY,A4
ESSFxx_WY,E4
ESSFxx_WY,A5
ESSFxx_WY,A6
ESSFxx_WY,A7
ESSFxx_WY,B7
ESSFxx_WY,C7
ESSFxx_WY,D7
ESSFxx_WY,E7
ESSFxxp_WY,C0
ESSFxxp_WY,D0
ESSFxxp_WY,E0
ESSFxxp_WY,E1
ESSFxxp_WY,E2
ESSFxxp_WY,A3
ESSFxxp_WY,E3
ESSFxxp_WY,A4
ESSFxxp_WY,E4
ESSFxxp_WY,A5
ESSFxxp_WY,A6
ESSFxxp_WY,A7
ESSFxxp_WY,B7
ESSFxxp_WY,C7
ESSFxxp_WY,D7
ESSFxxp_WY,E7
GBDdw_UT,C0
GBDdw_UT,D0
GBDdw_UT,E0
GBDdw_UT,E1
GBDdw_UT,E2
GBDdw_UT,A3
GBDdw_UT,E3
GBDdw_UT,A4
GBDdw_UT,E4
GBDdw_UT,A5
GBDdw_UT,A6
GBDdw_UT,A7
GBDdw_UT,B7
GBDdw_UT,C7
GBDdw_UT,D7
GBDdw_UT,E7
GBDxh_NV,C0
GBDxh_NV,D0
GBDxh_NV,E0
GBDxh_NV,E1
GBDxh_NV,E2
GBDxh_NV,A3
GBDxh_NV,E3
GBDxh_NV,A4
GBDxh_NV,E4
GBDxh_NV,A5
GBDxh_NV,A6
GBDxh_NV,A7
GBDxh_NV,B7
GBDxh_NV,C7
GBDxh_NV,D7
GBDxh_NV,E7
GBDxx_UT,C0
GBDxx_UT,D0
GBDxx_UT,E0
GBDxx_UT,E1
GBDxx_UT,E2
GBDxx_UT,A3
GBDxx_UT,E3
GBDxx_UT,A4
GBDxx_UT,E4
GBDxx_UT,A5
GBDxx_UT,A6
GBDxx_UT,A7
GBDxx_UT,B7
GBDxx_UT,C7
GBDxx_UT,D7
GBDxx_UT,E7
GOun_CO,C0
GOun_CO,D0
GOun_CO,E0
GOun_CO,E1
GOun_CO,E2
GOun_CO,A3
GOun_CO,E3
GOun_CO,A4
GOun_CO,E4
GOun_CO,A5
GOun_CO,A6
GOun_CO,A7
GOun_CO,B7
GOun_CO,C7
GOun_CO,D7
GOun_CO,E7
ICHdh_ID,C0
ICHdh_ID,D0
ICHdh_ID,E0
ICHdh_ID,E1
ICHdh_ID,E2
ICHdh_ID,A3
ICHdh_ID,E3
ICHdh_ID,A4
ICHdh_ID,E4
ICHdh_ID,A5
ICHdh_ID,A6
ICHdh_ID,A7
ICHdh_ID,B7
ICHdh_ID,C7
ICHdh_ID,D7
ICHdh_ID,E7
ICHdk,C0
ICHdk,D0
ICHdk,E0
ICHdk,E1
ICHdk,E2
ICHdk,E3
ICHdk,A4
ICHdk,E4
ICHdk,A5
ICHdk,A6
ICHdk,A7
ICHdm,C0
ICHdm,D0
ICHdm,E0
ICHdm,C1
ICHdm,D1
ICHdm,E1
ICHdm,D2
ICHdm,E2
ICHdm,A3
ICHdm,D3
ICHdm,E3
ICHdm,A4
ICHdm,E4
ICHdm,A5
ICHdm,B5
ICHdm,A6
ICHdm,B6
ICHdm,A7
ICHdm,B7
ICHdw1,C0
ICHdw1,D0
ICHdw1,E0
ICHdw1,C1
ICHdw1,D1
ICHdw1,E1
ICHdw1,E2
ICHdw1,A3
ICHdw1,E3
ICHdw1,A4
ICHdw1,E4
ICHdw1,A5
ICHdw1,B5
ICHdw1,A6
ICHdw1,B6
ICHdw1,A7
ICHdw1,B7
ICHdw3,D0
ICHdw3,E0
ICHdw3,A5
ICHdw3,E7
ICHdw4,C0
ICHdw4,D0
ICHdw4,E0
ICHdw4,D1
ICHdw4,E1
ICHdw4,E2
ICHdw4,A3
ICHdw4,E3
ICHdw4,A4
ICHdw4,E4
ICHdw4,A5
ICHdw4,B5
ICHdw4,A6
ICHdw4,B6
ICHdw4,A7
ICHdw4,B7
ICHdw4,C7
ICHdw4,D7
ICHdw4,E7
ICHdw_ID,C0
ICHdw_ID,D0
ICHdw_ID,E0
ICHdw_ID,E1
ICHdw_ID,E2
ICHdw_ID,A3
ICHdw_ID,E3
ICHdw_ID,A4
ICHdw_ID,E4
ICHdw_ID,A5
ICHdw_ID,A6
ICHdw_ID,A7
ICHdw_ID,B7
ICHdw_ID,C7
ICHdw_ID,D7
ICHdw_ID,E7
ICHmc1,C0
ICHmc1,D0
ICHmc1,E0
ICHmc1,D1
ICHmc1,E1
ICHmc1,D2
ICHmc1,E2
ICHmc1,D3
ICHmc1,E3
ICHmc1,A4
ICHmc1,A5
ICHmc1,A6
ICHmc1,B6
ICHmc1,A7
ICHmc1,B7
ICHmc1a,C0
ICHmc1a,D0
ICHmc1a,E0
ICHmc1a,A1
ICHmc1a,B1
ICHmc1a,C1
ICHmc1a,D1
ICHmc1a,E1
ICHmc1a,A2
ICHmc1a,D2
ICHmc1a,E2
ICHmc1a,A3
ICHmc1a,D3
ICHmc1a,E3
ICHmc1a,A4
ICHmc1a,E4
ICHmc1a,A5
ICHmc1a,B5
ICHmc1a,A6
ICHmc1a,B6
ICHmc1a,C6
ICHmc1a,A7
ICHmc1a,B7
ICHmc1a,C7
ICHmc1a,D7
ICHmc1a,E7
ICHmc2,C0
ICHmc2,D0
ICHmc2,E0
ICHmc2,D1
ICHmc2,E1
ICHmc2,D2
ICHmc2,E2
ICHmc2,A3
ICHmc2,D3
ICHmc2,E3
ICHmc2,A4
ICHmc2,A5
ICHmc2,A6
ICHmc2,B6
ICHmc2,A7
ICHmc2,B7
ICHmh_MT,C0
ICHmh_MT,D0
ICHmh_MT,E0
ICHmh_MT,E1
ICHmh_MT,E2
ICHmh_MT,A3
ICHmh_MT,E3
ICHmh_MT,A4
ICHmh_MT,E4
ICHmh_MT,A5
ICHmh_MT,A6
ICHmh_MT,A7
ICHmh_MT,B7
ICHmh_MT,C7
ICHmh_MT,D7
ICHmh_MT,E7
ICHmk1,C0
ICHmk1,D0
ICHmk1,E0
ICHmk1,D1
ICHmk1,E1
ICHmk1,D2
ICHmk1,E2
ICHmk1,D3
ICHmk1,E3
ICHmk1,A4
ICHmk1,E4
ICHmk1,A5
ICHmk1,B5
ICHmk1,E5
ICHmk1,A6
ICHmk1,B6
ICHmk1,E6
ICHmk1,A7
ICHmk1,B7
ICHmk1,E7
ICHmk2,D0
ICHmk2,E0
ICHmk2,D1
ICHmk2,E1
ICHmk2,A6
ICHmk2,A7
ICHmk3,C0
ICHmk3,D0
ICHmk3,E0
ICHmk3,A1
ICHmk3,E1
ICHmk3,A2
ICHmk3,E2
ICHmk3,A3
ICHmk3,E3
ICHmk3,A4
ICHmk3,E4
ICHmk3,A5
ICHmk3,A6
ICHmk3,A7
ICHmk3,B7
ICHmk3,C7
ICHmk3,D7
ICHmk3,E7
ICHmk4,E0
ICHmk4,A1
ICHmk4,E1
ICHmk4,A2
ICHmk4,E2
ICHmk4,A3
ICHmk4,E3
ICHmk4,A4
ICHmk4,E4
ICHmk4,A5
ICHmk4,B5
ICHmk4,A6
ICHmk4,B6
ICHmk4,A7
ICHmk4,B7
ICHmk5,C0
ICHmk5,D0
ICHmk5,E0
ICHmk5,E1
ICHmk5,A2
ICHmk5,E2
ICHmk5,A3
ICHmk5,E3
ICHmk5,A4
ICHmk5,E4
ICHmk5,A5
ICHmk5,B5
ICHmk5,E5
ICHmk5,A6
ICHmk5,B6
ICHmk5,A7
ICHmk5,B7
ICHmm,C0
ICHmm,D0
ICHmm,E0
ICHmm,C1
ICHmm,D1
ICHmm,E1
ICHmm,A2
ICHmm,C2
ICHmm,D2
ICHmm,E2
ICHmm,A3
ICHmm,D3
ICHmm,E3
ICHmm,A4
ICHmm,E4
ICHmm,A5
ICHmm,E5
ICHmm,A6
ICHmm,D7
ICHmm,E7
ICHmw1,C0
ICHmw1,D0
ICHmw1,E0
ICHmw1,A1
ICHmw1,B1
ICHmw1,A2
ICHmw1,A3
ICHmw1,A4
ICHmw1,A5
ICHmw1,A6
ICHmw1,B6
ICHmw1,A7
ICHmw1,B7
ICHmw1,C7
ICHmw1,D7
ICHmw1,E7
ICHmw2,C0
ICHmw2,D0
ICHmw2,E0
ICHmw2,D1
ICHmw2,E1
ICHmw2,D2
ICHmw2,E2
ICHmw2,A3
ICHmw2,D3
ICHmw2,E3
ICHmw2,A4
ICHmw2,E4
ICHmw2,A5
ICHmw2,B5
ICHmw2,A6
ICHmw2,B6
ICHmw2,A7
ICHmw2,B7
ICHmw3,D0
ICHmw3,E0
ICHmw3,A5
ICHmw3,E7
ICHmw4,C0
ICHmw4,D0
ICHmw4,E0
ICHmw4,C1
ICHmw4,D1
ICHmw4,E1
ICHmw4,D2
ICHmw4,E2
ICHmw4,A3
ICHmw4,E3
ICHmw4,A4
ICHmw4,E4
ICHmw4,A5
ICHmw4,B5
ICHmw4,A6
ICHmw4,B6
ICHmw4,A7
ICHmw4,B7
ICHmw5,D0
ICHmw5,E0
ICHmw5,D1
ICHmw5,E1
ICHmw5,D2
ICHmw5,E2
ICHmw5,A3
ICHmw5,D3
ICHmw5,E3
ICHmw5,A4
ICHmw5,E4
ICHmw5,A5
ICHmw5,B5
ICHmw5,A6
ICHmw5,B6
ICHmw5,A7
ICHmw5,B7
ICHmw5,C7
ICHmw_MT,C0
ICHmw_MT,D0
ICHmw_MT,E0
ICHmw_MT,E1
ICHmw_MT,E2
ICHmw_MT,A3
ICHmw_MT,E3
ICHmw_MT,A4
ICHmw_MT,E4
ICHmw_MT,A5
ICHmw_MT,A6
ICHmw_MT,A7
ICHmw_MT,B7
ICHmw_MT,C7
ICHmw_MT,D7
ICHmw_MT,E7
ICHvc,C0
ICHvc,D0
ICHvc,E0
ICHvc,D1
ICHvc,E1
ICHvc,D2
ICHvc,E2
ICHvc,D3
ICHvc,E3
ICHvc,A5
ICHvc,A6
ICHvc,B6
ICHvc,A7
ICHvc,B7
ICHvk1,E0
ICHvk1,E1
ICHvk1,E2
ICHvk1,A7
ICHvk2,C0
ICHvk2,D0
ICHvk2,E0
ICHvk2,D1
ICHvk2,E1
ICHvk2,A2
ICHvk2,D2
ICHvk2,E2
ICHvk2,A3
ICHvk2,E3
ICHvk2,A4
ICHvk2,E4
ICHvk2,A5
ICHvk2,B5
ICHvk2,E5
ICHvk2,A6
ICHvk2,B6
ICHvk2,E6
ICHvk2,E7
ICHvk_ID,C0
ICHvk_ID,D0
ICHvk_ID,E0
ICHvk_ID,E1
ICHvk_ID,E2
ICHvk_ID,A3
ICHvk_ID,E3
ICHvk_ID,A4
ICHvk_ID,E4
ICHvk_ID,A5
ICHvk_ID,A6
ICHvk_ID,A7
ICHvk_ID,B7
ICHvk_ID,C7
ICHvk_ID,D7
ICHvk_ID,E7
ICHwc,C0
ICHwc,D0
ICHwc,E0
ICHwc,D1
ICHwc,E1
ICHwc,D2
ICHwc,E2
ICHwc,A3
ICHwc,D3
ICHwc,E3
ICHwc,A4
ICHwc,A7
ICHwk1,C0
ICHwk1,D0
ICHwk1,E0
ICHwk1,E1
ICHwk1,E2
ICHwk1,E3
ICHwk1,E4
ICHwk1,A5
ICHwk2,C0
ICHwk2,D0
ICHwk2,E0
ICHwk2,E1
ICHwk2,E2
ICHwk2,E3
ICHwk2,A4
ICHwk2,E4
ICHwk2,A5
ICHwk2,A6
ICHwk2,B6
ICHwk2,A7
ICHwk2,B7
ICHwk3,C0
ICHwk3,D0
ICHwk3,E0
ICHwk3,C1
ICHwk3,D1
ICHwk3,E1
ICHwk3,A2
ICHwk3,E2
ICHwk3,A3
ICHwk3,E3
ICHwk3,A4
ICHwk3,E4
ICHwk3,A5
ICHwk3,E5
ICHwk3,A6
ICHwk4,C0
ICHwk4,D0
ICHwk4,E0
ICHwk4,E1
ICHwk4,E2
ICHwk4,E3
ICHwk4,A4
ICHwk4,E4
ICHwk4,A5
ICHwk4,A6
ICHwk4,B6
ICHwk4,A7
ICHwk4,B7
ICHxh_ID,C0
ICHxh_ID,D0
ICHxh_ID,E0
ICHxh_ID,E1
ICHxh_ID,E2
ICHxh_ID,A3
ICHxh_ID,E3
ICHxh_ID,A4
ICHxh_ID,E4
ICHxh_ID,A5
ICHxh_ID,A6
ICHxh_ID,A7
ICHxh_ID,B7
ICHxh_ID,C7
ICHxh_ID,D7
ICHxh_ID,E7
ICHxm1,C0
ICHxm1,D0
ICHxm1,E0
ICHxm1,D1
ICHxm1,E1
ICHxm1,A2
ICHxm1,D2
ICHxm1,E2
ICHxm1,A3
ICHxm1,D3
ICHxm1,E3
ICHxm1,A4
ICHxm1,E4
ICHxm1,A5
ICHxm1,E5
ICHxm1,A6
ICHxm1,E6
ICHxm1,A7
ICHxm1,E7
ICHxw,C0
ICHxw,D0
ICHxw,E0
ICHxw,C1
ICHxw,D1
ICHxw,E1
ICHxw,A2
ICHxw,D2
ICHxw,E2
ICHxw,A3
ICHxw,D3
ICHxw,E3
ICHxw,A4
ICHxw,E4
ICHxw,A5
ICHxw,B5
ICHxw,A6
ICHxw,B6
ICHxw,A7
ICHxw,B7
ICHxw_ID,C0
ICHxw_ID,D0
ICHxw_ID,E0
ICHxw_ID,E1
ICHxw_ID,E2
ICHxw_ID,A3
ICHxw_ID,E3
ICHxw_ID,A4
ICHxw_ID,E4
ICHxw_ID,A5
ICHxw_ID,A6
ICHxw_ID,A7
ICHxw_ID,B7
ICHxw_ID,C7
ICHxw_ID,D7
ICHxw_ID,E7
ICHxw_WA,C0
ICHxw_WA,D0
ICHxw_WA,E0
ICHxw_WA,E1
ICHxw_WA,E2
ICHxw_WA,A3
ICHxw_WA,E3
ICHxw_WA,A4
ICHxw_WA,E4
ICHxw_WA,A5
ICHxw_WA,A6
ICHxw_WA,A7
ICHxw_WA,B7
ICHxw_WA,C7
ICHxw_WA,D7
ICHxw_WA,E7
ICHxwa,C0
ICHxwa,D0
ICHxwa,E0
ICHxwa,C1
ICHxwa,D1
ICHxwa,E1
ICHxwa,A2
ICHxwa,D2
ICHxwa,E2
ICHxwa,A3
ICHxwa,D3
ICHxwa,E3
ICHxwa,A4
ICHxwa,E4
ICHxwa,A5
ICHxwa,B5
ICHxwa,A6
ICHxwa,B6
ICHxwa,A7
ICHxwa,B7
IDFdc,E0
IDFdc,E1
IDFdc,E2
IDFdc,E3
IDFdc,A6
IDFdc,A7
IDFdh,C0
IDFdh,D0
IDFdh,E0
IDFdh,D1
IDFdh,E1
IDFdh,A2
IDFdh,E2
IDFdh,A3
IDFdh,E3
IDFdh,A4
IDFdh,E4
IDFdh,A5
IDFdh,B5
IDFdh,A6
IDFdh,B6
IDFdh,A7
IDFdh,B7
IDFdh,C7
IDFdh,D7
IDFdh,E7
IDFdh_MT,C0
IDFdh_MT,D0
IDFdh_MT,E0
IDFdh_MT,E1
IDFdh_MT,E2
IDFdh_MT,A3
IDFdh_MT,E3
IDFdh_MT,A4
IDFdh_MT,E4
IDFdh_MT,A5
IDFdh_MT,A6
IDFdh_MT,A7
IDFdh_MT,B7
IDFdh_MT,C7
IDFdh_MT,D7
IDFdh_MT,E7
IDFdh_UT,C0
IDFdh_UT,D0
IDFdh_UT,E0
IDFdh_UT,E1
IDFdh_UT,E2
IDFdh_UT,A3
IDFdh_UT,E3
IDFdh_UT,A4
IDFdh_UT,E4
IDFdh_UT,A5
IDFdh_UT,A6
IDFdh_UT,A7
IDFdh_UT,B7
IDFdh_UT,C7
IDFdh_UT,D7
IDFdh_UT,E7
IDFdh_WA,C0
IDFdh_WA,D0
IDFdh_WA,E0
IDFdh_WA,E1
IDFdh_WA,E2
IDFdh_WA,E3
IDFdh_WA,E4
IDFdh_WA,A5
IDFdh_WA,A6
IDFdh_WA,A7
IDFdh_WA,B7
IDFdh_WA,C7
IDFdh_WA,D7
IDFdh_WA,E7
IDFdk1,D0
IDFdk1,E0
IDFdk1,D1
IDFdk1,E1
IDFdk1,A2
IDFdk1,E2
IDFdk1,A3
IDFdk1,A4
IDFdk1,A5
IDFdk1,B5
IDFdk1,A6
IDFdk1,B6
IDFdk1,A7
IDFdk1,B7
IDFdk2,A0
IDFdk2,B0
IDFdk2,C0
IDFdk2,D0
IDFdk2,E0
IDFdk2,E1
IDFdk2,A2
IDFdk2,E2
IDFdk2,A3
IDFdk2,E3
IDFdk2,A4
IDFdk2,E4
IDFdk2,A5
IDFdk2,B5
IDFdk2,A6
IDFdk2,B6
IDFdk2,A7
IDFdk2,B7
IDFdk3,C0
IDFdk3,D0
IDFdk3,E0
IDFdk3,E1
IDFdk3,E2
IDFdk3,E3
IDFdk3,A4
IDFdk3,E4
IDFdk3,A5
IDFdk3,B5
IDFdk3,A6
IDFdk3,A7
IDFdk4,C0
IDFdk4,D0
IDFdk4,E0
IDFdk4,E1
IDFdk4,E2
IDFdk4,E3
IDFdk4,A4
IDFdk4,E4
IDFdk4,A5
IDFdk4,A6
IDFdk4,A7
IDFdk5,D0
IDFdk5,E0
IDFdk5,D1
IDFdk5,E1
IDFdk5,A2
IDFdk5,E2
IDFdk5,A3
IDFdk5,E3
IDFdk5,A4
IDFdk5,E4
IDFdk5,A5
IDFdk5,B5
IDFdk5,A6
IDFdk5,B6
IDFdk5,A7
IDFdk5,B7
IDFdk_MT,C0
IDFdk_MT,D0
IDFdk_MT,E0
IDFdk_MT,E1
IDFdk_MT,E2
IDFdk_MT,A3
IDFdk_MT,E3
IDFdk_MT,A4
IDFdk_MT,E4
IDFdk_MT,A5
IDFdk_MT,A6
IDFdk_MT,A7
IDFdk_MT,B7
IDFdk_MT,C7
IDFdk_MT,D7
IDFdk_MT,E7
IDFdk_WA,C0
IDFdk_WA,D0
IDFdk_WA,E0
IDFdk_WA,E1
IDFdk_WA,E2
IDFdk_WA,A3
IDFdk_WA,E3
IDFdk_WA,A4
IDFdk_WA,E4
IDFdk_WA,A5
IDFdk_WA,A6
IDFdk_WA,A7
IDFdk_WA,B7
IDFdk_WA,C7
IDFdk_WA,D7
IDFdk_WA,E7
IDFdkx_MT,C0
IDFdkx_MT,D0
IDFdkx_MT,E0
IDFdkx_MT,E1
IDFdkx_MT,E2
IDFdkx_MT,A3
IDFdkx_MT,E3
IDFdkx_MT,A4
IDFdkx_MT,E4
IDFdkx_MT,A5
IDFdkx_MT,A6
IDFdkx_MT,A7
IDFdkx_MT,B7
IDFdkx_MT,C7
IDFdkx_MT,D7
IDFdkx_MT,E7
IDFdm1,C0
IDFdm1,D0
IDFdm1,E0
IDFdm1,C1
IDFdm1,D1
IDFdm1,E1
IDFdm1,A2
IDFdm1,E2
IDFdm1,A3
IDFdm1,E3
IDFdm1,A4
IDFdm1,E4
IDFdm1,A5
IDFdm1,B5
IDFdm1,A6
IDFdm1,B6
IDFdm1,A7
IDFdm1,B7
IDFdm2,D0
IDFdm2,E0
IDFdm2,A1
IDFdm2,D1
IDFdm2,E1
IDFdm2,A2
IDFdm2,E2
IDFdm2,A3
IDFdm2,E3
IDFdm2,A4
IDFdm2,E4
IDFdm2,A5
IDFdm2,B5
IDFdm2,A6
IDFdm2,B6
IDFdm2,A7
IDFdm2,B7
IDFdm_MT,C0
IDFdm_MT,D0
IDFdm_MT,E0
IDFdm_MT,E1
IDFdm_MT,E2
IDFdm_MT,A3
IDFdm_MT,E3
IDFdm_MT,A4
IDFdm_MT,E4
IDFdm_MT,A5
IDFdm_MT,A6
IDFdm_MT,A7
IDFdm_MT,B7
IDFdm_MT,C7
IDFdm_MT,D7
IDFdm_MT,E7
IDFdm_WA,C0
IDFdm_WA,D0
IDFdm_WA,E0
IDFdm_WA,E1
IDFdm_WA,E2
IDFdm_WA,E3
IDFdm_WA,E4
IDFdm_WA,A5
IDFdm_WA,A6
IDFdm_WA,A7
IDFdm_WA,B7
IDFdm_WA,C7
IDFdm_WA,D7
IDFdm_WA,E7
IDFdw,A0
IDFdw,B0
IDFdw,C0
IDFdw,D0
IDFdw,E0
IDFdw,E1
IDFdw,E2
IDFdw,E3
IDFdw,A4
IDFdw,E4
IDFdw,A5
IDFdw,A6
IDFdw,A7
IDFdx_MT,C0
IDFdx_MT,D0
IDFdx_MT,E0
IDFdx_MT,E1
IDFdx_MT,E2
IDFdx_MT,A3
IDFdx_MT,E3
IDFdx_MT,A4
IDFdx_MT,E4
IDFdx_MT,A5
IDFdx_MT,A6
IDFdx_MT,A7
IDFdx_MT,B7
IDFdx_MT,C7
IDFdx_MT,D7
IDFdx_MT,E7
IDFdxx_WY,C0
IDFdxx_WY,D0
IDFdxx_WY,E0
IDFdxx_WY,E1
IDFdxx_WY,E2
IDFdxx_WY,A3
IDFdxx_WY,E3
IDFdxx_WY,A4
IDFdxx_WY,E4
IDFdxx_WY,A5
IDFdxx_WY,A6
IDFdxx_WY,A7
IDFdxx_WY,B7
IDFdxx_WY,C7
IDFdxx_WY,D7
IDFdxx_WY,E7
IDFmw2,D0
IDFmw2,E0
IDFmw2,E1
IDFmw2,E2
IDFmw2,E3
IDFmw2,A6
IDFmw2,A7
IDFmw2,E7
IDFww,D0
IDFww,E0
IDFww,D1
IDFww,E1
IDFww,E2
IDFww,E3
IDFww,E4
IDFww,A5
IDFww,A6
IDFxc,D0
IDFxc,E0
IDFxc,E1
IDFxc,E2
IDFxc,A6
IDFxc,B6
IDFxc,A7
IDFxc,B7
IDFxc,C7
IDFxc,D7
IDFxc,E7
IDFxh1,D0
IDFxh1,E0
IDFxh1,E1
IDFxh1,E2
IDFxh1,A3
IDFxh1,E3
IDFxh1,A4
IDFxh1,E4
IDFxh1,A5
IDFxh1,B5
IDFxh1,A6
IDFxh1,B6
IDFxh1,A7
IDFxh1,B7
IDFxh2,D0
IDFxh2,E0
IDFxh2,D1
IDFxh2,E1
IDFxh2,D2
IDFxh2,E2
IDFxh2,E3
IDFxh2,A4
IDFxh2,E4
IDFxh2,A5
IDFxh2,B5
IDFxh2,A6
IDFxh2,B6
IDFxh2,A7
IDFxh2,B7
IDFxh2,C7
IDFxh2,D7
IDFxh2,E7
IDFxh_ID,C0
IDFxh_ID,D0
IDFxh_ID,E0
IDFxh_ID,E1
IDFxh_ID,E2
IDFxh_ID,A3
IDFxh_ID,E3
IDFxh_ID,A4
IDFxh_ID,E4
IDFxh_ID,A5
IDFxh_ID,A6
IDFxh_ID,A7
IDFxh_ID,B7
IDFxh_ID,C7
IDFxh_ID,D7
IDFxh_ID,E7
IDFxh_OR,C0
IDFxh_OR,D0
IDFxh_OR,E0
IDFxh_OR,E1
IDFxh_OR,E2
IDFxh_OR,A3
IDFxh_OR,E3
IDFxh_OR,A4
IDFxh_OR,E4
IDFxh_OR,A5
IDFxh_OR,A6
IDFxh_OR,A7
IDFxh_OR,B7
IDFxh_OR,C7
IDFxh_OR,D7
IDFxh_OR,E7
IDFxh_WA,C0
IDFxh_WA,D0
IDFxh_WA,E0
IDFxh_WA,E1
IDFxh_WA,E2
IDFxh_WA,A3
IDFxh_WA,E3
IDFxh_WA,A4
IDFxh_WA,E4
IDFxh_WA,A5
IDFxh_WA,A6
IDFxh_WA,A7
IDFxh_WA,B7
IDFxh_WA,C7
IDFxh_WA,D7
IDFxh_WA,E7
IDFxk,E0
IDFxk,A1
IDFxk,E1
IDFxk,A2
IDFxk,E2
IDFxk,A3
IDFxk,E3
IDFxk,A4
IDFxk,E4
IDFxk,A5
IDFxk,B5
IDFxk,A6
IDFxk,B6
IDFxk,A7
IDFxk,B7
IDFxk,E7
IDFxm,C0
IDFxm,D0
IDFxm,E0
IDFxm,E1
IDFxm,E2
IDFxm,E3
IDFxm,A4
IDFxm,E4
IDFxm,A5
IDFxm,A6
IDFxm,A7
IDFxm_CO,C0
IDFxm_CO,D0
IDFxm_CO,E0
IDFxm_CO,E1
IDFxm_CO,E2
IDFxm_CO,A3
IDFxm_CO,E3
IDFxm_CO,A4
IDFxm_CO,E4
IDFxm_CO,A5
IDFxm_CO,A6
IDFxm_CO,A7
IDFxm_CO,B7
IDFxm_CO,C7
IDFxm_CO,D7
IDFxm_CO,E7
IDFxw,C0
IDFxw,D0
IDFxw,E0
IDFxw,A1
IDFxw,E1
IDFxw,A2
IDFxw,E2
IDFxw,A3
IDFxw,E3
IDFxw,A4
IDFxw,E4
IDFxw,A5
IDFxw,B5
IDFxw,A6
IDFxw,B6
IDFxw,A7
IDFxw,B7
IDFxw,C7
IDFxw,D7
IDFxw,E7
IDFxx1,C0
IDFxx1,D0
IDFxx1,E0
IDFxx1,D1
IDFxx1,E1
IDFxx1,A2
IDFxx1,E2
IDFxx1,A3
IDFxx1,E3
IDFxx1,A4
IDFxx1,E4
IDFxx1,A5
IDFxx1,B5
IDFxx1,E5
IDFxx1,A6
IDFxx1,B6
IDFxx1,E6
IDFxx1,A7
IDFxx1,B7
IDFxx1,C7
IDFxx1,D7
IDFxx1,E7
IDFxx2,D0
IDFxx2,E0
IDFxx2,D1
IDFxx2,E1
IDFxx2,A2
IDFxx2,E2
IDFxx2,A3
IDFxx2,E3
IDFxx2,A4
IDFxx2,E4
IDFxx2,A5
IDFxx2,B5
IDFxx2,A6
IDFxx2,B6
IDFxx2,A7
IDFxx2,B7
IDFxx2,E7
IDFxx_MT,C0
IDFxx_MT,D0
IDFxx_MT,E0
IDFxx_MT,E1
IDFxx_MT,E2
IDFxx_MT,E3
IDFxx_MT,E4
IDFxx_MT,A5
IDFxx_MT,A6
IDFxx_MT,A7
IDFxx_MT,B7
IDFxx_MT,C7
IDFxx_MT,D7
IDFxx_MT,E7
IDFxx_WA,C0
IDFxx_WA,D0
IDFxx_WA,E0
IDFxx_WA,E1
IDFxx_WA,E2
IDFxx_WA,A3
IDFxx_WA,E3
IDFxx_WA,A4
IDFxx_WA,E4
IDFxx_WA,A5
IDFxx_WA,A6
IDFxx_WA,A7
IDFxx_WA,B7
IDFxx_WA,C7
IDFxx_WA,D7
IDFxx_WA,E7
IGFdk_WA,C0
IGFdk_WA,D0
IGFdk_WA,E0
IGFdk_WA,E1
IGFdk_WA,E2
IGFdk_WA,A3
IGFdk_WA,E3
IGFdk_WA,A4
IGFdk_WA,E4
IGFdk_WA,A5
IGFdk_WA,A6
IGFdk_WA,A7
IGFdk_WA,B7
IGFdk_WA,C7
IGFdk_WA,D7
IGFdk_WA,E7
IGFdw_OR,C0
IGFdw_OR,D0
IGFdw_OR,E0
IGFdw_OR,E1
IGFdw_OR,E2
IGFdw_OR,A3
IGFdw_OR,E3
IGFdw_OR,A4
IGFdw_OR,E4
IGFdw_OR,A5
IGFdw_OR,A6
IGFdw_OR,A7
IGFdw_OR,B7
IGFdw_OR,C7
IGFdw_OR,D7
IGFdw_OR,E7
IGFmh_OR,C0
IGFmh_OR,D0
IGFmh_OR,E0
IGFmh_OR,E1
IGFmh_OR,E2
IGFmh_OR,A3
IGFmh_OR,E3
IGFmh_OR,A4
IGFmh_OR,E4
IGFmh_OR,A5
IGFmh_OR,A6
IGFmh_OR,A7
IGFmh_OR,B7
IGFmh_OR,C7
IGFmh_OR,D7
IGFmh_OR,E7
IGFmm_OR,C0
IGFmm_OR,D0
IGFmm_OR,E0
IGFmm_OR,E1
IGFmm_OR,E2
IGFmm_OR,A3
IGFmm_OR,E3
IGFmm_OR,A4
IGFmm_OR,E4
IGFmm_OR,A5
IGFmm_OR,A6
IGFmm_OR,A7
IGFmm_OR,B7
IGFmm_OR,C7
IGFmm_OR,D7
IGFmm_OR,E7
IGFxm_OR,C0
IGFxm_OR,D0
IGFxm_OR,E0
IGFxm_OR,E1
IGFxm_OR,E2
IGFxm_OR,A3
IGFxm_OR,E3
IGFxm_OR,A4
IGFxm_OR,E4
IGFxm_OR,A5
IGFxm_OR,A6
IGFxm_OR,A7
IGFxm_OR,B7
IGFxm_OR,C7
IGFxm_OR,D7
IGFxm_OR,E7
IWFdm_CO,C0
IWFdm_CO,D0
IWFdm_CO,E0
IWFdm_CO,E1
IWFdm_CO,E2
IWFdm_CO,A3
IWFdm_CO,E3
IWFdm_CO,A4
IWFdm_CO,E4
IWFdm_CO,A5
IWFdm_CO,A6
IWFdm_CO,A7
IWFdm_CO,B7
IWFdm_CO,C7
IWFdm_CO,D7
IWFdm_CO,E7
IWFdw_OR,C0
IWFdw_OR,D0
IWFdw_OR,E0
IWFdw_OR,E1
IWFdw_OR,E2
IWFdw_OR,A3
IWFdw_OR,E3
IWFdw_OR,A4
IWFdw_OR,E4
IWFdw_OR,A5
IWFdw_OR,A6
IWFdw_OR,A7
IWFdw_OR,B7
IWFdw_OR,C7
IWFdw_OR,D7
IWFdw_OR,E7
IWFxk_NV,C0
IWFxk_NV,D0
IWFxk_NV,E0
IWFxk_NV,E1
IWFxk_NV,E2
IWFxk_NV,A3
IWFxk_NV,E3
IWFxk_NV,A4
IWFxk_NV,E4
IWFxk_NV,A5
IWFxk_NV,A6
IWFxk_NV,A7
IWFxk_NV,B7
IWFxk_NV,C7
IWFxk_NV,D7
IWFxk_NV,E7
IWFxm_CA,C0
IWFxm_CA,D0
IWFxm_CA,E0
IWFxm_CA,E1
IWFxm_CA,E2
IWFxm_CA,A3
IWFxm_CA,E3
IWFxm_CA,A4
IWFxm_CA,E4
IWFxm_CA,A5
IWFxm_CA,A6
IWFxm_CA,A7
IWFxm_CA,B7
IWFxm_CA,C7
IWFxm_CA,D7
IWFxm_CA,E7
JPWdm_WY,C0
JPWdm_WY,D0
JPWdm_WY,E0
JPWdm_WY,E1
JPWdm_WY,E2
JPWdm_WY,A3
JPWdm_WY,E3
JPWdm_WY,A4
JPWdm_WY,E4
JPWdm_WY,A5
JPWdm_WY,A6
JPWdm_WY,A7
JPWdm_WY,B7
JPWdm_WY,C7
JPWdm_WY,D7
JPWdm_WY,E7
JPWdw_UT,C0
JPWdw_UT,D0
JPWdw_UT,E0
JPWdw_UT,E1
JPWdw_UT,E2
JPWdw_UT,A3
JPWdw_UT,E3
JPWdw_UT,A4
JPWdw_UT,E4
JPWdw_UT,A5
JPWdw_UT,A6
JPWdw_UT,A7
JPWdw_UT,B7
JPWdw_UT,C7
JPWdw_UT,D7
JPWdw_UT,E7
JPWmk_WY,C0
JPWmk_WY,D0
JPWmk_WY,E0
JPWmk_WY,E1
JPWmk_WY,E2
JPWmk_WY,A3
JPWmk_WY,E3
JPWmk_WY,A4
JPWmk_WY,E4
JPWmk_WY,A5
JPWmk_WY,A6
JPWmk_WY,A7
JPWmk_WY,B7
JPWmk_WY,C7
JPWmk_WY,D7
JPWmk_WY,E7
JPWwm_CO,C0
JPWwm_CO,D0
JPWwm_CO,E0
JPWwm_CO,E1
JPWwm_CO,E2
JPWwm_CO,A3
JPWwm_CO,E3
JPWwm_CO,A4
JPWwm_CO,E4
JPWwm_CO,A5
JPWwm_CO,A6
JPWwm_CO,A7
JPWwm_CO,B7
JPWwm_CO,C7
JPWwm_CO,D7
JPWwm_CO,E7
JPWxh_CA,C0
JPWxh_CA,D0
JPWxh_CA,E0
JPWxh_CA,E1
JPWxh_CA,E2
JPWxh_CA,A3
JPWxh_CA,E3
JPWxh_CA,A4
JPWxh_CA,E4
JPWxh_CA,A5
JPWxh_CA,A6
JPWxh_CA,A7
JPWxh_CA,B7
JPWxh_CA,C7
JPWxh_CA,D7
JPWxh_CA,E7
JPWxw_NV,C0
JPWxw_NV,D0
JPWxw_NV,E0
JPWxw_NV,E1
JPWxw_NV,E2
JPWxw_NV,A3
JPWxw_NV,E3
JPWxw_NV,A4
JPWxw_NV,E4
JPWxw_NV,A5
JPWxw_NV,A6
JPWxw_NV,A7
JPWxw_NV,B7
JPWxw_NV,C7
JPWxw_NV,D7
JPWxw_NV,E7
MDCHun_NV,C0
MDCHun_NV,D0
MDCHun_NV,E0
MDCHun_NV,C1
MDCHun_NV,D1
MDCHun_NV,E1
MDCHun_NV,E2
MDCHun_NV,A3
MDCHun_NV,E3
MDCHun_NV,A4
MDCHun_NV,E4
MDCHun_NV,A5
MDCHun_NV,A6
MDCHun_NV,A7
MDCHun_NV,B7
MDCHun_NV,C7
MDCHun_NV,D7
MDCHun_NV,E7
MGPmw_MT,C0
MGPmw_MT,D0
MGPmw_MT,E0
MGPmw_MT,E1
MGPmw_MT,E2
MGPmw_MT,A3
MGPmw_MT,E3
MGPmw_MT,A4
MGPmw_MT,E4
MGPmw_MT,A5
MGPmw_MT,A6
MGPmw_MT,A7
MGPmw_MT,B7
MGPmw_MT,C7
MGPmw_MT,D7
MGPmw_MT,E7
MHRFdm_OR,C0
MHRFdm_OR,D0
MHRFdm_OR,E0
MHRFdm_OR,E1
MHRFdm_OR,E2
MHRFdm_OR,A3
MHRFdm_OR,E3
MHRFdm_OR,A4
MHRFdm_OR,E4
MHRFdm_OR,A5
MHRFdm_OR,A6
MHRFdm_OR,A7
MHRFdm_OR,B7
MHRFdm_OR,C7
MHRFdm_OR,D7
MHRFdm_OR,E7
MHRFdmp_OR,C0
MHRFdmp_OR,D0
MHRFdmp_OR,E0
MHRFdmp_OR,E1
MHRFdmp_OR,E2
MHRFdmp_OR,A3
MHRFdmp_OR,E3
MHRFdmp_OR,A4
MHRFdmp_OR,E4
MHRFdmp_OR,A5
MHRFdmp_OR,A6
MHRFdmp_OR,A7
MHRFdmp_OR,B7
MHRFdmp_OR,C7
MHRFdmp_OR,D7
MHRFdmp_OR,E7
MHRFds_CA,C0
MHRFds_CA,D0
MHRFds_CA,E0
MHRFds_CA,E1
MHRFds_CA,E2
MHRFds_CA,A3
MHRFds_CA,E3
MHRFds_CA,A4
MHRFds_CA,E4
MHRFds_CA,A5
MHRFds_CA,A6
MHRFds_CA,A7
MHRFds_CA,B7
MHRFds_CA,C7
MHRFds_CA,D7
MHRFds_CA,E7
MHRFdsp_CA,C0
MHRFdsp_CA,D0
MHRFdsp_CA,E0
MHRFdsp_CA,E1
MHRFdsp_CA,E2
MHRFdsp_CA,A3
MHRFdsp_CA,E3
MHRFdsp_CA,A4
MHRFdsp_CA,E4
MHRFdsp_CA,A5
MHRFdsp_CA,A6
MHRFdsp_CA,A7
MHRFdsp_CA,B7
MHRFdsp_CA,C7
MHRFdsp_CA,D7
MHRFdsp_CA,E7
MHRFmm_OR,C0
MHRFmm_OR,D0
MHRFmm_OR,E0
MHRFmm_OR,E1
MHRFmm_OR,E2
MHRFmm_OR,A3
MHRFmm_OR,E3
MHRFmm_OR,A4
MHRFmm_OR,E4
MHRFmm_OR,A5
MHRFmm_OR,A6
MHRFmm_OR,A7
MHRFmm_OR,B7
MHRFmm_OR,C7
MHRFmm_OR,D7
MHRFmm_OR,E7
MHRFmmp_OR,C0
MHRFmmp_OR,D0
MHRFmmp_OR,E0
MHRFmmp_OR,E1
MHRFmmp_OR,E2
MHRFmmp_OR,A3
MHRFmmp_OR,E3
MHRFmmp_OR,A4
MHRFmmp_OR,E4
MHRFmmp_OR,A5
MHRFmmp_OR,A6
MHRFmmp_OR,A7
MHRFmmp_OR,B7
MHRFmmp_OR,C7
MHRFmmp_OR,D7
MHRFmmp_OR,E7
MHdm_OR,C0
MHdm_OR,D0
MHdm_OR,E0
MHdm_OR,E1
MHdm_OR,E2
MHdm_OR,A3
MHdm_OR,E3
MHdm_OR,A4
MHdm_OR,E4
MHdm_OR,A5
MHdm_OR,A6
MHdm_OR,A7
MHdm_OR,B7
MHdm_OR,C7
MHdm_OR,D7
MHdm_OR,E7
MHds_OR,C0
MHds_OR,D0
MHds_OR,E0
MHds_OR,E1
MHds_OR,E2
MHds_OR,A3
MHds_OR,E3
MHds_OR,A4
MHds_OR,E4
MHds_OR,A5
MHds_OR,A6
MHds_OR,A7
MHds_OR,B7
MHds_OR,C7
MHds_OR,D7
MHds_OR,E7
MHds_WA,C0
MHds_WA,D0
MHds_WA,E0
MHds_WA,E1
MHds_WA,E2
MHds_WA,A3
MHds_WA,E3
MHds_WA,A4
MHds_WA,E4
MHds_WA,A5
MHds_WA,A6
MHds_WA,A7
MHds_WA,B7
MHds_WA,C7
MHds_WA,D7
MHds_WA,E7
MHmm1,D0
MHmm1,E0
MHmm1,D1
MHmm1,E1
MHmm1,D2
MHmm1,E2
MHmm2,D0
MHmm2,E0
MHmm2,D1
MHmm2,E1
MHmm2,D2
MHmm2,E2
MHmm_WA,C0
MHmm_WA,D0
MHmm_WA,E0
MHmm_WA,E1
MHmm_WA,E2
MHmm_WA,A3
MHmm_WA,E3
MHmm_WA,A4
MHmm_WA,E4
MHmm_WA,A5
MHmm_WA,A6
MHmm_WA,A7
MHmm_WA,B7
MHmm_WA,C7
MHmm_WA,D7
MHmm_WA,E7
MHms,D0
MHms,E0
MHms,D1
MHms,E1
MHms,D2
MHms,E2
MHms,D3
MHms,E3
MHms,A5
MHms,B5
MHms,C5
MHms,A6
MHms,B6
MHms,A7
MHms,B7
MHms_WA,C0
MHms_WA,D0
MHms_WA,E0
MHms_WA,E1
MHms_WA,E2
MHms_WA,A3
MHms_WA,E3
MHms_WA,A4
MHms_WA,E4
MHms_WA,A5
MHms_WA,A6
MHms_WA,A7
MHms_WA,B7
MHms_WA,C7
MHms_WA,D7
MHms_WA,E7
MHvh,D0
MHvh,E0
MHvh,D1
MHvh,E1
MHvh,A5
MHvh,D5
MHvh,E5
MHvh,A6
MHvh,B6
MHvh,C6
MHvh,D6
MHvh,E6
MHwh,D0
MHwh,E0
MHwh,D1
MHwh,E1
MHwh,E3
MHwh,E4
MHwh,A6
MHwh,B6
MHwh,D7
MHwh,E7
MMMdk_NV,C0
MMMdk_NV,D0
MMMdk_NV,E0
MMMdk_NV,E1
MMMdk_NV,E2
MMMdk_NV,A3
MMMdk_NV,E3
MMMdk_NV,A4
MMMdk_NV,E4
MMMdk_NV,A5
MMMdk_NV,A6
MMMdk_NV,A7
MMMdk_NV,B7
MMMdk_NV,C7
MMMdk_NV,D7
MMMdk_NV,E7
MSSDun_NV,C0
MSSDun_NV,D0
MSSDun_NV,E0
MSSDun_NV,E1
MSSDun_NV,E2
MSSDun_NV,A3
MSSDun_NV,E3
MSSDun_NV,A4
MSSDun_NV,E4
MSSDun_NV,A5
MSSDun_NV,A6
MSSDun_NV,A7
MSSDun_NV,B7
MSSDun_NV,C7
MSSDun_NV,D7
MSSDun_NV,E7
MSabN,C0
MSabN,D0
MSabN,E0
MSabN,A1
MSabN,E1
MSabN,A2
MSabN,E2
MSabN,A3
MSabN,E3
MSabN,A4
MSabN,E4
MSabN,A5
MSabN,A6
MSabN,B6
MSabN,A7
MSabN,B7
MSabS,C0
MSabS,D0
MSabS,E0
MSabS,A1
MSabS,E1
MSabS,A2
MSabS,E2
MSabS,A3
MSabS,E3
MSabS,A4
MSabS,E4
MSabS,A5
MSabS,A6
MSabS,B6
MSabS,A7
MSabS,B7
MSdc1,D0
MSdc1,E0
MSdc1,D1
MSdc1,E1
MSdc1,E2
MSdc1,E3
MSdc1,A5
MSdc1,A6
MSdc1,B6
MSdc1,A7
MSdc1,B7
MSdc2,E0
MSdc2,E1
MSdc2,A2
MSdc2,E2
MSdc2,A3
MSdc2,E3
MSdc2,A4
MSdc2,E4
MSdc2,A5
MSdc2,A6
MSdc2,A7
MSdc2,E7
MSdc3,E0
MSdc3,E1
MSdc3,A2
MSdc3,E2
MSdc3,A3
MSdc3,E3
MSdc3,A4
MSdc3,E4
MSdc3,A5
MSdc3,D5
MSdc3,E5
MSdc3,A6
MSdc3,D6
MSdc3,E6
MSdc3,A7
MSdc3,B7
MSdc3,C7
MSdc3,D7
MSdc3,E7
MSdh_MT,C0
MSdh_MT,D0
MSdh_MT,E0
MSdh_MT,E1
MSdh_MT,E2
MSdh_MT,A3
MSdh_MT,E3
MSdh_MT,A4
MSdh_MT,E4
MSdh_MT,A5
MSdh_MT,A6
MSdh_MT,A7
MSdh_MT,B7
MSdh_MT,C7
MSdh_MT,D7
MSdh_MT,E7
MSdh_UT,C0
MSdh_UT,D0
MSdh_UT,E0
MSdh_UT,E1
MSdh_UT,E2
MSdh_UT,A3
MSdh_UT,E3
MSdh_UT,A4
MSdh_UT,E4
MSdh_UT,A5
MSdh_UT,A6
MSdh_UT,A7
MSdh_UT,B7
MSdh_UT,C7
MSdh_UT,D7
MSdh_UT,E7
MSdh_WY,C0
MSdh_WY,D0
MSdh_WY,E0
MSdh_WY,E1
MSdh_WY,E2
MSdh_WY,A3
MSdh_WY,E3
MSdh_WY,A4
MSdh_WY,E4
MSdh_WY,A5
MSdh_WY,A6
MSdh_WY,A7
MSdh_WY,B7
MSdh_WY,C7
MSdh_WY,D7
MSdh_WY,E7
MSdk,D0
MSdk,E0
MSdk,D1
MSdk,E1
MSdk,E2
MSdk,E3
MSdk,E4
MSdk,A6
MSdk,A7
MSdk_CO,C0
MSdk_CO,D0
MSdk_CO,E0
MSdk_CO,E1
MSdk_CO,E2
MSdk_CO,A3
MSdk_CO,E3
MSdk_CO,A4
MSdk_CO,E4
MSdk_CO,A5
MSdk_CO,A6
MSdk_CO,A7
MSdk_CO,B7
MSdk_CO,C7
MSdk_CO,D7
MSdk_CO,E7
MSdm1,C0
MSdm1,D0
MSdm1,E0
MSdm1,D1
MSdm1,E1
MSdm1,D2
MSdm1,E2
MSdm1,D3
MSdm1,E3
MSdm1,A4
MSdm1,D4
MSdm1,E4
MSdm1,A5
MSdm1,E5
MSdm1,A6
MSdm1,A7
MSdm1,B7
MSdm2,D0
MSdm2,E0
MSdm2,D1
MSdm2,E1
MSdm2,A2
MSdm2,D2
MSdm2,E2
MSdm2,E3
MSdm2,E4
MSdm2,A6
MSdm2,B6
MSdm2,A7
MSdm2,B7
MSdm3,E0
MSdm3,E1
MSdm3,E2
MSdm3,E3
MSdm3,A7
MSdm_WA,C0
MSdm_WA,D0
MSdm_WA,E0
MSdm_WA,E1
MSdm_WA,E2
MSdm_WA,A3
MSdm_WA,E3
MSdm_WA,A4
MSdm_WA,E4
MSdm_WA,A5
MSdm_WA,A6
MSdm_WA,A7
MSdm_WA,B7
MSdm_WA,C7
MSdm_WA,D7
MSdm_WA,E7
MSdv,E0
MSdv,E1
MSdv,E2
MSdv,E3
MSdv,A4
MSdv,E4
MSdv,A5
MSdv,E5
MSdv,A6
MSdv,E6
MSdv,A7
MSdv,E7
MSdw,D0
MSdw,E0
MSdw,A1
MSdw,D1
MSdw,E1
MSdw,A2
MSdw,E2
MSdw,A3
MSdw,E3
MSdw,A4
MSdw,E4
MSdw,A5
MSdw,B5
MSdw,A6
MSdw,A7
MSdw_MT,C0
MSdw_MT,D0
MSdw_MT,E0
MSdw_MT,E1
MSdw_MT,E2
MSdw_MT,A3
MSdw_MT,E3
MSdw_MT,A4
MSdw_MT,E4
MSdw_MT,A5
MSdw_MT,A6
MSdw_MT,A7
MSdw_MT,B7
MSdw_MT,C7
MSdw_MT,D7
MSdw_MT,E7
MSmm_ID,C0
MSmm_ID,D0
MSmm_ID,E0
MSmm_ID,E1
MSmm_ID,E2
MSmm_ID,A3
MSmm_ID,E3
MSmm_ID,A4
MSmm_ID,E4
MSmm_ID,A5
MSmm_ID,A6
MSmm_ID,A7
MSmm_ID,B7
MSmm_ID,C7
MSmm_ID,D7
MSmm_ID,E7
MSxh_OR,C0
MSxh_OR,D0
MSxh_OR,E0
MSxh_OR,E1
MSxh_OR,E2
MSxh_OR,A3
MSxh_OR,E3
MSxh_OR,A4
MSxh_OR,E4
MSxh_OR,A5
MSxh_OR,A6
MSxh_OR,A7
MSxh_OR,B7
MSxh_OR,C7
MSxh_OR,D7
MSxh_OR,E7
MSxk1,C0
MSxk1,D0
MSxk1,E0
MSxk1,D1
MSxk1,E1
MSxk1,E2
MSxk1,E3
MSxk1,E4
MSxk1,A7
MSxk2,D0
MSxk2,E0
MSxk2,E1
MSxk2,E2
MSxk2,E3
MSxk2,E4
MSxk2,A7
MSxk2,B7
MSxk3,A5
MSxk3,A6
MSxk3,A7
MSxk3,B7
MSxk3,C7
MSxk3,D7
MSxk3,E7
MSxk_WA,C0
MSxk_WA,D0
MSxk_WA,E0
MSxk_WA,E1
MSxk_WA,E2
MSxk_WA,A3
MSxk_WA,E3
MSxk_WA,A4
MSxk_WA,E4
MSxk_WA,A5
MSxk_WA,A6
MSxk_WA,A7
MSxk_WA,B7
MSxk_WA,C7
MSxk_WA,D7
MSxk_WA,E7
MSxm_CO,C0
MSxm_CO,D0
MSxm_CO,E0
MSxm_CO,E1
MSxm_CO,E2
MSxm_CO,A3
MSxm_CO,E3
MSxm_CO,A4
MSxm_CO,E4
MSxm_CO,A5
MSxm_CO,A6
MSxm_CO,A7
MSxm_CO,B7
MSxm_CO,C7
MSxm_CO,D7
MSxm_CO,E7
MSxv,C0
MSxv,D0
MSxv,E0
MSxv,E1
MSxv,E2
MSxv,A3
MSxv,E3
MSxv,A4
MSxv,E4
MSxv,A5
MSxx_NV,C0
MSxx_NV,D0
MSxx_NV,E0
MSxx_NV,E1
MSxx_NV,E2
MSxx_NV,A3
MSxx_NV,E3
MSxx_NV,A4
MSxx_NV,E4
MSxx_NV,A5
MSxx_NV,A6
MSxx_NV,A7
MSxx_NV,B7
MSxx_NV,C7
MSxx_NV,D7
MSxx_NV,E7
OWdm_OR,C0
OWdm_OR,D0
OWdm_OR,E0
OWdm_OR,E1
OWdm_OR,E2
OWdm_OR,A3
OWdm_OR,E3
OWdm_OR,A4
OWdm_OR,E4
OWdm_OR,A5
OWdm_OR,A6
OWdm_OR,A7
OWdm_OR,B7
OWdm_OR,C7
OWdm_OR,D7
OWdm_OR,E7
OWmm_OR,C0
OWmm_OR,D0
OWmm_OR,E0
OWmm_OR,E1
OWmm_OR,E2
OWmm_OR,A3
OWmm_OR,E3
OWmm_OR,A4
OWmm_OR,E4
OWmm_OR,A5
OWmm_OR,A6
OWmm_OR,A7
OWmm_OR,B7
OWmm_OR,C7
OWmm_OR,D7
OWmm_OR,E7
OWun_CA,C0
OWun_CA,D0
OWun_CA,E0
OWun_CA,E1
OWun_CA,E2
OWun_CA,A3
OWun_CA,E3
OWun_CA,A4
OWun_CA,E4
OWun_CA,A5
OWun_CA,A6
OWun_CA,A7
OWun_CA,B7
OWun_CA,C7
OWun_CA,D7
OWun_CA,E7
PPmx_WY,C0
PPmx_WY,D0
PPmx_WY,E0
PPmx_WY,E1
PPmx_WY,E2
PPmx_WY,A3
PPmx_WY,E3
PPmx_WY,A4
PPmx_WY,E4
PPmx_WY,A5
PPmx_WY,A6
PPmx_WY,A7
PPmx_WY,B7
PPmx_WY,C7
PPmx_WY,D7
PPmx_WY,E7
PPxh1,C0
PPxh1,D0
PPxh1,E0
PPxh1,C1
PPxh1,D1
PPxh1,E1
PPxh1,E2
PPxh1,A4
PPxh1,A5
PPxh1,B5
PPxh1,A6
PPxh1,B6
PPxh1,C6
PPxh1,A7
PPxh1,B7
PPxh1,C7
PPxh1,D7
PPxh1,E7
PPxh2,C0
PPxh2,D0
PPxh2,E0
PPxh2,E1
PPxh2,A2
PPxh2,E2
PPxh2,A3
PPxh2,A4
PPxh2,A5
PPxh2,B5
PPxh2,A6
PPxh2,B6
PPxh2,C6
PPxh2,A7
PPxh2,B7
PPxh2,C7
PPxh2,D7
PPxh2,E7
PPxh_CO,C0
PPxh_CO,D0
PPxh_CO,E0
PPxh_CO,E1
PPxh_CO,E2
PPxh_CO,A3
PPxh_CO,E3
PPxh_CO,A4
PPxh_CO,E4
PPxh_CO,A5
PPxh_CO,A6
PPxh_CO,A7
PPxh_CO,B7
PPxh_CO,C7
PPxh_CO,D7
PPxh_CO,E7
PPxh_WA,C0
PPxh_WA,D0
PPxh_WA,E0
PPxh_WA,E1
PPxh_WA,E2
PPxh_WA,A3
PPxh_WA,E3
PPxh_WA,A4
PPxh_WA,E4
PPxh_WA,A5
PPxh_WA,A6
PPxh_WA,A7
PPxh_WA,B7
PPxh_WA,C7
PPxh_WA,D7
PPxh_WA,E7
PPxk_OR,C0
PPxk_OR,D0
PPxk_OR,E0
PPxk_OR,E1
PPxk_OR,E2
PPxk_OR,A3
PPxk_OR,E3
PPxk_OR,A4
PPxk_OR,E4
PPxk_OR,A5
PPxk_OR,A6
PPxk_OR,A7
PPxk_OR,B7
PPxk_OR,C7
PPxk_OR,D7
PPxk_OR,E7
PPxm_OR,C0
PPxm_OR,D0
PPxm_OR,E0
PPxm_OR,E1
PPxm_OR,E2
PPxm_OR,A3
PPxm_OR,E3
PPxm_OR,A4
PPxm_OR,E4
PPxm_OR,A5
PPxm_OR,A6
PPxm_OR,A7
PPxm_OR,B7
PPxm_OR,C7
PPxm_OR,D7
PPxm_OR,E7
PPxw_MT,C0
PPxw_MT,D0
PPxw_MT,E0
PPxw_MT,E1
PPxw_MT,E2
PPxw_MT,A3
PPxw_MT,E3
PPxw_MT,A4
PPxw_MT,E4
PPxw_MT,A5
PPxw_MT,A6
PPxw_MT,A7
PPxw_MT,B7
PPxw_MT,C7
PPxw_MT,D7
PPxw_MT,E7
PPxw_WY,C0
PPxw_WY,D0
PPxw_WY,E0
PPxw_WY,E1
PPxw_WY,E2
PPxw_WY,A3
PPxw_WY,E3
PPxw_WY,A4
PPxw_WY,E4
PPxw_WY,A5
PPxw_WY,A6
PPxw_WY,A7
PPxw_WY,B7
PPxw_WY,C7
PPxw_WY,D7
PPxw_WY,E7
PPxx_OR,C0
PPxx_OR,D0
PPxx_OR,E0
PPxx_OR,E1
PPxx_OR,E2
PPxx_OR,A3
PPxx_OR,E3
PPxx_OR,A4
PPxx_OR,E4
PPxx_OR,A5
PPxx_OR,A6
PPxx_OR,A7
PPxx_OR,B7
PPxx_OR,C7
PPxx_OR,D7
PPxx_OR,E7
SASbo,C0
SASbo,D0
SASbo,E0
SASbo,A1
SASbo,C1
SASbo,D1
SASbo,E1
SASbo,D2
SASbo,E2
SASbo,A3
SASbo,E3
SASbo,E4
SBAPcp,C0
SBAPcp,D0
SBAPcp,E0
SBAPcp,C1
SBAPcp,D1
SBAPcp,E1
SBAPcp,D2
SBAPcp,E2
SBAPcp,D3
SBAPcp,E3
SBAPcp,E4
SBPSdc,C0
SBPSdc,D0
SBPSdc,E0
SBPSdc,E1
SBPSdc,E2
SBPSdc,E3
SBPSdc,A4
SBPSdc,E4
SBPSdc,A5
SBPSdc,A6
SBPSdc,A7
SBPSdc,E7
SBPSmc,C0
SBPSmc,D0
SBPSmc,E0
SBPSmc,C1
SBPSmc,D1
SBPSmc,E1
SBPSmc,C2
SBPSmc,D2
SBPSmc,E2
SBPSmc,D3
SBPSmc,E3
SBPSmc,D4
SBPSmc,E4
SBPSmk,C0
SBPSmk,D0
SBPSmk,E0
SBPSmk,E1
SBPSmk,A2
SBPSmk,E2
SBPSmk,A3
SBPSmk,E3
SBPSmk,A4
SBPSmk,E4
SBPSmk,A5
SBPSmk,A6
SBPSmk,A7
SBPSmk,D7
SBPSmk,E7
SBPSxc,C0
SBPSxc,D0
SBPSxc,E0
SBPSxc,E1
SBPSxc,E2
SBPSxc,E3
SBPSxc,A4
SBPSxc,E4
SBPSxc,A5
SBPSxc,A6
SBPSxc,A7
SBPSxc,B7
SBPSxc,C7
SBPSxc,D7
SBPSxc,E7
SBSdh1,C0
SBSdh1,D0
SBSdh1,E0
SBSdh1,C1
SBSdh1,D1
SBSdh1,E1
SBSdh1,D2
SBSdh1,E2
SBSdh1,E3
SBSdh1,E4
SBSdh1,A6
SBSdh1,C7
SBSdh1,D7
SBSdh1,E7
SBSdh2,C0
SBSdh2,D0
SBSdh2,E0
SBSdh2,C1
SBSdh2,D1
SBSdh2,E1
SBSdh2,D2
SBSdh2,E2
SBSdh2,E3
SBSdh2,E4
SBSdh2,A7
SBSdh2,B7
SBSdh2,C7
SBSdh2,D7
SBSdh2,E7
SBSdk,C0
SBSdk,D0
SBSdk,E0
SBSdk,A5
SBSdw1,C0
SBSdw1,D0
SBSdw1,E0
SBSdw1,A1
SBSdw1,E1
SBSdw1,A2
SBSdw1,E2
SBSdw1,E3
SBSdw1,A4
SBSdw1,E4
SBSdw1,A5
SBSdw1,A6
SBSdw1,A7
SBSdw1,B7
SBSdw1,C7
SBSdw1,D7
SBSdw1,E7
SBSdw2,C0
SBSdw2,D0
SBSdw2,E0
SBSdw2,A1
SBSdw2,E1
SBSdw2,E2
SBSdw2,E3
SBSdw2,E4
SBSdw2,A5
SBSdw2,A6
SBSdw2,A7
SBSdw2,D7
SBSdw2,E7
SBSdw3,C0
SBSdw3,D0
SBSdw3,E0
SBSdw3,A1
SBSdw3,D1
SBSdw3,E1
SBSdw3,D2
SBSdw3,E2
SBSdw3,E3
SBSdw3,E4
SBSdw3,A6
SBSdw3,E7
SBSmc1,C0
SBSmc1,D0
SBSmc1,E0
SBSmc1,A1
SBSmc1,E1
SBSmc1,A2
SBSmc1,E2
SBSmc1,E3
SBSmc1,E4
SBSmc1,A6
SBSmc1,A7
SBSmc2,C0
SBSmc2,D0
SBSmc2,E0
SBSmc2,E1
SBSmc2,E2
SBSmc2,E3
SBSmc2,A7
SBSmc3,C0
SBSmc3,D0
SBSmc3,E0
SBSmc3,C1
SBSmc3,D1
SBSmc3,E1
SBSmc3,C2
SBSmc3,D2
SBSmc3,E2
SBSmc3,D3
SBSmc3,E3
SBSmc3,E4
SBSmc3,E5
SBSmc3,A6
SBSmc3,B6
SBSmc3,E6
SBSmc3,A7
SBSmc3,D7
SBSmc3,E7
SBSmh,C0
SBSmh,D0
SBSmh,E0
SBSmh,D1
SBSmh,E1
SBSmh,E2
SBSmh,A3
SBSmh,E3
SBSmh,A4
SBSmh,E4
SBSmh,A5
SBSmh,A6
SBSmh,E6
SBSmh,A7
SBSmh,B7
SBSmh,C7
SBSmh,D7
SBSmh,E7
SBSmk1,C0
SBSmk1,D0
SBSmk1,E0
SBSmk1,D1
SBSmk1,E1
SBSmk1,D2
SBSmk1,E2
SBSmk1,D3
SBSmk1,E3
SBSmk1,E4
SBSmk1,A7
SBSmk1,E7
SBSmk2,C0
SBSmk2,D0
SBSmk2,E0
SBSmk2,C1
SBSmk2,D1
SBSmk2,E1
SBSmk2,C2
SBSmk2,D2
SBSmk2,E2
SBSmk2,D3
SBSmk2,E3
SBSmk2,E4
SBSmk2,A6
SBSmk2,B6
SBSmk2,E6
SBSmk2,A7
SBSmk2,B7
SBSmk2,C7
SBSmk2,D7
SBSmk2,E7
SBSmm,C0
SBSmm,D0
SBSmm,E0
SBSmm,D1
SBSmm,E1
SBSmm,E2
SBSmm,E7
SBSmw,E0
SBSmw,E1
SBSmw,E2
SBSmw,E3
SBSmw,A4
SBSmw,E4
SBSmw,A5
SBSmw,A6
SBSmw,E7
SBSvk,C0
SBSvk,D0
SBSvk,E0
SBSvk,C1
SBSvk,D1
SBSvk,E1
SBSvk,C2
SBSvk,D2
SBSvk,E2
SBSvk,A3
SBSvk,E3
SBSvk,A4
SBSvk,E4
SBSvk,A5
SBSvk,E5
SBSvk,A6
SBSvk,B6
SBSvk,C7
SBSwk1,C0
SBSwk1,D0
SBSwk1,E0
SBSwk1,E1
SBSwk1,E2
SBSwk1,E3
SBSwk1,E4
SBSwk1,A6
SBSwk1,A7
SBSwk1,E7
SBSwk2,C0
SBSwk2,D0
SBSwk2,E0
SBSwk2,C1
SBSwk2,D1
SBSwk2,E1
SBSwk2,C2
SBSwk2,D2
SBSwk2,E2
SBSwk2,E3
SBSwk2,D4
SBSwk2,E4
SBSwk2,E5
SBSwk2,A6
SBSwk2,B6
SBSwk2,E6
SBSwk2,A7
SBSwk2,B7
SBSwk2,C7
SBSwk2,D7
SBSwk2,E7
SBSwk3,C0
SBSwk3,D0
SBSwk3,E0
SBSwk3,C1
SBSwk3,D1
SBSwk3,E1
SBSwk3,D2
SBSwk3,E2
SBSwk3,E3
SBSwk3,E4
SBSwk3,E5
SBSwk3,A6
SBSwk3,B6
SBSwk3,E6
SBSwk3,A7
SBSwk3,B7
SBSwk3,C7
SBSwk3,D7
SBSwk3,E7
SBSwk3a,C0
SBSwk3a,D0
SBSwk3a,E0
SBSwk3a,C1
SBSwk3a,D1
SBSwk3a,E1
SBSwk3a,D2
SBSwk3a,E2
SBSwk3a,D3
SBSwk3a,E3
SBSwk3a,E4
SBSwk3a,E5
SBSwk3a,A6
SBSwk3a,B6
SBSwk3a,E6
SBSwk3a,A7
SBSwk3a,B7
SBSwk3a,C7
SBSwk3a,D7
SBSwk3a,E7
SGPdm_CO,C0
SGPdm_CO,D0
SGPdm_CO,E0
SGPdm_CO,E1
SGPdm_CO,E2
SGPdm_CO,A3
SGPdm_CO,E3
SGPdm_CO,A4
SGPdm_CO,E4
SGPdm_CO,A5
SGPdm_CO,A6
SGPdm_CO,A7
SGPdm_CO,B7
SGPdm_CO,C7
SGPdm_CO,D7
SGPdm_CO,E7
SWBmk,C0
SWBmk,D0
SWBmk,E0
SWBmk,D1
SWBmk,E1
SWBmk,D2
SWBmk,E2
SWBmk,E3
SWBmk,E4
SWBmk,E5
SWBmk,E6
SWBmk,D7
SWBmk,E7
WJPxm_OR,C0
WJPxm_OR,D0
WJPxm_OR,E0
WJPxm_OR,E1
WJPxm_OR,E2
WJPxm_OR,A3
WJPxm_OR,E3
WJPxm_OR,A4
WJPxm_OR,E4
WJPxm_OR,A5
WJPxm_OR,A6
WJPxm_OR,A7
WJPxm_OR,B7
WJPxm_OR,C7
WJPxm_OR,D7
WJPxm_OR,E7
