Retire,SS_class,Source,Zone,SubzoneGroup,Subzone,BGC_Label,BGC,BGCName,ZoneName,SubzoneName,VariantName,General Location,OldSubzoneLabel,DataSet,State,Notes
,,BGCv11,ICH,ICH_meso,ICHmw,ICH mw 5,ICHmw5,Granby Moist Warm ICH,Interior Cedar  –  Hemlock,Moist Warm,Granby,Moist Warm,,BC,BC,
,,BGCv11,ICH,ICH_wet,ICHvc,ICH vc,ICHvc,Very Wet Cold ICH,Interior Cedar  –  Hemlock,Very Wet Cold,,Very Wet Cold,,BC,BC,
,,BGCv11,ICH,ICH_wet,ICHvk,ICH vk 1,ICHvk1,Columbia Very Wet Cool ICH,Interior Cedar  –  Hemlock,Very Wet Cool,Columbia,Very Wet Cool,,BC,BC,
,,BGCv11,ICH,ICH_wet,ICHvk,ICH vk 2,ICHvk2,Slim Very Wet Cool ICH,Interior Cedar  –  Hemlock,Very Wet Cool,Slim,Very Wet Cool,,BC,BC,
,,BGCv11,ICH,ICH_wet,ICHwc,ICH wc,ICHwc,Wet Cold ICH,Interior Cedar  –  Hemlock,Wet Cold,,Wet Cold,,BC,BC,
,,BGCv11,ICH,ICH_wet,ICHwk,ICH wk 1,ICHwk1,Shuswap Wet Cool ICH,Interior Cedar  –  Hemlock,Wet Cool,Shuswap,Wet Cool,,BC,BC,
,,BGCv11,ICH,ICH_wet,ICHwk,ICH wk 2,ICHwk2,Quesnel Wet Cool ICH,Interior Cedar  –  Hemlock,Wet Cool,Quesnel,Wet Cool,,BC,BC,
,,BGCv11,ICH,ICH_wet,ICHwk,ICH wk 3,ICHwk3,Goat Wet Cool ICH,Interior Cedar  –  Hemlock,Wet Cool,Goat,Wet Cool,,BC,BC,
,,BGCv11,ICH,ICH_wet,ICHwk,ICH wk 4,ICHwk4,Cariboo Wet Cool ICH,Interior Cedar  –  Hemlock,Wet Cool,Cariboo,Wet Cool,,BC,BC,
,,BGCv11,ICH,ICH_dry,ICHxw,ICH xw,ICHxw,Very Dry Warm ICH,Interior Cedar  –  Hemlock,Very Dry Warm,,Very Dry Warm,,BC,BC,
,,BGCv11,ICH,ICH_dry,ICHxwa,ICH xw  a,ICHxwa,Very Dry Warm ICH,Interior Cedar  –  Hemlock,Very Dry Warm,,Very Dry Warm,,BC,BC,
,,BGCv11,IDF,IDF_cool,IDFdc,IDF dc,IDFdc,Dry Cold IDF,Interior Douglas-fir,Dry Cold,,Dry Cold,,BC,BC,
,,BGCv11,IDF,IDF_cool,IDFdk,IDF dk 1,IDFdk1,Thompson Dry Cool IDF,Interior Douglas-fir,Dry Cool,Thompson,Dry Cool,,BC,BC,
,,BGCv11,IDF,IDF_cool,IDFdk,IDF dk 2,IDFdk2,Cascade Dry Cool IDF,Interior Douglas-fir,Dry Cool,Cascade,Dry Cool,,BC,BC,
,,BGCv11,IDF,IDF_cool,IDFdk,IDF dk 3,IDFdk3,Fraser Dry Cool IDF,Interior Douglas-fir,Dry Cool,Fraser,Dry Cool,,BC,BC,
,,BGCv11,IDF,IDF_cool,IDFdk,IDF dk 4,IDFdk4,Chilcotin Dry Cool IDF,Interior Douglas-fir,Dry Cool,Chilcotin,Dry Cool,,BC,BC,
,,BGCv11,IDF,IDF_cool,IDFdk,IDF dk 5,IDFdk5,Columbia Dry Cool IDF,Interior Douglas-fir,Dry Cool,Columbia,Dry Cool,,BC,BC,
,no,BGCv11,ESSF,ESSF_meso,ESSFmvp,ESSFmvp,ESSFmvp,Moist Very Cold Parkland ESSF,Engelmann Spruce  –  Subalpine Fir,Moist Very Cold Parkland,,Moist Very Cold Parkland,,BC,BC,
,,BGCv11,ESSF,ESSF_meso,ESSFmw,ESSFmw,ESSFmw,Moist Warm ESSF,Engelmann Spruce  –  Subalpine Fir,Moist Warm,,Moist Warm,,BC,BC,
,,BGCv11,ESSF,ESSF_meso,ESSFmw,ESSFmw 1,ESSFmw1,Cascade Moist Warm ESSF,Engelmann Spruce  –  Subalpine Fir,Moist Warm,Cascade,Moist Warm,,BC,BC,
,,BGCv11,ESSF,ESSF_meso,ESSFmw,ESSFmw 2,ESSFmw2,Stein Moist Warm ESSF,Engelmann Spruce  –  Subalpine Fir,Moist Warm,Stein,Moist Warm,,BC,BC,
,no,BGCv11,ESSF,ESSF_meso,ESSFmwp,ESSFmwp,ESSFmwp,Moist Warm Parkland ESSF,Engelmann Spruce  –  Subalpine Fir,Moist Warm Parkland,,Moist Warm Parkland,,BC,BC,
,,BGCv11,ESSF,ESSF_meso,ESSFmww,ESSFmww,ESSFmww,Moist Warm Woodland ESSF,Engelmann Spruce  –  Subalpine Fir,Moist Warm Woodland,,Moist Warm Woodland,,BC,BC,
,no,BGCv11,ESSF,ESSF_meso,ESSFun,ESSFun,ESSFun,Undifferentiated ESSF,Engelmann Spruce  –  Subalpine Fir,Undifferentiated,,Undifferentiated,,BC,BC,
,no,BGCv11,ESSF,ESSF_meso,ESSFunp,ESSFunp,ESSFunp,Undifferentiated Parkland ESSF,Engelmann Spruce  –  Subalpine Fir,Undifferentiated Parkland,,Undifferentiated parkland,,BC,BC,
,,BGCv11,ESSF,ESSF_wet,ESSFvc,ESSFvc,ESSFvc,Very Wet Cold ESSF,Engelmann Spruce  –  Subalpine Fir,Very Wet Cold,,Very Wet Cold,,BC,BC,
,no,BGCv11,ESSF,ESSF_wet,ESSFvcp,ESSFvcp,ESSFvcp,Very Wet Cold Parkland ESSF,Engelmann Spruce  –  Subalpine Fir,Very Wet Cold Parkland,,Very Wet Cold Parkland,,BC,BC,
,no,BGCv11,ESSF,ESSF_wet,ESSFvcw,ESSFvcw,ESSFvcw,Very Wet Cold Woodland ESSF,Engelmann Spruce  –  Subalpine Fir,Very Wet Cold Woodland,,Very Wet Cold Woodland,,BC,BC,
,,BGCv11,ESSF,ESSF_wet,ESSFwc,ESSFwc 2,ESSFwc2,Monashee Wet Cold ESSF,Engelmann Spruce  –  Subalpine Fir,Wet Cold,Monashee,Wet Cold,,BC,BC,
,,BGCv11,ESSF,ESSF_wet,ESSFwc,ESSFwc 3,ESSFwc3,Cariboo Wet Cold ESSF,Engelmann Spruce  –  Subalpine Fir,Wet Cold,Cariboo,Wet Cold,,BC,BC,
,,BGCv11,ESSF,ESSF_wet,ESSFwc,ESSFwc 4,ESSFwc4,Selkirk Wet Cold ESSF,Engelmann Spruce  –  Subalpine Fir,Wet Cold,Selkirk,Wet Cold,,BC,BC,
,no,BGCv11,ESSF,ESSF_wet,ESSFwcp,ESSFwcp,ESSFwcp,Wet Cold Parkland ESSF,Engelmann Spruce  –  Subalpine Fir,Wet Cold Parkland,,Wet Cold Parkland,,BC,BC,
,,BGCv11,ESSF,ESSF_wet,ESSFwcw,ESSFwcw,ESSFwcw,Wet Cold Woodland ESSF,Engelmann Spruce  –  Subalpine Fir,Wet Cold Woodland,,Wet Cold Woodland,,BC,BC,
,,BGCv11,ESSF,ESSF_wet,ESSFwh,ESSFwh 1,ESSFwh1,Columbia Wet Hot ESSF,Engelmann Spruce  –  Subalpine Fir,Wet Hot,Columbia,Wet Hot,,BC,BC,
,,BGCv11,ESSF,ESSF_wet,ESSFwh,ESSFwh 2,ESSFwh2,St Mary Wet Hot ESSF,Engelmann Spruce  –  Subalpine Fir,Wet Hot,St Mary,Wet Hot,,BC,BC,
,,BGCv11,ESSF,ESSF_wet,ESSFwh,ESSFwh 3,ESSFwh3,Salmo Wet Hot ESSF,Engelmann Spruce  –  Subalpine Fir,Wet Hot,Salmo,Wet Hot,,BC,BC,
,,BGCv11,ESSF,ESSF_wet,ESSFwk,ESSFwk 1,ESSFwk1,Cariboo Wet Cool ESSF,Engelmann Spruce  –  Subalpine Fir,Wet Cool,Cariboo,Wet Cool,,BC,BC,
,,BGCv11,ESSF,ESSF_wet,ESSFwk,ESSFwk 2,ESSFwk2,Misinchinka Wet Cool ESSF,Engelmann Spruce  –  Subalpine Fir,Wet Cool,Misinchinka,Wet Cool,,BC,BC,
,,BGCv11,ESSF,ESSF_wet,ESSFwm,ESSFwm 1,ESSFwm1,Fernie Wet Mild ESSF,Engelmann Spruce  –  Subalpine Fir,Wet Mild,Fernie,Wet Mild,,BC,BC,
,,BGCv11,ESSF,ESSF_wet,ESSFwm,ESSFwm 2,ESSFwm2,Purcell Wet Mild ESSF,Engelmann Spruce  –  Subalpine Fir,Wet Mild,Purcell,Wet Mild,,BC,BC,
,,BGCv11,ESSF,ESSF_wet,ESSFwm,ESSFwm 3,ESSFwm3,Ymir Wet Mild ESSF,Engelmann Spruce  –  Subalpine Fir,Wet Mild,Ymir,Wet Mild,,BC,BC,
,,BGCv11,ESSF,ESSF_wet,ESSFwm,ESSFwm 4,ESSFwm4,Moyie Wet Mild ESSF,Engelmann Spruce  –  Subalpine Fir,Wet Mild,Moyie,Wet Mild,,BC,BC,
,,BGCv11,ESSF,ESSF_wet,ESSFwmp,ESSFwmp,ESSFwmp,Wet Mild Parkland ESSF,Engelmann Spruce  –  Subalpine Fir,Wet Mild Parkland,,Wet Mild Parkland,,BC,BC,
,,BGCv11,ESSF,ESSF_wet,ESSFwmw,ESSFwmw,ESSFwmw,Wet Mild Woodland ESSF,Engelmann Spruce  –  Subalpine Fir,Wet Mild Woodland,,Wet Mild Woodland,,BC,BC,
,,BGCv11,ESSF,ESSF_wet,ESSFwv,ESSFwv,ESSFwv,Wet Very Cold ESSF,Engelmann Spruce  –  Subalpine Fir,Wet Very Cold,,Wet Very Cold,,BC,BC,
,no,BGCv11,ESSF,ESSF_wet,ESSFwvp,ESSFwvp,ESSFwvp,Wet Very Cold Parkland ESSF,Engelmann Spruce  –  Subalpine Fir,Wet Very Cold Parkland,,Wet Very Cold Parkland,,BC,BC,
,,BGCv11,ESSF,ESSF_dry,ESSFxc,ESSFxc 1,ESSFxc1,Similkameen Very Dry Cold ESSF,Engelmann Spruce  –  Subalpine Fir,Very Dry Cold,Similkameen,Very Dry Cold,,BC,BC,
,,BGCv11,ESSF,ESSF_dry,ESSFxc,ESSFxc 2,ESSFxc2,Thompson Very Dry Cold ESSF,Engelmann Spruce  –  Subalpine Fir,Very Dry Cold,Thompson,Very Dry Cold,,BC,BC,
,,BGCv11,ESSF,ESSF_dry,ESSFxc,ESSFxc 3,ESSFxc3,Pavillion Very Dry Cold ESSF,Engelmann Spruce  –  Subalpine Fir,Very Dry Cold,Pavillion,Very Dry Cold,,BC,BC,
,no,BGCv11,ESSF,ESSF_dry,ESSFxcp,ESSFxcp,ESSFxcp,Very Dry Cold Parkland ESSF,Engelmann Spruce  –  Subalpine Fir,Very Dry Cold Parkland,,Very Dry Cold Parkland,,BC,BC,
,,BGCv11,ESSF,ESSF_dry,ESSFxcw,ESSFxcw,ESSFxcw,Very Dry Cold Woodland ESSF,Engelmann Spruce  –  Subalpine Fir,Very Dry Cold Woodland,,Very Dry Cold Woodland,,BC,BC,
,,BGCv11,ESSF,ESSF_dry,ESSFxv,ESSFxv 1,ESSFxv1,West Chilcotin Very Dry Very Cold ESSF,Engelmann Spruce  –  Subalpine Fir,Very Dry Very Cold,West Chilcotin,Very Dry Very Cold,,BC,BC,
,,BGCv11,ESSF,ESSF_dry,ESSFxv,ESSFxv 2,ESSFxv2,Big Creek Very Dry Very Cold ESSF,Engelmann Spruce  –  Subalpine Fir,Very Dry Very Cold,Big Creek,Very Dry Very Cold,,BC,BC,
,no,BGCv11,ESSF,ESSF_dry,ESSFxvp,ESSFxvp,ESSFxvp,Very Dry Very Cold Parkland ESSF,Engelmann Spruce  –  Subalpine Fir,Very Dry Very Cold Parkland,,Very Dry Very Cold Parkland,,BC,BC,
,,BGCv11,ESSF,ESSF_dry,ESSFxvw,ESSFxvw,ESSFxvw,Very Dry Very Cold Woodland ESSF,Engelmann Spruce  –  Subalpine Fir,Very Dry Very Cold Woodland,,Very Dry Very Cold Woodland,,BC,BC,
,,BGCv11,ICH,ICH_dry,ICHdk,ICH dk,ICHdk,Dry Cool ICH,Interior Cedar  –  Hemlock,Dry Cool,,Dry Cool,,BC,BC,
,,BGCv11,ICH,ICH_dry,ICHdm,ICH dm,ICHdm,Dry Mild ICH,Interior Cedar  –  Hemlock,Dry Mild,,Dry Mild,,BC,BC,
,,BGCv11,ICH,ICH_dry,ICHdw,ICH dw 1,ICHdw1,West Kootenay Dry Warm ICH,Interior Cedar  –  Hemlock,Dry Warm,West Kootenay,Dry Warm,,BC,BC,
,,BGCv11,ICH,ICH_dry,ICHdw,ICH dw 3,ICHdw3,North Thompson Dry Warm ICH,Interior Cedar  –  Hemlock,Dry Warm,North Thompson,Dry Warm,,BC,BC,
,,BGCv11,ICH,ICH_dry,ICHdw,ICH dw 4,ICHdw4,Shuswap Dry Warm ICH,Interior Cedar  –  Hemlock,Dry Warm,Shuswap,Dry Warm,,BC,BC,
,,BGCv11,ICH,ICH_meso,ICHmc,ICH mc 1,ICHmc1,Nass Moist Cold ICH,Interior Cedar  –  Hemlock,Moist Cold,Nass,Moist Cold,,BC,BC,
,,BGCv11,ICH,ICH_meso,ICHmca,ICH mc 1a,ICHmc1a,Nass Moist Cold ICH,Interior Cedar  –  Hemlock,Moist Cold,Nass,Moist Cold,,BC,BC,
,,BGCv11,ICH,ICH_meso,ICHmc,ICH mc 2,ICHmc2,Hazelton Moist Cold ICH,Interior Cedar  –  Hemlock,Moist Cold,Hazelton,Moist Cold,,BC,BC,
,,BGCv11,ICH,ICH_meso,ICHmk,ICH mk 1,ICHmk1,Okanagan Moist Cool ICH,Interior Cedar  –  Hemlock,Moist Cool,Okanagan,Moist Cool,,BC,BC,
,,BGCv11,ICH,ICH_meso,ICHmk,ICH mk 2,ICHmk2,Thompson Moist Cool ICH,Interior Cedar  –  Hemlock,Moist Cool,Thompson,Moist Cool,,BC,BC,
,,BGCv11,ICH,ICH_meso,ICHmk,ICH mk 3,ICHmk3,Horsefly Moist Cool ICH,Interior Cedar  –  Hemlock,Moist Cool,Horsefly,Moist Cool,,BC,BC,
,,BGCv11,ICH,ICH_meso,ICHmk,ICH mk 4,ICHmk4,Kootenay Moist Cool ICH,Interior Cedar  –  Hemlock,Moist Cool,Kootenay,Moist Cool,,BC,BC,
,,BGCv11,ICH,ICH_meso,ICHmk,ICH mk 5,ICHmk5,Kootenay Moist Cool ICH,Interior Cedar  –  Hemlock,Moist Cool,Kootenay,Moist Cool,,BC,BC,
,,BGCv11,ICH,ICH_meso,ICHmm,ICH mm,ICHmm,Moist Mild ICH,Interior Cedar  –  Hemlock,Moist Mild,,Moist Mild,,BC,BC,
,,BGCv11,ICH,ICH_meso,ICHmw,ICH mw 1,ICHmw1,Kinbasket Moist Warm ICH,Interior Cedar  –  Hemlock,Moist Warm,Kinbasket,Moist Warm,,BC,BC,
,,BGCv11,ICH,ICH_meso,ICHmw,ICH mw 2,ICHmw2,Shuswap Moist Warm ICH,Interior Cedar  –  Hemlock,Moist Warm,Shuswap,Moist Warm,,BC,BC,
,,BGCv11,ICH,ICH_meso,ICHmw,ICH mw 3,ICHmw3,Thompson Moist Warm ICH,Interior Cedar  –  Hemlock,Moist Warm,Thompson,Moist Warm,,BC,BC,
,,BGCv11,ICH,ICH_meso,ICHmw,ICH mw 4,ICHmw4,Ymir Moist Warm ICH,Interior Cedar  –  Hemlock,Moist Warm,Ymir,Moist Warm,,BC,BC,
,,BGCv11,IDF,IDF_meso,IDFdm,IDF dm 1,IDFdm1,Kettle Dry Mild IDF,Interior Douglas-fir,Dry Mild,Kettle,Dry Mild,,BC,BC,
,,BGCv11,IDF,IDF_meso,IDFdm,IDF dm 2,IDFdm2,Kootenay Dry Mild IDF,Interior Douglas-fir,Dry Mild,Kootenay,Dry Mild,,BC,BC,
,,BGCv11,IDF,IDF,IDFdw,IDF dw,IDFdw,Dry Warm IDF,Interior Douglas-fir,Dry Warm,,Dry Warm,,BC,BC,
,,BGCv11,IDF,ICH_dry,IDFmw,IDF mw 2,IDFmw2,Thompson Moist Warm IDF,Interior Douglas-fir,Moist Warm,Thompson,Moist Warm,,BC,BC,
,,BGCv11,IDF,IDF_meso,IDFww,IDF ww,IDFww,Wet Warm IDF,Interior Douglas-fir,Wet Warm,,Wet Warm,,BC,BC,
,,BGCv11,IDF,IDF_hot,IDFxc,IDF xc,IDFxc,Very Dry Cold IDF,Interior Douglas-fir,Very Dry Cold,,Very Dry Cold,,BC,BC,
,,BGCv11,IDF,IDF_hot,IDFxh,IDF xh 1,IDFxh1,Okanagan Very Dry Hot IDF,Interior Douglas-fir,Very Dry Hot,Okanagan,Very Dry Hot,,BC,BC,
,,BGCv11,IDF,IDF_hot,IDFxh,IDF xh 2,IDFxh2,Thompson Very Dry Hot IDF,Interior Douglas-fir,Very Dry Hot,Thompson,Very Dry Hot,,BC,BC,
,,BGCv11,IDF,IDF_hot,IDFxk,IDF xk,IDFxk,Very Dry Cool IDF,Interior Douglas-fir,Very Dry Cool,,Very Dry Cool,,BC,BC,
,,BGCv11,IDF,IDF_hot,IDFxm,IDF xm,IDFxm,Very Dry Mild IDF,Interior Douglas-fir,Very Dry Mild,,Very Dry Mild,,BC,BC,
,,BGCv11,IDF,IDF_hot,IDFxw,IDF xw,IDFxw,Very Dry Warm IDF,Interior Douglas-fir,Very Dry Warm,,,IDF xw,BC,BC,
,,BGCv11,IDF,IDF_hot,IDFxx,IDF xx 2,IDFxx2,Kootenay Very Dry Very Hot  IDF,Interior Douglas-fir,Very Dry Very Hot ,Kootenay,Very Dry Very Hot,,BC,BC,
,,BGCv11,IMA,IMA,IMAun,IMA un,IMAun,Undifferentiated IMA,Interior Mountain-heather Alpine,Undifferentiated,,Undifferentiated,,BC,BC,
,,BGCv11,IMA,IMA,IMAunp,IMA unp,IMAunp,Undifferentiated and Parkland IMA,Interior Mountain-heather Alpine,Undifferentiated and Parkland,,Undifferentiated and Parkland,,BC,BC,
,,BGCv11,MH,MH_maritime,MHmm,MH  mm 1,MHmm1,Windward Moist Maritime MH,Mountain Hemlock,Moist Maritime,Windward,Moist Maritime,,BC,BC,
,,BGCv11,MH,MH_submaritme,MHmm,MH  mm 2,MHmm2,Leeward Moist Maritime MH,Mountain Hemlock,Moist Maritime,Leeward,Moist Maritime,,BC,BC,
,no,BGCv11,MH,MH_maritime,MHmmp,MH  mmp,MHmmp,Moist Maritime Parkland MH,Mountain Hemlock,Moist Maritime Parkland,,Moist Maritime Parkland,,BC,BC,
,no,BGCv11,MH,MH_submaritme,MHun,MH  un,MHun,Undifferentiated MH,Mountain Hemlock,Undifferentiated,,Undifferentiated,,BC,BC,
,,BGCv11,MH,MH_submaritme,MHunp,MH  unp,MHunp,Undifferentiated Parkland MH,Mountain Hemlock,Undifferentiated Parkland,,Undifferentiated parkland,,BC,BC,
,,BGCv11,MH,MH_maritime,MHwh,MH  wh,MHwh,Wet Hypermaritime MH,Mountain Hemlock,Wet Hypermaritime,,Wet Hypermaritime,,BC,BC,
,,BGCv11,MH,MH_maritime,MHwhp,MH  whp,MHwhp,Wet Hypermaritime Parkland MH,Mountain Hemlock,Wet Hypermaritime Parkland,,Wet Hypermaritime Parkland,,BC,BC,
,,BGCv11,MS,MS_meso,MSdc,MS  dc 1,MSdc1,Cayoosh Dry Cold MS,Montane Spruce,Dry Cold,Cayoosh,Dry Cold,,BC,BC,
,,BGCv11,MS,MS_meso,MSdc,MS  dc 2,MSdc2,Tatlayoko Dry Cold MS,Montane Spruce,Dry Cold,Tatlayoko,Dry Cold,,BC,BC,
,,BGCv11,MS,MS_meso,MSdc,MS  dc 3,MSdc3,Tyaughton Dry Cold MS,Montane Spruce,Dry Cold,Tyaughton,Dry Cold,,BC,BC,
,,BGCv11,MS,MS_meso,MSdk,MS  dk,MSdk,Dry Cool MS,Montane Spruce,Dry Cool,,Dry Cool,,BC,BC,
,,BGCv11,MS,MS_meso,MSdm,MS  dm 1,MSdm1,Okanagan Dry Mild MS,Montane Spruce,Dry Mild,Okanagan,Dry Mild,,BC,BC,
,,BGCv11,MS,MS_meso,MSdm,MS  dm 2,MSdm2,Cascade Dry Mild MS,Montane Spruce,Dry Mild,Cascade,Dry Mild,,BC,BC,
,,BGCv11,MS,MS_meso,MSdm,MS  dm 3,MSdm3,North Thompson Dry Mild MS,Montane Spruce,Dry Mild,North Thompson,Dry Mild,,BC,BC,
,,BGCv11,MS,MS_meso,MSdv,MS  dv,MSdv,Dry Very Cold MS,Montane Spruce,Dry Very Cold,,Dry Very Cold,,BC,BC,
,no,BGCv11,BAFA,BAFA,BAFAun,BAFAun,BAFAun,Undifferentiated BAFA,Boreal Altai Fescue Alpine,Undifferentiated,,Undifferentiated,,BC,BC,
,no,BGCv11,BAFA,BAFA,BAFAunp,BAFAunp,BAFAunp,Undifferentiated and Parkland BAFA,Boreal Altai Fescue Alpine,Undifferentiated and Parkland,,Undifferentiated and Parkland,,BC,BC,
,,BGCv11,BG,BG,BGxh,BG  xh 1,BGxh1,Okanagan Very Dry Hot BG,Bunchgrass,Very Dry Hot,Okanagan,Very Dry Hot,,BC,BC,
,,BGCv11,BG,BG,BGxh,BG  xh 2,BGxh2,Thompson Very Dry Hot BG,Bunchgrass,Very Dry Hot,Thompson,Very Dry Hot,,BC,BC,
,,BGCv11,BG,BG,BGxh,BG  xh 3,BGxh3,Fraser Very Dry Hot BG,Bunchgrass,Very Dry Hot,Fraser,Very Dry Hot,,BC,BC,
,,BGCv11,BG,BG,BGxw,BG  xw 1,BGxw1,Nicola Very Dry Warm BG,Bunchgrass,Very Dry Warm,Nicola,Very Dry Warm,,BC,BC,
,,BGCv11,BG,BG,BGxw,BG  xw 2,BGxw2,Alkali Very Dry Warm BG,Bunchgrass,Very Dry Warm,Alkali,Very Dry Warm,,BC,BC,
,,BGCv11,BWBS,BWBS_meso,BWBSdk,BWBSdk,BWBSdk,Dry Cool BWBS,Boreal White and Black Spruce,Dry Cool,,Dry Cool,,BC,BC,
,,BGCv11,BWBS,BWBS_meso,BWBSmk,BWBSmk,BWBSmk,Moist Cool BWBS,Boreal White and Black Spruce,Moist Cool,,Moist Cool,,BC,BC,
,,BGCv11,BWBS,BWBS_warm,BWBSmw,BWBSmw,BWBSmw,Moist Warm BWBS,Boreal White and Black Spruce,Moist Warm,,Moist Warm,,BC,BC,
,no,BGCv11,BWBS,BWBS_cold,BWBSvk,BWBSvk,BWBSvk,Very Wet Cool BWBS,Boreal White and Black Spruce,Very Wet Cool,,Very Wet Cool,,BC,BC,
,,BGCv11,BWBS,BWBS_cold,BWBSwk,BWBSwk 1,BWBSwk1,Murray Wet Cool BWBS,Boreal White and Black Spruce,Wet Cool,Murray,Wet Cool,,BC,BC,
,,BGCv11,BWBS,BWBS_cold,BWBSwk,BWBSwk 2,BWBSwk2,Graham Wet Cool BWBS,Boreal White and Black Spruce,Wet Cool,Graham,Wet Cool,,BC,BC,
,,BGCv11,BWBS,BWBS_cold,BWBSwk,BWBSwk 3,BWBSwk3,Kledo Wet Cool BWBS,Boreal White and Black Spruce,Wet Cool,Kledo,Wet Cool,,BC,BC,
,,BGCv11,CDF,CDF,CDFmm,CDF mm,CDFmm,Moist Maritime CDF,Coastal Douglas-fir,Moist Maritime,,Moist Maritime,,BC,BC,
,no,BGCv11,CMA,CMA,CMAun,CMA un,CMAun,Undifferentiated CMA,Coastal Mountain-heather Alpine,Undifferentiated,,Undifferentiated,,BC,BC,
,no,BGCv11,CMA,CMA,CMAunp,CMA unp,CMAunp,Undifferentiated and Parkland CMA,Coastal Mountain-heather Alpine,Undifferentiated and Parkland,,Undifferentiated and Parkland,,BC,BC,
,no,BGCv11,CMA,CMA,CMAwh,CMA wh,CMAwh,Wet Hypermaritime CMA,Coastal Mountain-heather Alpine,Wet Hypermaritime,,Wet Hypermaritime,,BC,BC,
,,BGCv11,CWH,CWH_hypermaritime,CWHvh,CWH vh 3,CWHvh3,Haida Gwaii Very Wet Hypermaritime CWH,Coastal Western Hemlock,Very Wet Hypermaritime,Haida Gwaii,Very Wet Hypermaritime,,BC,BC,
,,BGCv11,CWH,CWH_meso,CWHwh,CWH wh 1,CWHwh1,Submontane Wet Hypermaritime CWH,Coastal Western Hemlock,Wet Hypermaritime,Submontane,Wet Hypermaritime,,BC,BC,
,,BGCv11,CWH,CWH_hypermaritime,CWHwh,CWH wh 2,CWHwh2,Montane Wet Hypermaritime CWH,Coastal Western Hemlock,Wet Hypermaritime,Montane,Wet Hypermaritime,,BC,BC,
,,BGCv11,ESSF,ESSF_dry,ESSFdc,ESSFdc 1,ESSFdc1,Okanagan Dry Cold ESSF,Engelmann Spruce  –  Subalpine Fir,Dry Cold,Okanagan,Dry Cold,,BC,BC,
,,BGCv11,ESSF,ESSF_dry,ESSFdc,ESSFdc 2,ESSFdc2,Cascade Dry Cold ESSF,Engelmann Spruce  –  Subalpine Fir,Dry Cold,Cascade,Dry Cold,,BC,BC,
,,BGCv11,ESSF,ESSF_dry,ESSFdc,ESSFdc 3,ESSFdc3,North Thompson Dry Cold ESSF,Engelmann Spruce  –  Subalpine Fir,Dry Cold,North Thompson,Dry Cold,,BC,BC,
,,BGCv11,ESSF,ESSF_dry,ESSFdcp,ESSFdcp,ESSFdcp,Dry Cold Parkland ESSF,Engelmann Spruce  –  Subalpine Fir,Dry Cold Parkland,,Dry Cold Parkland,,BC,BC,
,,BGCv11,ESSF,ESSF_dry,ESSFdcw,ESSFdcw,ESSFdcw,Dry Cold Woodland ESSF,Engelmann Spruce  –  Subalpine Fir,Dry Cold Woodland,,Dry Cold Woodland,,BC,BC,
,,BGCv11,ESSF,ESSF_dry,ESSFdk,ESSFdk 1,ESSFdk1,Elk Dry Cool ESSF,Engelmann Spruce  –  Subalpine Fir,Dry Cool,Elk,Dry Cool,,BC,BC,
,,BGCv11,ESSF,ESSF_dry,ESSFdk,ESSFdk 2,ESSFdk2,Columbia Dry Cool ESSF,Engelmann Spruce  –  Subalpine Fir,Dry Cool,Columbia,Dry Cool,,BC,BC,
,no,BGCv11,ESSF,ESSF_dry,ESSFdkp,ESSFdkp,ESSFdkp,Dry Cool Parkland ESSF,Engelmann Spruce  –  Subalpine Fir,Dry Cool Parkland,,Dry Cool Parkland,,BC,BC,
,,BGCv11,ESSF,ESSF_dry,ESSFdkw,ESSFdkw,ESSFdkw,Dry Cool Woodland ESSF,Engelmann Spruce  –  Subalpine Fir,Dry Cool Woodland,,Dry Cool Woodland,,BC,BC,
,,BGCv11,ESSF,ESSF_dry,ESSFdv,ESSFdv 1,ESSFdv1,Cayoosh Dry Very Cold ESSF,Engelmann Spruce  –  Subalpine Fir,Dry Very Cold,Cayoosh,Dry Very Cold,,BC,BC,
,,BGCv11,ESSF,ESSF_dry,ESSFdv,ESSFdv 2,ESSFdv2,Tyaughton Dry Very Cold ESSF,Engelmann Spruce  –  Subalpine Fir,Dry Very Cold,Tyaughton,Dry Very Cold,,BC,BC,
,no,BGCv11,ESSF,ESSF_dry,ESSFdvp,ESSFdvp,ESSFdvp,Dry Very Cold Parkland ESSF,Engelmann Spruce  –  Subalpine Fir,Dry Very Cold Parkland,,Dry Very Cold Parkland,,BC,BC,
,no,BGCv11,ESSF,ESSF_dry,ESSFdvw,ESSFdvw,ESSFdvw,Dry Very Cold Woodland ESSF,Engelmann Spruce  –  Subalpine Fir,Dry Very Cold Woodland,,Dry Very Cold Woodland,,BC,BC,
,,BGCv11,ESSF,ESSF_meso,ESSFmc,ESSFmc,ESSFmc,Moist Cold ESSF,Engelmann Spruce  –  Subalpine Fir,Moist Cold,,Moist Cold,,BC,BC,
,no,BGCv11,ESSF,ESSF_meso,ESSFmcp,ESSFmcp,ESSFmcp,Moist Cold Parkland ESSF,Engelmann Spruce  –  Subalpine Fir,Moist Cold Parkland,,Moist Cold Parkland,,BC,BC,
,,BGCv11,ESSF,ESSF_meso,ESSFmh,ESSFmh,ESSFmh,Moist Hot ESSF,Engelmann Spruce  –  Subalpine Fir,Moist Hot,,Moist Hot,,BC,BC,
,,BGCv11,ESSF,ESSF_meso,ESSFmk,ESSFmk,ESSFmk,Moist Cool ESSF,Engelmann Spruce  –  Subalpine Fir,Moist Cool,,Moist Cool,,BC,BC,
,no,BGCv11,ESSF,ESSF_meso,ESSFmkp,ESSFmkp,ESSFmkp,Moist Cool Parkland ESSF,Engelmann Spruce  –  Subalpine Fir,Moist Cool Parkland,,Moist Cool Parkland,,BC,BC,
,,BGCv11,ESSF,ESSF_meso,ESSFmm,ESSFmm 1,ESSFmm1,Raush Moist Mild ESSF,Engelmann Spruce  –  Subalpine Fir,Moist Mild,Raush,Moist Mild,,BC,BC,
,,BGCv11,ESSF,ESSF_meso,ESSFmm,ESSFmm 2,ESSFmm2,Robson Moist Mild ESSF,Engelmann Spruce  –  Subalpine Fir,Moist Mild,Robson,Moist Mild,,BC,BC,
,,BGCv11,ESSF,ESSF_meso,ESSFmm,ESSFmm 3,ESSFmm3,Spillimacheen Moist Mild ESSF,Engelmann Spruce  –  Subalpine Fir,Moist Mild,Spillimacheen,Moist Mild,,BC,BC,
,no,BGCv11,ESSF,ESSF_meso,ESSFmmp,ESSFmmp,ESSFmmp,Moist Mild Parkland ESSF,Engelmann Spruce  –  Subalpine Fir,Moist Mild Parkland,,Moist Mild Parkland,,BC,BC,
,no,BGCv11,ESSF,ESSF_meso,ESSFmmw,ESSFmmw,ESSFmmw,Moist Mild Woodland ESSF,Engelmann Spruce  –  Subalpine Fir,Moist Mild Woodland,,Moist Mild Woodland,,BC,BC,
,,BGCv11,ESSF,ESSF_meso,ESSFmv,ESSFmv 1,ESSFmv1,Nechako Moist Very Cold ESSF,Engelmann Spruce  –  Subalpine Fir,Moist Very Cold,Nechako,Moist Very Cold,,BC,BC,
,,BGCv11,ESSF,ESSF_meso,ESSFmv,ESSFmv 2,ESSFmv2,Bullmoose Moist Very Cold ESSF,Engelmann Spruce  –  Subalpine Fir,Moist Very Cold,Bullmoose,Moist Very Cold,,BC,BC,
,,BGCv11,ESSF,ESSF_meso,ESSFmv,ESSFmv 3,ESSFmv3,Omineca Moist Very Cold ESSF,Engelmann Spruce  –  Subalpine Fir,Moist Very Cold,Omineca,Moist Very Cold,,BC,BC,
,,BGCv11,ESSF,ESSF_meso,ESSFmv,ESSFmv 4,ESSFmv4,Graham Moist Very Cold ESSF,Engelmann Spruce  –  Subalpine Fir,Moist Very Cold,Graham,Moist Very Cold,,BC,BC,
,,BGCv11,MS,MS_meso,MSdw,MS  dw,MSdw,Dry Warm MS,Montane Spruce,Dry Warm,,Dry Warm,,BC,BC,
,,BGCv11,MS,MS_dry,MSxk,MS  xk 1,MSxk1,Similkameen Very Dry Cool MS,Montane Spruce,Very Dry Cool,Similkameen,Very Dry Cool,,BC,BC,
,,BGCv11,MS,MS_dry,MSxk,MS  xk 2,MSxk2,South Thompson Very Dry Cool MS,Montane Spruce,Very Dry Cool,South Thompson,Very Dry Cool,,BC,BC,
,,BGCv11,MS,MS_dry,MSxk,MS  xk 3,MSxk3,Pavillion Very Dry Cool MS,Montane Spruce,Very Dry Cool,Pavillion,Very Dry Cool,,BC,BC,
,,BGCv11,MS,MS_dry,MSxv,MS  xv,MSxv,Very Dry Very Cold MS,Montane Spruce,Very Dry Very Cold,,Very Dry Very Cold,,BC,BC,
,,BGCv11,PP,PP,PPxh,PP  xh 1,PPxh1,Okanagan Very Dry Hot PP,Ponderosa Pine,Very Dry Hot,Okanagan,Very Dry Hot,,BC,BC,
,,BGCv11,PP,PP,PPxh,PP  xh 2,PPxh2,Thompson Very Dry Hot PP,Ponderosa Pine,Very Dry Hot,Thompson,Very Dry Hot,,BC,BC,
,,BGCv11,SBPS,SBPS,SBPSdc,SBPSdc,SBPSdc,Dry Cold SBPS,Sub-Boreal Pine  –  Spruce,Dry Cold,,Dry Cold,,BC,BC,
,,BGCv11,SBPS,SBPS,SBPSmc,SBPSmc,SBPSmc,Moist Cold SBPS,Sub-Boreal Pine  –  Spruce,Moist Cold,,Moist Cold,,BC,BC,
,,BGCv11,SBPS,SBPS,SBPSmk,SBPSmk,SBPSmk,Moist Cool SBPS,Sub-Boreal Pine  –  Spruce,Moist Cool,,Moist Cool,,BC,BC,
,,BGCv11,SBPS,SBPS,SBPSxc,SBPSxc,SBPSxc,Very Dry Cold SBPS,Sub-Boreal Pine  –  Spruce,Very Dry Cold,,Very Dry Cold,,BC,BC,
,,BGCv11,SBS,SBS_warm,SBSdh,SBS dh 1,SBSdh1,McLennan Dry Hot SBS,Sub-Boreal Spruce,Dry Hot,McLennan,Dry Hot,,BC,BC,
,no,BGCv11,SBS,SBS_warm,SBSdh,SBS dh 2,SBSdh2,Robson Dry Hot SBS,Sub-Boreal Spruce,Dry Hot,Robson,Dry Hot,,BC,BC,
,,BGCv11,SBS,SBS_warm,SBSdk,SBS dk,SBSdk,Dry Cool SBS,Sub-Boreal Spruce,Dry Cool,,Dry Cool,,BC,BC,
,,BGCv11,SBS,SBS_warm,SBSdw,SBS dw 1,SBSdw1,Horsefly Dry Warm SBS,Sub-Boreal Spruce,Dry Warm,Horsefly,Dry Warm,,BC,BC,
,,BGCv11,SBS,SBS_warm,SBSdw,SBS dw 2,SBSdw2,Blackwater Dry Warm SBS,Sub-Boreal Spruce,Dry Warm,Blackwater,Dry Warm,,BC,BC,
,,BGCv11,SBS,SBS_warm,SBSdw,SBS dw 3,SBSdw3,Stuart Dry Warm SBS,Sub-Boreal Spruce,Dry Warm,Stuart,Dry Warm,,BC,BC,
,,BGCv11,SBS,SBS_meso,SBSmc,SBS mc 1,SBSmc1,Moffat Moist Cold SBS,Sub-Boreal Spruce,Moist Cold,Moffat,Moist Cold,,BC,BC,
,,BGCv11,SBS,SBS_meso,SBSmc,SBS mc 2,SBSmc2,Babine Moist Cold SBS,Sub-Boreal Spruce,Moist Cold,Babine,Moist Cold,,BC,BC,
,,BGCv11,SBS,SBS_meso,SBSmc,SBS mc 3,SBSmc3,Kluskus Moist Cold SBS,Sub-Boreal Spruce,Moist Cold,Kluskus,Moist Cold,,BC,BC,
,,BGCv11,SBS,SBS_warm,SBSmh,SBS mh,SBSmh,Moist Hot SBS,Sub-Boreal Spruce,Moist Hot,,Moist Hot,,BC,BC,
,,BGCv11,SBS,SBS_meso,SBSmk,SBS mk 1,SBSmk1,Mossvale Moist Cool SBS,Sub-Boreal Spruce,Moist Cool,Mossvale,Moist Cool,,BC,BC,
,,BGCv11,SBS,SBS_meso,SBSmk,SBS mk 2,SBSmk2,Williston Moist Cool SBS,Sub-Boreal Spruce,Moist Cool,Williston,Moist Cool,,BC,BC,
,,BGCv11,SBS,SBS_meso,SBSmm,SBS mm,SBSmm,Moist Mild SBS,Sub-Boreal Spruce,Moist Mild,,Moist Mild,,BC,BC,
,,BGCv11,SBS,SBS_warm,SBSmw,SBS mw,SBSmw,Moist Warm SBS,Sub-Boreal Spruce,Moist Warm,,Moist Warm,,BC,BC,
,no,BGCv11,SBS,SBS_meso,SBSun,SBS un,SBSun,Undifferentiated SBS,Sub-Boreal Spruce,Undifferentiated,,Undifferentiated,,BC,BC,
,,BGCv11,SBS,SBS_wet,SBSvk,SBS vk,SBSvk,Very Wet Cool SBS,Sub-Boreal Spruce,Very Wet Cool,,Very Wet Cool,,BC,BC,
,,BGCv11,SBS,SBS_wet,SBSwk,SBS wk 1,SBSwk1,Willow Wet Cool SBS,Sub-Boreal Spruce,Wet Cool,Willow,Wet Cool,,BC,BC,
,,BGCv11,SBS,SBS_wet,SBSwk,SBS wk 2,SBSwk2,Finlay  –  Peace Wet Cool SBS,Sub-Boreal Spruce,Wet Cool,Finlay  –  Peace,Wet Cool,,BC,BC,
,,BGCv11,SBS,SBS_wet,SBSwk,SBS wk 3,SBSwk3,Takla Wet Cool SBS,Sub-Boreal Spruce,Wet Cool,Takla,Wet Cool,,BC,BC,
,,BGCv11,SBS,SBS_wet,SBSwka,SBS wk 3a,SBSwk3a,Takla Wet Cool SBS,Sub-Boreal Spruce,Wet Cool,Takla,Wet Cool,,BC,BC,
,,BGCv11,SWB,SWB,SWBmk,SWB mk,SWBmk,Moist Cool SWB,Spruce –  Willow  –  Birch,Moist Cool,,Moist Cool,,BC,BC,
,no,BGCv11,SWB,SWB,SWBmks,SWB mks,SWBmks,Moist Cool Scrub SWB,Spruce –  Willow  –  Birch,Moist Cool Scrub,,Moist Cool Scrub,,BC,BC,
,no,BGCv11,SWB,SWB,SWBun,SWB un,SWBun,Undifferentiated SWB,Spruce –  Willow  –  Birch,Undifferentiated,,Undifferentiated,,BC,BC,
,no,BGCv11,SWB,SWB,SWBuns,SWB uns,SWBuns,Undifferentiated Scrub SWB,Spruce –  Willow  –  Birch,Undifferentiated Scrub,,Undifferentiated scrub,,BC,BC,
,no,BGCv11,SWB,SWB,SWBvk,SWB vk,SWBvk,Very Wet Cool SWB,Spruce –  Willow  –  Birch,Very Wet Cool,,Very Wet Cool,,BC,BC,
,no,BGCv11,SWB,SWB,SWBvks,SWB vks,SWBvks,Very Wet Cool Scrub SWB,Spruce –  Willow  –  Birch,Very Wet Cool Scrub,,Very Wet Cool Scrub,,BC,BC,
,,BGCv12,ESSF,ESSF_dry,ESSFdh,ESSFdh 1,ESSFdh1,Cascade Dry Hot ESSF,Engelmann Spruce  –  Subalpine Fir,Dry Hot,Cascade,,,BC,BC,
,,BGCv12,ESSF,ESSF_dry,ESSFdh,ESSFdh 2,ESSFdh2,Stein Dry Hot ESSF,Engelmann Spruce  –  Subalpine Fir,Dry Hot,Stein,,,BC,BC,
,,BGCv12,ESSF,ESSF_meso,ESSFmcw,ESSFmcw,ESSFmcw,Moist Cold Woodland ESSF,Engelmann Spruce  –  Subalpine Fir,Moist Cold Woodland,,,,BC,BC,
,,BGCv12,ESSF,ESSF_meso,ESSFmkw,ESSFmkw,ESSFmkw,Moist Cool Woodland ESSF,Engelmann Spruce  –  Subalpine Fir,Moist Cool Woodland,,,,BC,BC,
,,BGCv12,ESSF,ESSF_wet,ESSFwvw,ESSFwvw,ESSFwvw,Wet Very Cold Woodland ESSF,Engelmann Spruce  –  Subalpine Fir,Wet Very Cold Woodland,,,,BC,BC,
,,BGCv12,ICH,ICH_dry,ICHxm,ICH xm 1,ICHxm1,Shuswap Very Dry Mild ICH,Interior Cedar  –  Hemlock,Very Dry Mild,Shuswap,,,BC,BC,
,,BGCv12,IDF,IDF,IDFdh,IDF dh,IDFdh,Dry Hot IDF,Interior Douglas-fir,Dry Hot,,,,BC,BC,
,,BGCv12,IDF,IDF_hot,IDFxx,IDF xx 1,IDFxx1,Kettle Very Hot Very Dry IDF,Interior Douglas-fir,Very Hot Very Dry,Kettle,Very Dry Very Hot,,BC,BC,
,,BGCv13,CWH,CWH_dry/continental,CWHdm,CWH dm 1,CWHdm1,Central Dry Maritime CWH,Coastal Western Hemlock,Dry Maritime,Central,Dry Maritime,,BC,BC,
,,BGCv13,CWH,CWH_dry/continental,CWHdm,CWH dm 2,CWHdm2,Western Dry Maritime CWH,Coastal Western Hemlock,Dry Maritime,Western,Dry Maritime,,BC,BC,
,,BGCv13,CWH,CWH_dry/continental,CWHdm,CWH dm 3,CWHdm3,Eastern Dry Maritime CWH,Coastal Western Hemlock,Dry Maritime,Eastern,Dry Maritime,,,,
,,BGCv13,CWH,CWH_dry/continental,CWHds,CWH ds 1,CWHds1,Southern Dry Submaritime CWH,Coastal Western Hemlock,Dry Submaritime,Southern,Dry Submaritime,,BC,BC,
,,BGCv13,CWH,CWH_dry/continental,CWHds,CWH ds 2,CWHds2,Central Dry Submaritime CWH,Coastal Western Hemlock,Dry Submaritime,Central,Dry Submaritime,,BC,BC,
,,BGCv13,CWH,CWH_meso,CWHmm,CWH mm 1,CWHmm1,Submontane Moist Maritime CWH,Coastal Western Hemlock,Moist Maritime,Submontane,Moist Maritime,,BC,BC,
,,BGCv13,CWH,CWH_meso,CWHmm,CWH mm 2,CWHmm2,Montane Moist Maritime CWH,Coastal Western Hemlock,Moist Maritime,Montane,Moist Maritime,,BC,BC,
,,BGCv13,CWH,CWH_meso,CWHms,CWH ms 3,CWHms3,Submontane Moist Submaritime CWH,Coastal Western Hemlock,Moist Submaritime,Submontane,Moist Submaritime,,BC,BC,
,,BGCv13,CWH,CWH_meso,CWHms,CWH ms 4,CWHms4,Montane Moist Submaritime CWH,Coastal Western Hemlock,Moist Submaritime,Montane,Moist Submaritime,,BC,BC,
,,BGCv13,CWH,CWH_meso,CWHms,CWH ms 5,CWHms5,Subcontinental Moist Submaritime CWH,Coastal Western Hemlock,Moist Submaritime,Subcontinental,Moist Submaritime,,BC,BC,
,,BGCv13,CWH,CWH_hypermaritime,CWHvh,CWH vh 1,CWHvh1,Southern Very Wet Hypermaritime CWH,Coastal Western Hemlock,Very Wet Hypermaritime,Southern,Very Wet Hypermaritime,,BC,BC,
,,BGCv13,CWH,CWH_hypermaritime,CWHvh,CWH vh 2,CWHvh2,Central Very Wet Hypermaritime CWH,Coastal Western Hemlock,Very Wet Hypermaritime,Central,Very Wet Hypermaritime,,BC,BC,
,,BGCv13,CWH,CWH_meso,CWHvm,CWH vm 1,CWHvm1,Southern Submontane Very Wet Maritime CWH,Coastal Western Hemlock,Very Wet Maritime,Southern Submontane,Very Wet Maritime,,BC,BC,
,,BGCv13,CWH,CWH_meso,CWHvm,CWH vm 2,CWHvm2,Southern Montane Very Wet Maritime CWH,Coastal Western Hemlock,Very Wet Maritime,Southern Montane,Very Wet Maritime,,BC,BC,
,,BGCv13,CWH,CWH_meso,CWHvm,CWH vm 3,CWHvm3,Northern Submontane Very Wet Maritime CWH,Coastal Western Hemlock,Very Wet Maritime,Northern Submontane,Very Wet Maritime,,BC,BC,
,,BGCv13,CWH,CWH_meso,CWHvm,CWH vm 4,CWHvm4,Northern Montane Very Wet Maritime CWH,Coastal Western Hemlock,Very Wet Maritime,Northern Montane,Very Wet Maritime,,BC,BC,
,,BGCv13,CWH,CWH_meso,CWHwm,CWH wm,CWHwm,Wet Maritime CWH,Coastal Western Hemlock,Wet Maritime,,Wet Maritime,,BC,BC,
,,BGCv13,CWH,CWH_dry/continental,CWHws,CWH ws 1,CWHws1,Northern Submontane Wet Submaritime CWH,Coastal Western Hemlock,Wet Submaritime,Northern Submontane,Wet Submaritime,,BC,BC,
,,BGCv13,CWH,CWH_dry/continental,CWHws,CWH ws 2,CWHws2,Montane Wet Submaritime CWH,Coastal Western Hemlock,Wet Submaritime,Montane,Wet Submaritime,,BC,BC,
,,BGCv13,CWH,CWH_dry/continental,CWHws,CWH ws 3,CWHws3,Central Submontane Wet Submaritime CWH,Coastal Western Hemlock,Wet Submaritime,Central Submontane,,,BC,,
,,BGCv13,CWH,CWH_dry/continental,CWHxs,CWH xs,CWHxs,Very Dry SubMaritime CWH,Coastal Western Hemlock,Very Dry SubMaritime,,,,BC,,
,,BGCv13,ICH,ICH_dry,ICHun,ICH un,ICHun,Undifferentiated ICH,Interior Cedar  –  Hemlock,Undifferentiated,,Undifferentiated,,BC,BC,
,,BGCv13,MH,MH_submaritme,MHms,MH  ms,MHms,Moist Submaritime MH,Mountain Hemlock,Moist Submaritime,,Moist Submaritime,,BC,BC,
,,BGCv13,MH,MH_submaritme,MHmsp,MH  msp,MHmsp_WA,Moist Submaritime Parkland MH,Mountain Hemlock,Moist Submaritime Parkland,,Moist Submaritime,,BC,BC,
,,BGCv13,MH,MH_maritime,MHvh,MH  vh,MHvh,Very Wet Hypermaritime MH,Mountain Hemlock,Very Wet Hypermaritime,,,,BC,,
,,BGCv13,MH,MH_maritime,MHvhp,MH  vhp,MHvhp,Very Wet Hypermaritime Parkland MH,Mountain Hemlock,Very Wet Hypermaritime Parkland,,,,BC,,
,no,USA_2019,CMA,CMA,CMAun,CMA un_WA,CMAun_WA,Washington Undifferentiated CMA,Coastal Mountain-heather Alpine,Undifferentiated,Washington,Washington,CMA us,USA,WA,
,,USA_2019,CMX,CMX,CMXdm,CMX dm_OR,CMXdm_OR,Oregon Dry Maritime CMX,Coastal Mixed Evergreen,Dry Maritime,Oregon,SW Oregon and NW California,CMX dmz,USA,OR,
,,USA_2019,CMX,CMX,CMXwm,CMX wm_OR,CMXwm_OR,Oregon Wet Maritime CMX,Coastal Mixed Evergreen,Wet Maritime,Oregon,SW Oregon and NW California,CMX wmz,USA,OR,
,,USA_2019,CMX,CMX,CMXxm,CMX xm_CA,CMXxm_CA,California Very Dry Maritime CMX,Coastal Mixed Evergreen,Very Dry Maritime,California,California,CMX dmy,USA,CA,
,,USA_2019,CRF,CRF,CRFdh,CRF dh_CA,CRFdh_CA,California Dry Hypermaritime CRF,Coastal Redwood Forest,Dry Hypermaritime,California,N California,CRF dhz,USA,CA,
,,USA_2019,CVG,CVG,CVGdm,CVG dm_CA,CVGdm_CA,Dry Mild CVG,California Valley Grassland,Dry Mild,,Central Valley,"California""",CVG un,USA,CA
,,USA_2019,CWF,CWF,CWFds,CWF ds_CA,CWFds_CA,California Dry Submaritime CWF,Coastal White Fir,Dry Submaritime,California,EC California,CWF msz,USA,CA,
,,USA_2019,CWF,CWF,CWFmm,CWF mm_OR,CWFmm_OR,Oregon Moist Maritime CWF,Coastal White Fir,Moist Maritime,Oregon,SW Oregon and NW California,CWF wsz,USA,OR,
,,USA_2019,CWF,CWF,CWFwm,CWF wm_OR,CWFwm_OR,Oregon Wet Maritime CWF,Coastal White Fir,Wet Maritime,Oregon,SW Oregon and NW California,CWF wmz,USA,OR,
,,USA_2019,CWH,CWH_dry/continental,CWHdm,CWH dm_OR,CWHdm_OR,Oregon Dry Maritime CWH,Coastal Western Hemlock,Dry Maritime,Oregon,W Oregon,CWH dmx,USA,OR,
,,USA_2019,CWH,CWH_dry/continental,CWHdm,CWH dm_WA,CWHdm_WA,Washington Dry Maritime CWH,Coastal Western Hemlock,Dry Maritime,Washington,W Washington,CWH dmz,USA,WA,
,,USA_2019,CWH,CWH_dry/continental,CWHds,CWH ds_WA,CWHds_WA,Washington Dry Submaritime CWH,Coastal Western Hemlock,Dry Submaritime,Washington,NW Washington,CWH dsz,USA,WA,
,,USA_2019,CWH,CWH_hypermaritime,CWHmh,CWH mh_OR,CWHmh_OR,Oregon Moist Hypermaritime CWH,Coastal Western Hemlock,Moist Hypermaritime,Oregon,W Oregon,CWH mhz,USA,OR,
,,USA_2019,CWH,CWH_dry/continental,CWHms,CWH ms_OR,CWHms_OR,Oregon Moist Submaritime CWH,Coastal Western Hemlock,Moist Submaritime,Oregon,W Oregon,CWH msy,USA,OR,
,,USA_2019,CWH,CWH_dry/continental,CWHms,CWH ms_WA,CWHms_WA,Washington Moist Submaritime CWH,Coastal Western Hemlock,Moist Submaritime,Washington,W Washington,CWH msz,USA,WA,
,,USA_2019,CWH,CWH_hypermaritime,CWHvh,CWH vh_WA,CWHvh_WA,Washington Very Wet Hypermaritime CWH,Coastal Western Hemlock,Very Wet Hypermaritime,Washington,W Washington,CWH vhz,USA,WA,
,,USA_2019,CWH,CWH_meso,CWHvm,CWH vm_OR,CWHvm_OR,Oregon Very Wet Maritime CWH,Coastal Western Hemlock,Very Wet Maritime,Oregon,W Washington & Oregon,"S of Mt Ranier""",CWH vmy,USA,OR
,,USA_2019,CWH,CWH_meso,CWHvm,CWH vm_WA,CWHvm_WA,Washington Very Wet Maritime CWH,Coastal Western Hemlock,Very Wet Maritime,Washington,W Washington,CWH vmz,USA,WA,
,,USA_2019,CWH,CWH_hypermaritime,CWHwh,CWH wh_WA,CWHwh_WA,Washington Wet Hypermaritime CWH,Coastal Western Hemlock,Wet Hypermaritime,Washington,W Oregon,"Washington""",CWH whz,USA,WA
,,USA_2019,CWH,CWH_dry/continental,CWHxm,CWH xm_OR,CWHxm_OR,Oregon Very Dry Maritime CWH,Coastal Western Hemlock,Very Dry Maritime,Oregon,W Oregon,"S of Eugene""",CWH xmy,USA,OR
,,USA_2019,CWH,CWH_dry/continental,CWHxm,CWH xm_WA,CWHxm_WA,Washington Very Dry Maritime CWH,Coastal Western Hemlock,Very Dry Maritime,Washington,W WA and OR,CWH xmz,USA,WA,
,,USA_2019,ESSF,ESSF_dry,ESSFdh,ESSFdh_WA,ESSFdh_WA,Washington Dry Hot ESSF,Engelmann Spruce – Subalpine Fir,Dry Hot,Washington,NW Washington,ESSFdhz,USA,WA,
,,USA_2019,ESSF,ESSF_dry,ESSFdk,ESSFdk_MT,ESSFdk_MT,Montana Dry Cool ESSF,Engelmann Spruce – Subalpine Fir,Dry Cool,Montana,SE BC & NW Montana,ESSFdkz,USA,MT,
,,USA_2019,ESSF,ESSF_dry,ESSFdm,ESSFdm_ID,ESSFdm_ID,Idaho Dry Mild ESSF,Engelmann Spruce – Subalpine Fir,Dry Mild,Idaho,EC Idaho & WC Montana,ESSFxmz,USA,ID,
,,USA_2019,ESSF,ESSF_meso,ESSFmw,ESSFmw_WA,ESSFmw_WA,Washington Moist Warm ESSF,Engelmann Spruce – Subalpine Fir,Moist Warm,Washington,NW Washington,ESSFmwz,USA,WA,
,,USA_2019,ESSF,ESSF_wet,ESSFwh,ESSFwh_MT,ESSFwh_MT,Montana Wet Hot ESSF,Engelmann Spruce – Subalpine Fir,Wet Hot,Montana,NE Washington & NW Montana (prob. ID),ESSFwhz,USA,MT,
,,USA_2019,ESSF,ESSF_wet,ESSFwm,ESSFwm_MT,ESSFwm_MT,Montana Wet Mild ESSF,Engelmann Spruce – Subalpine Fir,Wet Mild,Montana,NE Washington & NW Montana (prob. ID),ESSFwmz,USA,MT,
,,USA_2019,ESSF,ESSF_dry,ESSFxc,ESSFxc_CO,ESSFxc_CO,Colorado Very Dry Cold ESSF,Engelmann Spruce – Subalpine Fir,Very Dry Cold,Colorado,Colorado,ESSFcoz,USA,CO,
,,USA_2019,ESSF,ESSF_dry,ESSFxc,ESSFxc_WA,ESSFxc_WA,Washington Very Dry Cold ESSF,Engelmann Spruce – Subalpine Fir,Very Dry Cold,Washington,WC Washington,ESSFxcz,USA,WA,
,,USA_2019,ESSF,ESSF_dry,ESSFxh,ESSFxh_WA,ESSFxh_WA,Washington Very Dry Hot ESSF,Engelmann Spruce – Subalpine Fir,Very Dry Hot,Washington,NE Washington & NW Montana (prob. ID),ESSFxhz,USA,WA,
,,USA_2019,ESSF,ESSF_dry,ESSFxk,ESSFxk_MT,ESSFxk_MT,Montana Very Dry Cool ESSF,Engelmann Spruce – Subalpine Fir,Very Dry Cool,Montana,WC Montana,ESSFxxz,USA,MT,
,,USA_2019,ESSF,ESSF_dry,ESSFxk,ESSFxk_UT,ESSFxk_UT,Utah Very Dry Cool ESSF,Engelmann Spruce – Subalpine Fir,Very Dry Cool,Utah,Utah,ESSFutz,USA,UT,
,,USA_2019,ESSF,ESSF_dry,ESSFxk,ESSFxk_WY,ESSFxk_WY,Wyoming Very Dry Cool ESSF,Engelmann Spruce – Subalpine Fir,Very Dry Cool,Wyoming,W Wyoming,SW Montana,"S Idaho""",,USA
,,USA_2019,ESSF,ESSF_dry,ESSFxw,ESSFxw_OR,ESSFxw_OR,Oregon Very Dry Warm ESSF,Engelmann Spruce – Subalpine Fir,Very Dry Warm,Oregon,NE Oregon,ESSFxcy,USA,OR,
,,USA_2019,ESSF,ESSF_dry,ESSFxx,ESSFxx_WY,ESSFxx_WY,Wyoming Very Dry Very Hot ESSF,Engelmann Spruce – Subalpine Fir,Very Dry Very Hot,Wyoming,W Wyoming,,USA,WY,
,,USA_2019,GBD,GBD,GBDdw,GBD dw_UT,GBDdw_UT,Utah Dry Warm GBD,Great Basin Desert,Dry Warm,Utah,E Nevada,Utah,"SW Wyoming""",GBD xxx,USA
,,USA_2019,GBD,GBD,GBDxh,GBD xh_NV,GBDxh_NV,Nevada Very Dry Hot GBD,Great Basin Desert,Very Dry Hot,Nevada,E California,"W Nevada""",GBD xxy,USA,NV
,,USA_2019,GBD,GBD,GBDxx,GBD xx_UT,GBDxx_UT,Utah Very Dry Very Hot GBD,Great Basin Desert,Very Dry Very Hot,Utah,SE Utah,GBD xxw,USA,UT,
,,USA_2019,GO,GO,GOun,GO  un_CO,GOun_CO,Colorado Undifferentiated GO,Gambel Oak,Undifferentiated,Colorado,Colorado & Utah,GO  coz,USA,CO,
,,USA_2019,ICH,ICH_dry,ICHdh,ICH dh_ID,ICHdh_ID,Idaho Dry Hot ICH,Interior Cedar – Hemlock,Dry Hot,Idaho,Idaho & W Montana,ICH dhz,USA,ID,
,,USA_2019,ICH,ICH_dry,ICHdw,ICH dw_ID,ICHdw_ID,Idaho Dry Warm ICH,Interior Cedar – Hemlock,Dry Warm,Idaho,NE Washington & N Idaho,ICH dwz,USA,ID,
,,USA_2019,ICH,ICH_meso,ICHmh,ICH mh_MT,ICHmh_MT,Montana Moist Hot ICH,Interior Cedar – Hemlock,Moist Hot,Montana,NW Montana,ICH mwz,USA,MT,
,,USA_2019,ICH,ICH_meso,ICHmw,ICH mw_MT,ICHmw_MT,Montana Moist Warm ICH,Interior Cedar – Hemlock,Moist Warm,Montana,NW Montana,ICH mwy,USA,MT,
,,USA_2019,BG,BG,BGdh,BG  dh_OR,BGdh_OR,Oregon Dry Hot BG,Bunchgrass,Dry Hot,Oregon,SE Oregon,S Idaho,"N Nevada""",BG  xhy,USA
,,USA_2019,BG,BG,BGdw,BG  dw_OR,BGdw_OR,Oregon Dry Warm BG,Bunchgrass,Dry Warm,Oregon,NE Oregon,,USA,OR,
,,USA_2019,BG,BG,BGdw,BG  dw_WA,BGdw_WA,Washington Dry Warm BG,Bunchgrass,Dry Warm,Washington,Central WA - Artetrp - Pseuspi - Festida,BG  mmz,USA,WA,
,,USA_2019,BG,BG,BGmk,BG  mk_MT,BGmk_MT,Montana Moist Cool BG,Bunchgrass,Moist Cool,Montana,SW Montana,"EC Idaho""",BG  mmx,USA,MT
,,USA_2019,BG,BG,BGmk,BG  mk_NV,BGmk_NV,Nevada Moist Cool BG,Bunchgrass,Moist Cool,Nevada,N Nevada,S Oregon,"S Idaho""",,USA
,,USA_2019,BG,BG,BGmm,BG  mm_MT,BGmm_MT,Montana Moist Mild BG,Bunchgrass,Moist Mild,Montana,Wyoming,"S Montana""",new,USA,MT
,,USA_2019,BG,BG,BGmw,BG  mw_OR,BGmw_OR,Oregon Moist Warm BG,Bunchgrass,Moist Warm,Oregon,NE Oregon,,USA,OR,
,,USA_2019,BG,BG,BGmw,BG  mw_WA,BGmw_WA,Washington Moist Warm BG,Bunchgrass,Moist Warm,Washington,Central WA - Pseuspi-Festida,BG  dwz,USA,WA,
,,USA_2019,BG,BG,BGwm,BG  wm_WA,BGwm_WA,Washington Wet Mild BG,Bunchgrass,Wet Mild,Washington,Central WA - Sympalb-Pseuspi-Festida,BG  wmz,USA,WA,
,,USA_2019,BG,BG,BGxh,BG  xh_WA,BGxh_WA,Washington Very Dry Hot BG,Bunchgrass,Very Dry Hot,Washington,Central WA - Artetri-Pseuspi,BG  xhz,USA,WA,
,,USA_2019,BG,BG,BGxx,BG  xx_WY,BGxx_WY,Wyoming Very Dry Extremely Cold BG,Bunchgrass,Very Dry Extremely Cold,Wyoming,,,USA,WY,
,,USA_2019,CCH,CCH,CCHun,CCH un_CA,CCHun_CA,California Undifferentiated CCH,California Chaparrel,Undifferentiated,California,Northern California,CCH un,USA,CA,
,,USA_2019,CDF,CDF,CDFmm,CDF mm_OR,CDFmm_OR,Oregon Moist Maritime CDF,Coastal Douglas-fir,Moist Maritime,Oregon,W Central W & NW Oregon,CDF dmz,USA,OR,
,,USA_2019,CDF,CDF,CDFmm,CDF mm_WA,CDFmm_WA,Washington Moist Maritime CDF,Coastal Douglas-fir,Moist Maritime,Washington,SW BC and NW Washington,CDF mmz,USA,WA,
,,USA_2019,CDF,CDF,CDFxm,CDF xm_CA,CDFxm_CA,California Very Dry Maritime CDF,Coastal Douglas-fir,Very Dry Maritime,California,SW Oregon and NC California,CDF xmz,USA,CA,
,no,USA_2019,CMA,CMA,CMAun,CMA un_CA,CMAun_CA,California Undifferentiated CMA,Coastal Mountain-heather Alpine,Undifferentiated,California,California,CMA us,USA,CA,
,no,USA_2019,CMA,CMA,CMAun,CMA un_OR,CMAun_OR,Oregon Undifferentiated CMA,Coastal Mountain-heather Alpine,Undifferentiated,Oregon,Oregon,CMA us,USA,OR,
,,USA_2019,ICH,ICH_dry,ICHxw,ICH xw_WA,ICHxw_WA,Washington Very Dry Warm ICH,Interior Cedar – Hemlock,Very Dry Warm,Washington,NE Washington,ICH xwz,USA,WA,
,,USA_2019,IDF,IDF,IDFdh,IDF dh_MT,IDFdh_MT,Montana Dry Hot IDF,Interior Douglas-fir,Dry Hot,Montana,W Montana,IDF dhx,USA,MT,
,,USA_2019,IDF,IDF,IDFdh,IDF dh_UT,IDFdh_UT,Utah Dry Hot IDF,Interior Douglas-fir,Dry Hot,Utah,E Nevada,Utah,"W Colorado""",IDF utz,USA
,,USA_2019,IDF,IDF,IDFdh,IDF dh_WA,IDFdh_WA,Washington Dry Hot IDF,Interior Douglas-fir,Dry Hot,Washington,NE Washington,IDF dhy,USA,WA,
,,USA_2019,IDF,IDF_cool,IDFdk,IDF dk_MT,IDFdk_MT,Montana Dry Cool IDF,Interior Douglas-fir,Dry Cool,Montana,NC Montana,IDF dxz,USA,MT,
,,USA_2019,IDF,IDF_cool,IDFdk,IDF dk_WA,IDFdk_WA,Washington Dry Cool IDF,Interior Douglas-fir,Dry Cool,Washington,NC Washington,IDF dky,USA,WA,
,,USA_2019,IDF,IDF_cool,IDFdkx,IDF dkx_MT,IDFdkx_MT,Montana Dry Cool/Mild IDF,Interior Douglas-fir,Dry Cool/Mild,Montana,SC Montana,S Idaho,"NW Wyoming""",,USA
,,USA_2019,IDF,IDF_meso,IDFdm,IDF dm_MT,IDFdm_MT,Montana Dry Mild IDF,Interior Douglas-fir,Dry Mild,Montana,NW Montana,IDF dmz,USA,MT,
,,USA_2019,IDF,IDF_meso,IDFdm,IDF dm_WA,IDFdm_WA,Washington Dry Mild IDF,Interior Douglas-fir,Dry Mild,Washington,NE Washington,IDF dmy,USA,WA,
,,USA_2019,IDF,IDF,IDFdx,IDF dx_MT,IDFdx_MT,Montana Dry Very Hot IDF,Interior Douglas-fir,Dry Very Hot,Montana,SW Montana,"S Idaho""",IDF xxz,USA,MT
,,USA_2019,IDF,IDF,IDFdxx,IDF dxx_WY,IDFdxx_WY,Wyoming Dry Very Hot IDF,Interior Douglas-fir,Dry Very Hot,Wyoming,Wyoming & SC Montana,,USA,WY,
,,USA_2019,IDF,IDF_hot,IDFxh,IDF xh_ID,IDFxh_ID,Idaho Very Dry Hot IDF,Interior Douglas-fir,Very Dry Hot,Idaho,WC Idaho,IDF xhz,USA,ID,
,,USA_2019,IDF,IDF_hot,IDFxh,IDF xh_WA,IDFxh_WA,Washington Very Dry Hot IDF,Interior Douglas-fir,Very Dry Hot,Washington,WC Washington,IDF xhy,USA,WA,
,,USA_2019,IDF,IDF_hot,IDFxm,IDF xm_CO,IDFxm_CO,Colorado Very Dry Mild IDF,Interior Douglas-fir,Very Dry Mild,Colorado,N and Central Colorado,IDF coz,USA,CO,
,,USA_2019,IDF,IDF_hot,IDFxx,IDF xx_MT,IDFxx_MT,Montana Very Dry Very Hot IDF,Interior Douglas-fir,Very Dry Very Hot,Montana,NW Montana,IDF xxy,USA,MT,
,,USA_2019,IDF,IDF_hot,IDFxx,IDF xx_WA,IDFxx_WA,Washington Very Dry Very Hot IDF,Interior Douglas-fir,Very Dry Very Hot,Washington,WC Washington,IDF xyz,USA,WA,
,,USA_2019,IGF,IGF_meso,IGFdk,IGF dk_WA,IGFdk_WA,Washington Dry Cool IGF,Interior Grand Fir,Dry Cool,Washington,WC Washington,IGF dmz,USA,WA,
,,USA_2019,IGF,IGF_dry,IGFdw,IGF dw_OR,IGFdw_OR,Oregon Dry Warm IGF,Interior Grand Fir,Dry Warm,Oregon,NW Oregon & SC Washington,IGF mwz,USA,OR,
,,USA_2019,IGF,IGF_meso,IGFmh,IGF mh_OR,IGFmh_OR,Oregon Moist Hot IGF,Interior Grand Fir,Moist Hot,Oregon,NE Oregon,,USA,OR,
,,USA_2019,IGF,IGF_meso,IGFmm,IGF mm_OR,IGFmm_OR,Oregon Moist Mild IGF,Interior Grand Fir,Moist Mild,Oregon,NE Oregon & SW Idaho,IGF mmz,USA,OR,
,,USA_2019,IGF,IGF_dry,IGFxm,IGF xm_OR,IGFxm_OR,Oregon Very Dry Mild IGF,Interior Grand Fir,Very Dry Mild,Oregon,NE Oregon,SE Washington,"E Idaho""",,USA
,,USA_2019,IMA,IMA,IMAun,IMA un_CO,IMAun_CO,Colorado Undifferentiated IMA,Interior Mountain-heather Alpine,Undifferentiated,Colorado,Colorado,IMA us,USA,CO,
,,USA_2019,IMA,IMA,IMAun,IMA un_MT,IMAun_MT,Montana Undifferentiated IMA,Interior Mountain-heather Alpine,Undifferentiated,Montana,Montana,IMA us,USA,MT,
,,USA_2019,IMA,IMA,IMAun,IMA un_WA,IMAun_WA,Washington Undifferentiated IMA,Interior Mountain-heather Alpine,Undifferentiated,Washington,Washington,IMA us,USA,WA,
,,USA_2019,IMA,IMA,IMAun,IMA un_WY,IMAun_WY,Wyoming Undifferentiated IMA,Interior Mountain-heather Alpine,Undifferentiated,Wyoming,Wyoming,IMA us,USA,WY,
,,USA_2019,IWF,IWF,IWFdm,IWF dm_CO,IWFdm_CO,Colorado Dry Mild IWF,Interior White Fir,Dry Mild,Colorado,S Colorado,IWF cow,USA,CO,
,,USA_2019,IWF,IWF,IWFdw,IWF dw_OR,IWFdw_OR,Oregon Dry Warm IWF,Interior White Fir,Dry Warm,Oregon,C Oregon,IWF dcz,USA,OR,
,,USA_2019,IWF,IWF,IWFxk,IWF xk_NV,IWFxk_NV,Nevada Very Dry Cool IWF,Interior White Fir,Very Dry Cool,Nevada,E Nevada,new,USA,NV,
,,USA_2019,IWF,IWF,IWFxm,IWF xm_CA,IWFxm_CA,Nevada Very Dry Mild IWF,Interior White Fir,Very Dry Mild,Nevada,E CA,W NV,"near Lake Tahoe""",IWF nvy,USA
,,USA_2019,JPW,JPW,JPWdm,JPW dm_WY,JPWdm_WY,Wyoming Dry Mild JPW,Juniper – Pine Woodland,Dry Mild,Wyoming,Wyoming,JPW wy,USA,WY,
,,USA_2019,JPW,JPW,JPWdw,JPW dw_UT,JPWdw_UT,Utah Dry Warm JPW,Juniper – Pine Woodland,Dry Warm,Utah,E Utah,"W Colorado""",JPW cop,USA,UT
,,USA_2019,JPW,JPW,JPWwm,JPW wm_CO,JPWwm_CO,Colorado Wet Mild JPW,Juniper – Pine Woodland,Wet Mild,Colorado,S Colorado,JPW srm,USA,CO,
,,USA_2019,JPW,JPW,JPWxh,JPW xh_CA,JPWxh_CA,California Very Dry Hot JPW,Juniper – Pine Woodland,Very Dry Hot,California,S CA,new,USA,CA,
,,USA_2019,JPW,JPW,JPWxw,JPW xw_NV,JPWxw_NV,Nevada Very Dry Warm JPW,Juniper – Pine Woodland,Very Dry Warm,Nevada,CA,NV,W Utah,"S ID""",JPW gbz
,,USA_2019,MDCH,MDCH,MDCHun,MDCHun_NV,MDCHun_NV,Nevada Undifferentiated MDCH,Madrean Chaparral,Undifferentiated,Nevada,Nevada,Utah,"Arizona""",MDCH un,USA
,,USA_2019,MGP,MGP,MGPmw,MGP mw_MT,MGPmw_MT,Montana Moist Warm MGP,Mixed-grass Prairie,Moist Warm,Montana,Montana,"E Wyoming""",MGP un,USA,MT
,,USA_2019,MH,MH_maritime,MHdm,MH  dm_OR,MHdm_OR,Oregon Dry Maritime MH,Mountain Hemlock,Dry Maritime,Oregon,SW Washington & W Oregon,MH  dmz,USA,OR,
,,USA_2019,MH,MH_submaritme,MHds,MH  ds_OR,MHds_OR,Oregon Dry Submaritime MH,Mountain Hemlock,Dry Submaritime,Oregon,W Oregon,MH  dsz,USA,OR,
,,USA_2019,MH,MH_submaritme,MHds,MH  ds_WA,MHds_WA,Washinton Dry Submaritime MH,Mountain Hemlock,Dry Submaritime,Washinton,W Washington,MH  dsz,USA,WA,
,,USA_2019,MH,MH_maritime,MHmm,MH  mm_WA,MHmm_WA,Washington Moist Maritime MH,Mountain Hemlock,Moist Maritime,Washington,NW Washington,MH  mmz,USA,WA,
,,USA_2019,MH,MH_submaritme,MHms,MH  ms_WA,MHms_WA,Washington Moist Submaritime MH,Mountain Hemlock,Moist Submaritime,Washington,NW Washington,MH  msz,USA,WA,
,,USA_2019,MHRF,MHRF,MHRFdm,MHRFdm_OR,MHRFdm_OR,Oregon Dry Maritime MHRF,Mountain Hemlock Cedar – Shasta Red Fir,Dry Maritime,Oregon,SW Oregon,"California""",MHRFmmz,USA,OR
,,USA_2019,MHRF,MHRF,MHRFds,MHRFds_CA,MHRFds_CA,California Dry Submaritime MHRF,Mountain Hemlock Cedar – Shasta Red Fir,Dry Submaritime,California,SW Oregon,"California""",MHRFmsz,USA,CA
,,USA_2019,MHRF,MHRF,MHRFmm,MHRFmm_OR,MHRFmm_OR,Oregon Moist Maritime MHRF,Mountain Hemlock Cedar – Shasta Red Fir,Moist Maritime,Oregon,Oregon,MHRFwmz,USA,OR,
,,USA_2019,MS,MS_meso,MSdh,MS  dh_MT,MSdh_MT,Montana Dry Hot MS,Montane Spruce,Dry Hot,Montana,W Montana,,USA,MT,
,,USA_2019,MS,MS_meso,MSdh,MS  dh_UT,MSdh_UT,Utah Dry Hot MS,Montane Spruce,Dry Hot,Utah,Utah,E Nevada,"NW Colorado""",MS  utz,USA
,,USA_2019,MS,MS_meso,MSdh,MS  dh_WY,MSdh_WY,Wyoming Dry Hot MS,Montane Spruce,Dry Hot,Wyoming,S Idaho,S Montana,"Wyoming""",MS  xxz,USA
,,USA_2019,MS,MS_meso,MSdk,MS  dk_CO,MSdk_CO,Colorado Dry Cool MS,Montane Spruce,Dry Cool,Colorado,C Colorado,"S Wyoming""",MS  cow,USA,CO
,,USA_2019,MS,MS_meso,MSdm,MS  dm_WA,MSdm_WA,Washington Dry Mild MS,Montane Spruce,Dry Mild,Washington,NW & NC Washington,MS  dmz,USA,WA,
,,USA_2019,MS,MS_meso,MSdw,MS  dw_MT,MSdw_MT,Montana Dry Warm MS,Montane Spruce,Dry Warm,Montana,NW Montana,MS  dwz,USA,MT,
,,USA_2019,MS,MS_meso,MSmm,MS  mm_ID,MSmm_ID,Idaho Moist Mild MS,Montane Spruce,Moist Mild,Idaho,C Idaho,"SW Montana""",MS  xmz,USA,ID
,,USA_2019,MS,MS_dry,MSxh,MS  xh_OR,MSxh_OR,Oregon Very Dry Hot MS,Montane Spruce,Very Dry Hot,Oregon,NE Oregon,MS  xcy,USA,OR,
,,USA_2019,MS,MS_dry,MSxk,MS  xk_WA,MSxk_WA,Washington Very Dry Cool MS,Montane Spruce,Very Dry Cool,Washington,NW Washington,MS  xkz,USA,WA,
,,USA_2019,MS,MS_dry,MSxm,MS  xm_CO,MSxm_CO,Colorado Very Dry Mild MS,Montane Spruce,Very Dry Mild,Colorado,C and N Colorado,MS  coa,USA,CO,
,,USA_2019,MS,MS_dry,MSxx,MS  xx_NV,MSxx_NV,Nevada Very Dry Very Hot MS,Montane Spruce,Very Dry Very Hot,Nevada,C Nevada,MS  nvz,USA,CO,
,,USA_2019,MSSD,MSSD,MSSDun,MSSDun_NV,MSSDun_NV,Nevada Undifferentiated MSSD,Mojave – Sonoran Semi-Desert,Undifferentiated,Nevada,E California,"S Nevada""",MSSD un,USA,NV
,,USA_2019,OW,OW,OWun,OW  un_CA,OWun_CA,California Undifferentiated OW,Oak Woodland,Undifferentiated,California,C California,OW  caz,USA,CA,
,,USA_2019,PP,PP,PPmx,PP  mx_WY,PPmx_WY,Wyoming Moist Very Hot PP,Ponderosa Pine,Moist Very Hot,Wyoming,NE Wyoming,PP  wy,USA,WY,
,,USA_2019,PP,PP,PPxh,PP  xh_CO,PPxh_CO,Colorado Very Dry Hot PP,Ponderosa Pine,Very Dry Hot,Colorado,Colorado,PP  coz,USA,CO,
,,USA_2019,PP,PP,PPxh,PP  xh_WA,PPxh_WA,Washington Very Dry Hot PP,Ponderosa Pine,Very Dry Hot,Washington,NE Washington & SW Idaho,PP  xhz,USA,WA,
,,USA_2019,PP,PP,PPxk,PP  xk_OR,PPxk_OR,Oregon Very Dry Cool PP,Ponderosa Pine,Very Dry Cool,Oregon,SC Oregon,PP  pum,USA,OR,
,,USA_2019,PP,PP,PPxm,PP  xm_OR,PPxm_OR,Oregon Very Dry Mild PP,Ponderosa Pine,Very Dry Mild,Oregon,C Oregon to NE CA,PP  orz,USA,OR,
,,USA_2019,PP,PP,PPxw,PP  xw_MT,PPxw_MT,Montana Very Dry Warm PP,Ponderosa Pine,Very Dry Warm,Montana,S Montana,"NE Wyoming""",PP  xxz,USA,MT
,,USA_2019,PP,PP,PPxw,PP  xw_WY,PPxw_WY,Wyoming Very Dry Warm PP,Ponderosa Pine,Very Dry Warm,Wyoming,S Wyoming,,USA,WY,
,,USA_2019,PP,PP,PPxx,PP  xx_OR,PPxx_OR,Oregon Very Dry Very Hot PP,Ponderosa Pine,Very Dry Very Hot,Oregon,SC Washington,"NC Oregon""",PP  xyz,USA,OR
,,USA_2019,SGP,SGP,SGPdm,SGP dm_CO,SGPdm_CO,Colorado Dry Mild SGP,Shortgrass Prairie,Dry Mild,Colorado,Colorado,"SE Wyoming""",SGP un,USA,CO
,,USA_2019,WJP,WJP,WJPxm,WJP xm_OR,WJPxm_OR,Oregon Very Dry Mild WJP,Western Juniper – Pine,Very Dry Mild,Oregon,Oregon,NE California,"SW Idaho""",WJP juz,USA
,,USA_2021,MMM,MMM,MMMdk,MMM dk_NV,MMMdk_NV,Nevada Dry Cool MMM,Montane Mountain Mahogony,Dry Cool,Nevada,C Nevada,,USA,NV,
,,USA_2023,CMX,CMX,CMXmm_OR,CMX mm_OR,CMXmm_OR,Oregon Moist Maritime CMX,Coastal Mixed Evergreen,Moist Maritime,Oregon,SW Oregon and NW California,,USA,OR,
,,USA_2023,CWF,CWF,CWFdm_OR,CWF dm_OR,CWFdm_OR,Dry Maritime CWF,Coastal White Fir,Dry Maritime,,Southern Oregon,"N California""",,USA,OR
,,USA_2023,CWH,CWH_dry/continental,CWHdm_OC,CWH dm_OC,CWHdm_OC,Oregon Coast Dry Maritime Coast CWH,Coastal Western Hemlock,Dry Maritime Coast,Oregon Coast,W Oregon,,USA,OR,
,,USA_2023,CWH,CWH_dry/continental,CWHdm_WC,CWH dm_WC,CWHdm_WC,Washington Coast Dry Maritime Coast CWH,Coastal Western Hemlock,Dry Maritime Coast,Washington Coast,W Washington,"NW Oregon""",,USA,WA
,,USA_2023,CWH,CWH_hypermaritime,CWHwh,CWH wh_OR,CWHwh_OR,Oregon Wet Hypermaritime CWH,Coastal Western Hemlock,Wet Hypermaritime,Oregon,W Oregon,"Washington""",CWH whz,USA,WA
,,USA_2023,ICH,ICH_dry,ICHxh,ICH xh_ID,ICHxh_ID,Idaho Very Dry Hot ICH,Interior Cedar – Hemlock,Very Dry Hot,Idaho,N Idaho,,USA,ID,
,,USA_2023,ICH,ICH_dry,ICHxw,ICH xw_ID,ICHxw_ID,Idaho Very Dry Warm ICH,Interior Cedar – Hemlock,Very Dry Warm,Idaho,N Idaho,,USA,ID,
,,USA_2023,IDF,IDF_hot,IDFxh,IDF xh_OR,IDFxh_OR,Oregon Very Dry Hot IDF,Interior Douglas-fir,Very Dry Hot,Oregon,E Oregon,,USA,OR,
,,USA_2023,IMA,IMA,IMAun,IMA un_ID,IMAun_ID,Idaho Undifferentiated IMA,Interior Mountain-heather Alpine,Undifferentiated,Idaho,Idaho,IMA us,USA,WY,
,,USA_2023,IMA,IMA,IMAun,IMA un_OR,IMAun_OR,Oregon Undifferentiated IMA,Interior Mountain-heather Alpine,Undifferentiated,Oregon,Oregon,IMA us,USA,WY,
,,USA_2023,OW,OW,OWdm_OR,OW  dm_OR,OWdm_OR,Oregon Dry Maritime OW,Oak Woodland,Dry Maritime,Oregon,SW Oregon,"N California""",,USA,OR
,,USA_2023,OW,OW,OWmm_OR,OW  mm_OR,OWmm_OR,Oregon Moist Maritime OW,Oak Woodland,Moist Maritime,Oregon,SW Oregon,,USA,OR,
,,USA_2023,ESSF,ESSF_dry,ESSFdw,ESSFdw_ID,ESSFdw_ID,Idaho Dry Warm ESSF,Engelmann Spruce – Subalpine Fir,Dry Warm,Idaho,,,USA,ID,
,,AB_2018,BSJP,BSJP,BSJPap,BSJPap,BSJPap,Athabasca Plain BSJP,Boreal Spruce and Jack Pine,Athabasca Plain,,NE Alberta,BWSPap,AB,AB,
,,AB_2018,BSJP,BSJP,BSJPku,BSJPku,BSJPku,Kazan Upland BSJP,Boreal Spruce and Jack Pine,Kazan Upland,,NE Alberta,SAWSku,AB,AB,
,,AB_2018,BSJP,BSJP,BSJPpa,BSJPpa,BSJPpa,Peace - Athabasca Delta BSJP,Boreal Spruce and Jack Pine,Peace - Athabasca Delta,,NE Alberta,BWSPpa,AB,AB,
,,AB_2018,BWBS,BWBS_warm,BWBSlf,BWBSlf,BWBSlf,Lower Foothills BWBS,Boreal White and Black Spruce,Lower Foothills,,WC Alberta,SBPAlf,AB,AB,
,,AB_2018,BWBS,BWBS_meso,BWBSnm,BWBSnm,BWBSnm,Northern Mixedwood BWBS,Boreal White and Black Spruce,Northern Mixedwood,,Northern Alberta,BWSPnm,AB,AB,
,,AB_2018,BWBS,BWBS_warm,BWBSpp,BWBSpp,BWBSpp,Peace River Parkland BWBS,Boreal White and Black Spruce,Peace River Parkland,,West Central Alberta,BWSPpp,AB,AB,
,,AB_2018,BWBS,BWBS_cold,BWBSub,BWBSub,BWBSub,Upper Boreal Highlands BWBS,Boreal White and Black Spruce,Upper Boreal Highlands,,West Central Alberta,BWSPup,AB,AB,
,,AB_2018,BWBS,BWBS_warm,BWBSuf,BWBSuf,BWBSuf,Upper Foothills BWBS,Boreal White and Black Spruce,Upper Foothills,,WC Alberta,SBPAuf,AB,AB,
,,AB_2018,ESSF,ESSF_dry,ESSFab,ESSFabC,ESSFabC,Central Alberta ESSF,Engelmann Spruce – Subalpine Fir,Alberta,Central,,ESSFab,AB,AB,
,,AB_2018,ESSF,ESSF_dry,ESSFab,ESSFabE,ESSFabE,Eastern Alberta ESSF,Engelmann Spruce – Subalpine Fir,Alberta,Eastern,,ESSFab,AB,AB,
,,AB_2018,ESSF,ESSF_dry,ESSFab,ESSFabN,ESSFabN,Northern Alberta ESSF,Engelmann Spruce – Subalpine Fir,Alberta,Northern,,ESSFab,AB,AB,
,,AB_2018,ESSF,ESSF_dry,ESSFab,ESSFabS,ESSFabS,Southern Alberta ESSF,Engelmann Spruce – Subalpine Fir,Alberta,Southern,,ESSFab,AB,AB,
,no,AB_2018,FG,FG,FGff,FG  ff,FGff,Foothills FG,Fescue Grassland,Foothills,,SW Alberta,FG  ff,AB,AB,
,no,AB_2018,FG,FG,FGnf,FG  nf,FGnf,Northern FG,Fescue Grassland,Northern,,S Alberta,FG  nf,AB,AB,
,,AB_2018,IMA,IMA,IMAab,IMA  ab,IMAab,Alberta IMA,Interior Mountain-heather Alpine,Alberta,,Alberta Rocky Mountains,AT  ab,AB,AB,
,,AB_2018,MGP,MGP,MGPdm,MGP dm,MGPdm,Dry Mixed Grass MGP,Mixed-grass Prairie,Dry Mixed Grass,,Alberta,FF  dm,USA,MT,
,,AB_2018,MGP,MGP,MGPmg,MGP mg,MGPmg,Mixed Grass MGP,Mixed-grass Prairie,Mixed Grass,,Alberta,FF  mg,USA,MT,
,,AB_2018,SAS,SAS,SASbo,SAS bo,SASbo,Boreal SAS,Sub-arctic Spruce,Boreal,,N Alberta,SAWSbo,AB,AB,
,,AB_2018,SBAP,SBAP,SBAPcp,SBAPcp,SBAPcp,Central Parkland SBAP,Sub-boreal Aspen Parkland,Central Parkland,,E Central Alberta,SBAPcp,AB,AB,No classification. Use edatopic space and ecosites from adjacent Boreal Mixedwood
,,AB_2018,SBAP,SBAP,SBAPfp,SBAPfp,SBAPfp,Foothills Parkland SBAP,Sub-boreal Aspen Parkland,Foothills Parkland,,SW Alberta,SBAPfp,AB,AB,
,,AB_2020,BWBS,BWBS_meso,BWBScm,BWBScm C,BWBScmC,Central Mixedwood BWBS,Boreal White and Black Spruce,Mixedwood,Central,N Alberta,BWSPcm,AB,AB,
,,AB_2020,BWBS,BWBS_meso,BWBScm,BWBScm E,BWBScmE,Eastern Mixedwood BWBS,Boreal White and Black Spruce,Mixedwood,Eastern,N Alberta,BWSPcm,AB,AB,
,,AB_2020,BWBS,BWBS_meso,BWBScm,BWBScm NW,BWBScmNW,Northwestern Mixedwood BWBS,Boreal White and Black Spruce,Mixedwood,Northwestern,N Alberta,BWSPcm,AB,AB,
,,AB_2020,BWBS,BWBS_meso,BWBScm,BWBScm W,BWBScmW,Western Mixedwood BWBS,Boreal White and Black Spruce,Mixedwood,Western,N Alberta,BWSPcm,AB,AB,
,,AB_2020,BWBS,BWBS_meso,BWBSdm,BWBSdm N,BWBSdmN,Northern Dry Mixedwood BWBS,Boreal White and Black Spruce,Dry Mixedwood,Northern,NW Alberta,BWSPdm,AB,AB,
,,AB_2020,BWBS,BWBS_meso,BWBSdm,BWBSdm S,BWBSdmS,Southern Dry Mixedwood BWBS,Boreal White and Black Spruce,Dry Mixedwood,Southern,NW Alberta,BWSPdm,AB,AB,
,,AB_2020,BWBS,BWBS_cold,BWBSlb,BWBSlb E,BWBSlbE,Eastern Lower Boreal Highlands BWBS,Boreal White and Black Spruce,Lower Boreal Highlands,Eastern,W Central Alberta,BWSPlb,AB,AB,
,,AB_2020,BWBS,BWBS_cold,BWBSlb,BWBSlb W,BWBSlbW,Western Lower Boreal Highlands BWBS,Boreal White and Black Spruce,Lower Boreal Highlands,Western,W Central Alberta,BWSPlb,AB,AB,
,,AB_2020,BWBS,BWBS_cold,BWBSlb,BWBSlbN,BWBSlbN,Northern Lower Boreal Highlands BWBS,Boreal White and Black Spruce,Lower Boreal Highlands,Northern,,BWBSlb,AB,AB,
,,AB_2020,MS,MS_meso,MSab,MS  ab N,MSabN,Northern Alberta North MS,Montane Spruce,Alberta North,Northern,SW Alberta,MSFPab,AB,AB,
,,AB_2020,MS,MS_meso,MSab,MS  ab S,MSabS,Southern Alberta South MS,Montane Spruce,Alberta South,Southern,SW Alberta,MSFPab,AB,AB,
